Tanggal,Rekening_Asal,Rekening_Tujuan,Jumlah,Jenis_Belanja,Deskripsi,Is_Anomaly
2023-08-03,ACC_KEMENESDM_020_331,ACC_SOS_027_459,6675326256.17,Belanja Barang,Pengadaan barang operasional,0
2023-04-10,ACC_PPATK_078_872,ACC_POLRI_060_664,16976939289.96,Belanja Bantuan Sosial,Bansos tunai,0
2023-10-21,ACC_BPK_004_386,ACC_ESDM_020_192,18776694218.93,Belanja Pembayaran Bunga Utang,Pembayaran bunga SBN,0
2023-06-10,ACC_BRIN_124_460,ACC_PPATK_078_314,9631823960.7,Belanja Lain-lain,Belanja lainnya sesuai ketentuan,0
2023-02-28,ACC_KEMENAG_025_511,ACC_BPS_054_682,5308406416.34,Belanja Pembayaran Bunga Utang,Pembayaran bunga SBN,0
2023-07-07,ACC_KEU_015_976,ACC_KES_024_783,6954310238.23,Belanja Pegawai,Tunjangan kinerja triwulan,0
2023-02-24,ACC_BPK_004_244,ACC_KEMENDIKBUD_023_832,11859796018.59,Belanja Modal,Pembangunan infrastruktur jalan,0
2023-11-03,ACC_KEU_015_647,ACC_KEMENHUB_022_021,31655456550.3,Belanja Modal,Pengadaan peralatan dan mesin,0
2023-12-12,ACC_BPJS_NA_565,ACC_KEMENESDM_020_898,3878150910.07,Belanja Modal,Pembangunan infrastruktur jalan,0
2023-09-21,ACC_BPS_054_943,ACC_BPK_004_035,38874196098.48,Belanja Pembayaran Bunga Utang,Pembayaran kupon SUN,0
2023-01-02,ACC_KEMENAG_025_390,ACC_POLRI_060_566,19154077198.94,Belanja Lain-lain,Belanja lainnya sesuai ketentuan,0
2023-11-06,ACC_PERT_018_477,ACC_BPJS_NA_703,7554501479.75,Belanja Pembayaran Bunga Utang,Pembayaran kupon SUN,0
2023-09-27,ACC_KEMENDAGRI_010_863,ACC_KEMENDAGRI_010_863,2302664119.87,Belanja Bantuan Sosial,Bansos tunai,1
2023-08-03,ACC_KOMINFO_059_252,ACC_KEMENDAGRI_010_702,7000675730.25,Belanja Barang,Pengadaan barang operasional,0
2023-02-22,ACC_KES_024_792,ACC_KES_024_792,5164295889.21,Belanja Barang,Pengadaan barang operasional,1
2023-07-07,ACC_KEMENHAN_012_380,ACC_KEMENPERIN_019_493,6506770285.25,Belanja Lain-lain,Cadangan risiko fiskal,0
2023-06-12,ACC_PUPR_033_419,ACC_PPATK_078_289,13818493999.77,Belanja Pegawai,Pembayaran THR,0
2023-08-19,ACC_KEMENHUB_022_041,ACC_SOS_027_028,33054512243.47,Belanja Pembayaran Bunga Utang,Pembayaran kupon SUN,0
2023-02-17,ACC_KES_024_503,ACC_KEMENHUB_022_407,3936183233.82,Belanja Bantuan Sosial,Bantuan pangan nontunai,0
2023-10-20,ACC_KEMENESDM_020_099,ACC_KEMENPERIN_019_684,38339743448.19,Belanja Pembayaran Bunga Utang,Pembayaran imbal hasil obligasi,0
2023-04-11,ACC_KEMENAG_025_943,ACC_KOMINFO_059_462,16883335628.13,Belanja Pembayaran Bunga Utang,Pembayaran bunga SBN,0
2023-01-05,ACC_PUPR_033_218,ACC_BRIN_124_503,29357864948.58,Belanja Bantuan Sosial,Bansos tunai,0
2023-01-15,ACC_KEMENDAG_090_858,ACC_KES_024_554,451150411844.68,Belanja Subsidi,Subsidi energi,0
2023-06-28,ACC_SOS_027_575,ACC_KEMENLU_011_864,9397291589.66,Belanja Modal,Pembangunan/rehabilitasi gedung,0
2023-08-10,ACC_KEMENKOPUKM_044_485,ACC_KEMENESDM_020_407,18934141227.75,Belanja Pembayaran Bunga Utang,Pembayaran imbal hasil obligasi,0
2023-05-23,ACC_PERT_018_171,ACC_KEMENHAN_012_541,4416890416.55,Belanja Pembayaran Bunga Utang,Pembayaran imbal hasil obligasi,0
2023-03-27,ACC_KOMINFO_059_796,ACC_BRIN_124_578,12531195405.83,Belanja Barang,Penyewaan jasa kebersihan,0
2023-03-03,ACC_BPJS_NA_953,ACC_BRIN_124_646,13169795754.25,Belanja Pembayaran Bunga Utang,Pembayaran bunga SBN,0
2023-11-27,ACC_KEMENPERIN_019_640,ACC_KEMENESDM_020_506,14082353032.17,Belanja Modal,Pengadaan peralatan dan mesin,0
2023-08-19,ACC_KEMENHUB_022_190,ACC_PPATK_078_225,4210113614.26,Belanja Pegawai,Tunjangan kinerja triwulan,0
2023-07-17,ACC_PERT_018_456,ACC_KEMENKOPUKM_044_411,5652857569.36,Belanja Barang,Belanja pemeliharaan rutin,0
2023-06-14,ACC_POLRI_060_225,ACC_KEMENESDM_020_819,8683945141.11,Belanja Modal,Pembangunan infrastruktur jalan,0
2023-06-09,ACC_BPK_004_608,ACC_BRIN_124_472,9120199956.42,Belanja Barang,Penyewaan jasa kebersihan,0
2023-04-23,ACC_PUPR_033_830,ACC_BPK_004_497,12392394268.7,Belanja Pembayaran Bunga Utang,Pembayaran bunga SBN,0
2023-04-23,ACC_KEMENDAGRI_010_613,ACC_KEMENLU_011_625,25770891578.59,Belanja Barang,Penyewaan jasa kebersihan,0
2023-12-27,ACC_KES_024_113,ACC_KOMINFO_059_002,5147499354.02,Belanja Lain-lain,Cadangan risiko fiskal,1
2023-05-10,ACC_KOMINFO_059_053,ACC_KEMENESDM_020_684,16824655355.15,Belanja Modal,Pengadaan aset TIK,0
2023-07-17,ACC_KEMENLU_011_416,ACC_KEMENESDM_020_247,24977415508.64,Belanja Modal,Pengadaan aset TIK,0
2023-09-12,ACC_ESDM_020_294,ACC_POLRI_060_280,10319124166.7,Belanja Pembayaran Bunga Utang,Pembayaran bunga pinjaman luar negeri,0
2023-04-08,ACC_BPK_004_198,ACC_PPATK_078_982,36424690231.6,Belanja Modal,Pembangunan infrastruktur jalan,0
2023-12-15,ACC_KEMENHUB_022_771,ACC_POLRI_060_660,8876068615.22,Belanja Pembayaran Bunga Utang,Pembayaran kupon SUN,0
2023-12-12,ACC_KEMENAG_025_963,ACC_KEMENLU_011_511,9779865704.75,Belanja Barang,Penyewaan jasa kebersihan,0
2023-05-08,ACC_BPK_004_551,ACC_ESDM_020_338,6911049886.1,Belanja Barang,Belanja internet dan komunikasi,0
2023-09-24,ACC_KEMENPAREKRAF_040_988,ACC_KES_024_953,19213402983.69,Belanja Bantuan Sosial,Transfer bantuan sosial,0
2023-12-12,ACC_SOS_027_624,ACC_ESDM_020_572,15876570888.28,Belanja Pegawai,Tunjangan kinerja triwulan,0
2023-10-31,ACC_BRIN_124_254,ACC_BPS_054_652,6141869296.75,Belanja Barang,Belanja internet dan komunikasi,0
2023-08-21,ACC_KES_024_099,ACC_KEMENLU_011_659,16020551840.34,Belanja Pembayaran Bunga Utang,Pembayaran kupon SUN,0
2023-05-11,ACC_KEMENPERIN_019_404,ACC_KEMENKOPUKM_044_152,25515722720.16,Belanja Subsidi,Subsidi pupuk,0
2023-04-22,ACC_POLRI_060_510,ACC_KEMENHUB_022_473,38858715632.17,Belanja Modal,Pembayaran termin proyek resmi,0
2023-12-15,ACC_BRIN_124_914,ACC_PPATK_078_896,62100240590.89,Belanja Pembayaran Bunga Utang,Subsidi bunga kredit program,1
2023-12-29,ACC_BRIN_124_996,ACC_KEMENHUB_022_161,1936949548.0,Belanja Barang,Penyewaan jasa kebersihan,1
2023-10-04,ACC_KEMENESDM_020_816,ACC_KEMENDAGRI_010_916,6018436837.43,Belanja Pegawai,Gaji pegawai bulan berjalan,0
2023-05-08,ACC_KEMENDAG_090_033,ACC_BPS_054_688,26676814365.81,Belanja Barang,Belanja ATK dan operasional kantor,0
2023-01-22,ACC_KEMENKOPUKM_044_750,ACC_KEU_015_670,17318624182.38,Belanja Pegawai,Honorarium kegiatan resmi,0
2023-10-10,ACC_KEMENDIKBUD_023_027,ACC_PERT_018_226,19921621447.03,Belanja Lain-lain,Belanja lainnya sesuai ketentuan,0
2023-04-07,ACC_KEMENESDM_020_284,ACC_KEMENDAG_090_879,12292852640.18,Belanja Barang,Belanja internet dan komunikasi,0
2023-05-27,ACC_KEMENPERIN_019_516,ACC_KOMINFO_059_547,32371164477.55,Belanja Modal,Pengadaan peralatan dan mesin,0
2023-01-17,ACC_KEMENHAN_012_172,ACC_PERT_018_220,10027109372.48,Belanja Subsidi,Subsidi pupuk,0
2023-08-21,ACC_KEMENDIKBUD_023_037,ACC_KEU_015_280,31890709550.4,Belanja Modal,Pembangunan infrastruktur jalan,0
2023-10-29,ACC_KEMENDAGRI_010_181,ACC_KEMENPAREKRAF_040_607,11387352789.35,Belanja Barang,Pengadaan barang operasional,0
2023-06-10,ACC_SOS_027_256,ACC_KEMENHAN_012_323,7846052981.27,Belanja Lain-lain,Cadangan risiko fiskal,0
2023-10-08,ACC_BPK_004_735,ACC_PUPR_033_566,15532957237.55,Belanja Pegawai,Tunjangan kinerja triwulan,0
2023-10-15,ACC_KEMENAG_025_943,ACC_KES_024_854,9564266916.95,Belanja Pembayaran Bunga Utang,Pembayaran bunga SBN,0
2023-05-07,ACC_PPATK_078_155,ACC_KEMENPAREKRAF_040_490,16189157648.54,Belanja Barang,Pengadaan barang operasional,0
2023-10-26,ACC_KEMENHUB_022_246,ACC_ESDM_020_176,26435079291.76,Belanja Bantuan Sosial,Bansos tunai,0
2023-06-19,ACC_BRIN_124_759,ACC_KEMENPAREKRAF_040_538,37452488034.4,Belanja Pembayaran Bunga Utang,Pembayaran bunga pinjaman luar negeri,0
2023-06-22,ACC_POLRI_060_020,ACC_KEMENDIKBUD_023_321,34476470633.15,Belanja Subsidi,Subsidi pupuk,0
2023-05-22,ACC_BPS_054_972,ACC_KOMINFO_059_883,98334315666.09,Belanja Pegawai,Pembayaran gaji ke-13,0
2023-08-03,ACC_PPATK_078_959,ACC_BPJS_NA_854,8463446792.09,Belanja Barang,Belanja ATK dan operasional kantor,0
2023-07-05,ACC_BPJS_NA_575,ACC_KEMENDAG_090_190,12316762485.9,Belanja Barang,Belanja pemeliharaan rutin,0
2023-06-29,ACC_BRIN_124_682,ACC_KEMENESDM_020_838,10876036679.49,Belanja Barang,Penyewaan jasa kebersihan,0
2023-04-11,ACC_KEMENKOPUKM_044_993,ACC_KEMENDIKBUD_023_264,15377005770.97,Belanja Barang,Belanja pemeliharaan rutin,0
2023-07-15,ACC_SOS_027_774,ACC_BPK_004_877,35564675130.31,Belanja Subsidi,Subsidi energi,0
2023-12-16,ACC_KES_024_047,ACC_KEMENDAGRI_010_867,5972250940.13,Belanja Barang,Pengadaan barang operasional,0
2023-05-25,ACC_KEMENAG_025_120,ACC_KEMENHUB_022_831,4302233697.65,Belanja Pembayaran Bunga Utang,Pembayaran bunga pinjaman luar negeri,0
2023-02-27,ACC_KEMENAG_025_951,ACC_BPK_004_346,22780333885.49,Belanja Modal,Pembayaran termin proyek resmi,0
2023-02-27,ACC_KES_024_634,ACC_BPJS_NA_513,6132746649.5,Belanja Pegawai,Gaji pegawai bulan berjalan,0
2023-04-06,ACC_BPK_004_638,ACC_KES_024_118,74126681931.8,Belanja Modal,Pembayaran termin proyek resmi,0
2023-09-29,ACC_KEMENDAGRI_010_189,ACC_KES_024_999,6972254318.76,Belanja Subsidi,Subsidi pupuk,0
2023-03-10,ACC_BPK_004_790,ACC_POLRI_060_861,33758678533.34,Belanja Pembayaran Bunga Utang,Pembayaran kupon SUN,0
2023-03-27,ACC_KOMINFO_059_697,ACC_KEMENHUB_022_285,10936885207.13,Belanja Modal,Pengadaan peralatan dan mesin,0
2023-03-10,ACC_PPATK_078_047,ACC_KEMENAG_025_094,4521222053.39,Belanja Pegawai,Pembayaran gaji ke-13,0
2023-08-06,ACC_KEMENPAREKRAF_040_474,ACC_BPK_004_432,10878850617.66,Belanja Bantuan Sosial,Bantuan program keluarga harapan,0
2023-04-10,ACC_BPS_054_289,ACC_KOMINFO_059_254,116925768418.04,Belanja Subsidi,Pembayaran subsidi,0
2023-11-21,ACC_SOS_027_100,ACC_BRIN_124_802,72433087611.24,Belanja Modal,Pengadaan aset TIK,0
2023-09-07,ACC_KEMENHAN_012_659,ACC_BPS_054_442,5342187420.91,Belanja Barang,Belanja pemeliharaan rutin,0
2023-01-16,ACC_KEMENKOPUKM_044_792,ACC_PPATK_078_336,92163877220.5,Belanja Modal,Pembayaran termin proyek resmi,0
2023-06-09,ACC_BRIN_124_475,ACC_KEMENESDM_020_852,23723035761.24,Belanja Pembayaran Bunga Utang,Pembayaran bunga SBN,0
2023-06-28,ACC_PUPR_033_427,ACC_KEMENLU_011_613,53890054019.9,Belanja Pembayaran Bunga Utang,Pembayaran imbal hasil obligasi,0
2023-03-06,ACC_SOS_027_417,ACC_BPK_004_168,7465282801.08,Belanja Pembayaran Bunga Utang,Pembayaran bunga pinjaman luar negeri,0
2023-12-03,ACC_KOMINFO_059_090,ACC_KEMENHUB_022_776,13110697112.53,Belanja Lain-lain,Belanja operasi non-rutin,0
2023-03-31,ACC_ESDM_020_418,ACC_BPS_054_115,11924254835.07,Belanja Modal,Pengadaan peralatan dan mesin,0
2023-03-16,ACC_POLRI_060_413,ACC_KEMENKOPUKM_044_376,18664904638.19,Belanja Barang,Belanja ATK dan operasional kantor,0
2023-10-04,ACC_KES_024_761,ACC_KEMENKOPUKM_044_676,11624506829.67,Belanja Subsidi,Subsidi pupuk,0
2023-06-26,ACC_SOS_027_099,ACC_PUPR_033_548,15258097200.78,Belanja Pegawai,Pembayaran gaji ke-13,0
2023-04-06,ACC_KEU_015_664,ACC_KES_024_663,22286772674.19,Belanja Barang,Belanja ATK dan operasional kantor,0
2023-01-13,ACC_PERT_018_279,ACC_BPS_054_217,9247537693.53,Belanja Lain-lain,Belanja operasi non-rutin,0
2023-10-13,ACC_KEMENPAREKRAF_040_273,ACC_KOMINFO_059_881,31370813661.83,Belanja Barang,Belanja pemeliharaan rutin,0
2023-07-06,ACC_PUPR_033_019,ACC_PERT_018_177,12912343162.35,Belanja Modal,Pengadaan aset TIK,0
2023-08-21,ACC_KEU_015_915,ACC_KEMENLU_011_076,17222556614.53,Belanja Pegawai,Honorarium kegiatan resmi,0
2023-02-21,ACC_KEMENKOPUKM_044_851,ACC_KEMENDAG_090_506,15630620175.22,Belanja Barang,Belanja pemeliharaan rutin,0
2023-03-10,ACC_BPJS_NA_099,ACC_PPATK_078_396,21414737922.7,Belanja Pembayaran Bunga Utang,Pembayaran kupon SUN,0
2023-05-31,ACC_ESDM_020_144,ACC_KOMINFO_059_569,32701200000.85,Belanja Barang,Penyewaan jasa kebersihan,0
2023-06-30,ACC_KOMINFO_059_042,ACC_PUPR_033_186,15669744942.48,Belanja Pegawai,Pembayaran gaji ke-13,0
2023-08-03,ACC_PPATK_078_733,ACC_KEMENHUB_022_235,2780757892.85,Belanja Pegawai,Gaji pegawai bulan berjalan,0
2023-08-27,ACC_PPATK_078_588,ACC_KEMENDAGRI_010_009,61315718213.55,Belanja Pembayaran Bunga Utang,Pembayaran bunga SBN,0
2023-01-07,ACC_PUPR_033_174,ACC_KEMENAG_025_653,10347405449.15,Belanja Subsidi,Subsidi pangan,0
2023-10-10,ACC_KEMENDIKBUD_023_634,ACC_PERT_018_194,17241430045.97,Belanja Barang,Pengadaan barang operasional,0
2023-05-25,ACC_KEMENDIKBUD_023_511,ACC_KES_024_327,4087295719.75,Belanja Pegawai,Tunjangan kinerja triwulan,0
2023-05-12,ACC_KES_024_804,ACC_KEMENPERIN_019_070,4020915129.95,Belanja Lain-lain,Belanja lainnya sesuai ketentuan,0
2023-06-16,ACC_BRIN_124_091,ACC_BPK_004_714,3452216776.12,Belanja Pembayaran Bunga Utang,Pembayaran kupon SUN,0
2023-02-08,ACC_SOS_027_126,ACC_KEMENAG_025_451,8420409017.88,Belanja Lain-lain,Belanja tak terduga,0
2023-05-28,ACC_KEMENAG_025_476,ACC_KEMENPERIN_019_456,39939156549.83,Belanja Barang,Pengadaan barang operasional,0
2023-12-27,ACC_KEMENPERIN_019_935,ACC_KES_024_001,3088821854.33,Belanja Pegawai,Pembayaran THR,0
2023-11-08,ACC_BRIN_124_929,ACC_KEMENAG_025_934,12169251623.1,Belanja Pembayaran Bunga Utang,Pembayaran imbal hasil obligasi,0
2023-02-27,ACC_POLRI_060_556,ACC_KOMINFO_059_685,6301356052.48,Belanja Modal,Pembangunan/rehabilitasi gedung,0
2023-08-17,ACC_BPK_004_676,ACC_POLRI_060_227,12598766348.58,Belanja Lain-lain,Belanja operasi non-rutin,0
2023-02-16,ACC_ESDM_020_233,ACC_BRIN_124_305,17913396551.06,Belanja Pembayaran Bunga Utang,Pembayaran imbal hasil obligasi,0
2023-09-16,ACC_KEMENKOPUKM_044_656,ACC_KEMENDAGRI_010_471,80154969795.2,Belanja Pembayaran Bunga Utang,Pembayaran bunga SBN,0
2023-01-12,ACC_KEU_015_330,ACC_KEMENKOPUKM_044_736,6149222341.71,Belanja Pegawai,Pembayaran gaji ke-13,0
2023-01-08,ACC_KEMENAG_025_122,ACC_SOS_027_348,5762647993.92,Belanja Pegawai,Gaji pegawai bulan berjalan,0
2023-05-16,ACC_KEMENHUB_022_698,ACC_KOMINFO_059_316,15064490163.21,Belanja Pembayaran Bunga Utang,Pembayaran imbal hasil obligasi,0
2023-07-31,ACC_ESDM_020_461,ACC_KEMENHAN_012_732,4654523773.08,Belanja Pembayaran Bunga Utang,Pembayaran bunga SBN,0
2023-02-15,ACC_BPK_004_547,ACC_KEMENHAN_012_253,18736391162.34,Belanja Barang,Penyewaan jasa kebersihan,0
2023-01-10,ACC_PERT_018_824,ACC_KEMENKOPUKM_044_798,35023302941.67,Belanja Lain-lain,Cadangan risiko fiskal,0
2023-12-31,ACC_KEMENPERIN_019_005,ACC_KEMENESDM_020_119,3295249595.03,Belanja Bantuan Sosial,Bantuan sosial kebencanaan,0
2023-12-28,ACC_KEU_015_177,ACC_BRIN_124_779,17999539812.03,Belanja Modal,Pembangunan infrastruktur jalan,1
2023-03-04,ACC_KEMENDAG_090_217,ACC_BRIN_124_854,51712785101.66,Belanja Pembayaran Bunga Utang,Pembayaran bunga SBN,0
2023-04-15,ACC_ESDM_020_099,ACC_POLRI_060_511,11611579174.05,Belanja Subsidi,Pembayaran subsidi,0
2023-11-07,ACC_SOS_027_518,ACC_PPATK_078_476,15699615383.44,Belanja Barang,Belanja internet dan komunikasi,0
2023-06-14,ACC_ESDM_020_714,ACC_POLRI_060_458,84888968842.7,Belanja Subsidi,Subsidi bunga kredit program,0
2023-03-26,ACC_KEMENPERIN_019_078,ACC_KOMINFO_059_457,25196395483.86,Belanja Modal,Pembangunan/rehabilitasi gedung,0
2023-10-15,ACC_KOMINFO_059_034,ACC_BRIN_124_348,10474162832.41,Belanja Pegawai,Honorarium kegiatan resmi,0
2023-02-08,ACC_KEMENDIKBUD_023_154,ACC_KEMENPAREKRAF_040_250,20839315000.66,Belanja Barang,Penyewaan jasa kebersihan,0
2023-09-25,ACC_PUPR_033_961,ACC_KES_024_054,19242804349.04,Belanja Pembayaran Bunga Utang,Pembayaran kupon SUN,0
2023-08-10,ACC_POLRI_060_763,ACC_PUPR_033_825,31900387637.63,Belanja Lain-lain,Belanja lainnya sesuai ketentuan,0
2023-08-17,ACC_KEMENDAGRI_010_853,ACC_ESDM_020_910,2859316345.65,Belanja Pembayaran Bunga Utang,Pembayaran imbal hasil obligasi,0
2023-04-13,ACC_PERT_018_422,ACC_PPATK_078_704,11225348325.56,Belanja Pembayaran Bunga Utang,Pembayaran kupon SUN,0
2023-10-13,ACC_KEMENHUB_022_335,ACC_BPJS_NA_859,18389665609.34,Belanja Pegawai,Pembayaran THR,0
2023-11-04,ACC_KEMENHUB_022_249,ACC_KEU_015_166,3392240003.58,Belanja Pegawai,Gaji pegawai bulan berjalan,0
2023-04-16,ACC_KES_024_563,ACC_BPJS_NA_081,15897165024.71,Belanja Modal,Pengadaan peralatan dan mesin,0
2023-05-18,ACC_KEMENHUB_022_184,ACC_PUPR_033_401,15659858677.72,Belanja Lain-lain,Cadangan risiko fiskal,0
2023-02-03,ACC_KEMENAG_025_774,ACC_KEMENHUB_022_053,15668088712.61,Belanja Modal,Pengadaan peralatan dan mesin,0
2023-05-06,ACC_BPS_054_747,ACC_ESDM_020_043,4533294444.95,Belanja Barang,Pengadaan barang operasional,0
2023-12-26,ACC_KEMENDAG_090_900,ACC_KEMENHAN_012_696,18790528417.86,Belanja Barang,Pengadaan barang operasional,0
2023-12-18,ACC_KEMENHAN_012_195,ACC_KOMINFO_059_667,9251912935.6,Belanja Modal,Pengadaan peralatan dan mesin,0
2023-10-04,ACC_BRIN_124_005,ACC_SOS_027_466,12988388078.53,Belanja Pembayaran Bunga Utang,Pembayaran imbal hasil obligasi,0
2023-11-13,ACC_KEMENHUB_022_534,ACC_BPS_054_405,10420387455.63,Belanja Barang,Belanja internet dan komunikasi,0
2023-02-15,ACC_PPATK_078_546,ACC_ESDM_020_945,3953631134.35,Belanja Pembayaran Bunga Utang,Pembayaran bunga pinjaman luar negeri,0
2023-10-28,ACC_PERT_018_923,ACC_BPS_054_073,29579665937.32,Belanja Modal,Pembayaran termin proyek resmi,0
2023-02-25,ACC_PERT_018_350,ACC_PPATK_078_107,31667342450.62,Belanja Pegawai,Honorarium kegiatan resmi,0
2023-03-02,ACC_BPS_054_337,ACC_BRIN_124_026,9380930827.69,Belanja Lain-lain,Belanja tak terduga,0
2023-06-29,ACC_POLRI_060_719,ACC_PERT_018_303,15209796778.79,Belanja Bantuan Sosial,Transfer bantuan sosial,0
2023-08-02,ACC_KEMENLU_011_526,ACC_PUPR_033_474,8449201226.45,Belanja Barang,Belanja pemeliharaan rutin,0
2023-06-03,ACC_BPK_004_526,ACC_KOMINFO_059_699,107704423676.85,Belanja Subsidi,Subsidi pangan,0
2023-01-07,ACC_KEMENHAN_012_003,ACC_KEMENDAG_090_623,17347874902.65,Belanja Barang,Belanja ATK dan operasional kantor,0
2023-01-15,ACC_BPK_004_192,ACC_KEU_015_985,9876584984.44,Belanja Bantuan Sosial,Bansos tunai,0
2023-01-28,ACC_KEMENLU_011_714,ACC_KEMENDAGRI_010_039,48833241359.78,Belanja Subsidi,Subsidi bunga kredit program,0
2023-10-27,ACC_KES_024_537,ACC_POLRI_060_145,9245464843.3,Belanja Barang,Penyewaan jasa kebersihan,0
2023-01-25,ACC_KEMENESDM_020_580,ACC_KEMENDIKBUD_023_394,6818575373.53,Belanja Barang,Belanja pemeliharaan rutin,0
2023-04-21,ACC_BRIN_124_470,ACC_KEMENHUB_022_034,9876492667.01,Belanja Subsidi,Subsidi bunga kredit program,0
2023-08-24,ACC_KEU_015_595,ACC_SOS_027_554,17715270696.25,Belanja Pembayaran Bunga Utang,Pembayaran imbal hasil obligasi,0
2023-08-14,ACC_PERT_018_443,ACC_KEMENAG_025_952,38619082446.17,Belanja Barang,Penyewaan jasa kebersihan,0
2023-08-17,ACC_PUPR_033_377,ACC_SOS_027_289,6882725563.93,Belanja Modal,Pembangunan infrastruktur jalan,0
2023-04-22,ACC_BPS_054_516,ACC_KEMENHAN_012_350,6729359162.39,Belanja Pegawai,Honorarium kegiatan resmi,0
2023-11-14,ACC_BPS_054_350,ACC_KEMENPERIN_019_607,6022754627.41,Belanja Barang,Belanja internet dan komunikasi,0
2023-12-01,ACC_SOS_027_646,ACC_KEMENLU_011_118,15724573593.38,Belanja Pegawai,Pembayaran gaji ke-13,0
2023-03-03,ACC_KOMINFO_059_441,ACC_POLRI_060_194,16092881079.88,Belanja Barang,Pengadaan barang operasional,0
2023-10-27,ACC_BPJS_NA_645,ACC_BPS_054_326,5518744927.71,Belanja Pembayaran Bunga Utang,Pembayaran bunga SBN,0
2023-11-20,ACC_KEMENDIKBUD_023_787,ACC_KEMENHUB_022_724,15753873912.4,Belanja Lain-lain,Belanja tak terduga,0
2023-03-31,ACC_KEMENHAN_012_654,ACC_BPS_054_320,13596858066.09,Belanja Modal,Pembayaran termin proyek resmi,0
2023-05-19,ACC_BRIN_124_511,ACC_KEMENDAGRI_010_868,8106808980.7,Belanja Pegawai,Pembayaran gaji ke-13,0
2023-01-10,ACC_KEMENDAGRI_010_261,ACC_BRIN_124_919,4331994666.48,Belanja Barang,Pengadaan barang operasional,0
2023-01-13,ACC_PPATK_078_168,ACC_KEMENDAG_090_642,42348539530.89,Belanja Pembayaran Bunga Utang,Pembayaran imbal hasil obligasi,0
2023-02-07,ACC_BRIN_124_419,ACC_BPS_054_606,9334616937.97,Belanja Pegawai,Honorarium kegiatan resmi,0
2023-03-10,ACC_KEMENLU_011_318,ACC_BPJS_NA_956,5272175318.85,Belanja Pegawai,Honorarium kegiatan resmi,0
2023-05-17,ACC_KEMENHUB_022_930,ACC_ESDM_020_588,13964749679.85,Belanja Lain-lain,Belanja tak terduga,0
2023-01-01,ACC_BPS_054_296,ACC_BRIN_124_320,12104121490.82,Belanja Modal,Pengadaan aset TIK,0
2023-12-27,ACC_BRIN_124_229,ACC_PPATK_078_270,16327299445.7,Belanja Pembayaran Bunga Utang,Pembayaran bunga pinjaman luar negeri,0
2023-10-18,ACC_KEMENPERIN_019_725,ACC_KEMENAG_025_165,24024897230.61,Belanja Subsidi,Subsidi bunga kredit program,0
2023-05-12,ACC_KEMENLU_011_601,ACC_KEMENHUB_022_749,28149554661.36,Belanja Subsidi,Pembayaran subsidi,0
2023-10-23,ACC_KEMENDAG_090_840,ACC_KOMINFO_059_295,75907441426.48,Belanja Pembayaran Bunga Utang,Pembayaran kupon SUN,0
2023-12-19,ACC_KEMENAG_025_023,ACC_KEMENPERIN_019_575,27164354188.95,Belanja Subsidi,Subsidi bunga kredit program,0
2023-06-02,ACC_KEMENKOPUKM_044_145,ACC_BRIN_124_225,37386975783.01,Belanja Modal,Pengadaan peralatan dan mesin,0
2023-04-14,ACC_KEMENDIKBUD_023_947,ACC_KEMENPAREKRAF_040_039,10794619892.45,Belanja Modal,Pengadaan peralatan dan mesin,0
2023-05-14,ACC_BRIN_124_579,ACC_KES_024_391,10071259186.35,Belanja Pegawai,Honorarium kegiatan resmi,0
2023-04-21,ACC_KEMENDIKBUD_023_669,ACC_BRIN_124_289,9806477703.91,Belanja Subsidi,Subsidi pupuk,0
2023-08-19,ACC_KEMENDAGRI_010_923,ACC_KES_024_420,192930668736.91324,Belanja Pembayaran Bunga Utang,Pembayaran bunga pinjaman luar negeri,1
2023-10-16,ACC_BRIN_124_254,ACC_KEMENDAG_090_196,19229424007.17,Belanja Lain-lain,Belanja tak terduga,0
2023-01-10,ACC_KOMINFO_059_517,ACC_ESDM_020_635,36005101465.38,Belanja Pembayaran Bunga Utang,Pembayaran bunga SBN,0
2023-10-30,ACC_PUPR_033_228,ACC_BPK_004_877,23454581956.0,Belanja Subsidi,Subsidi pangan,0
2023-07-03,ACC_KEMENPERIN_019_015,ACC_KEMENPERIN_019_015,5519732147.39,Belanja Pegawai,Pembayaran THR,1
2023-06-22,ACC_BPS_054_130,ACC_KEMENESDM_020_411,2931992699.51,Belanja Pembayaran Bunga Utang,Pembayaran bunga pinjaman luar negeri,0
2023-08-31,ACC_BPJS_NA_932,ACC_KEMENLU_011_292,13556381489.25,Belanja Pembayaran Bunga Utang,Pembayaran kupon SUN,0
2023-09-11,ACC_KEMENLU_011_842,ACC_BPK_004_872,62834909753.05,Belanja Subsidi,Subsidi energi,0
2023-07-19,ACC_KEMENESDM_020_023,ACC_BPJS_NA_815,22815826840.33,Belanja Pembayaran Bunga Utang,Pembayaran bunga SBN,0
2023-04-14,ACC_SOS_027_958,ACC_BPS_054_210,24781005527.32,Belanja Barang,Belanja ATK dan operasional kantor,0
2023-04-21,ACC_PERT_018_616,ACC_BPJS_NA_828,20606224631.33,Belanja Pembayaran Bunga Utang,Pembayaran kupon SUN,0
2023-10-14,ACC_PUPR_033_378,ACC_KEMENHUB_022_905,41273209791.75,Belanja Pembayaran Bunga Utang,Pengadaan peralatan dan mesin,1
2023-01-29,ACC_SOS_027_462,ACC_KEMENKOPUKM_044_296,33604976904.9,Belanja Modal,Pengadaan peralatan dan mesin,0
2023-07-01,ACC_KEMENKOPUKM_044_983,ACC_BRIN_124_825,7962946188.43,Belanja Bantuan Sosial,Bantuan sosial kebencanaan,0
2023-02-24,ACC_KEMENHUB_022_371,ACC_KEMENPERIN_019_936,10277547823.5,Belanja Barang,Penyewaan jasa kebersihan,0
2023-07-21,ACC_KEMENKOPUKM_044_436,ACC_KEMENPERIN_019_313,47216776432.76,Belanja Pembayaran Bunga Utang,Pembayaran kupon SUN,0
2023-10-18,ACC_KEMENHUB_022_575,ACC_KEMENKOPUKM_044_244,50801822116.37089,Belanja Pegawai,Tunjangan kinerja triwulan,1
2023-07-29,ACC_PPATK_078_475,ACC_KEMENPAREKRAF_040_418,15116977697.52,Belanja Pembayaran Bunga Utang,Pembayaran kupon SUN,0
2023-05-08,ACC_POLRI_060_939,ACC_BPK_004_955,16717100415.47,Belanja Lain-lain,Cadangan risiko fiskal,0
2023-06-29,ACC_KEMENDIKBUD_023_710,ACC_KEMENPAREKRAF_040_501,16121273122.54,Belanja Modal,Pengadaan peralatan dan mesin,0
2023-06-26,ACC_POLRI_060_285,ACC_KEMENKOPUKM_044_063,8898010071.17,Belanja Lain-lain,Belanja lainnya sesuai ketentuan,0
2023-02-18,ACC_BPJS_NA_967,ACC_KEMENDAG_090_849,9079386901.7,Belanja Barang,Belanja ATK dan operasional kantor,0
2023-06-26,ACC_POLRI_060_148,ACC_KEMENDAGRI_010_630,6808401239.59,Belanja Lain-lain,Cadangan risiko fiskal,0
2023-11-23,ACC_KEMENHUB_022_769,ACC_KES_024_736,4504294903.02,Belanja Bantuan Sosial,Bansos tunai,0
2023-08-03,ACC_ESDM_020_435,ACC_BPK_004_891,10655415916.39,Belanja Pegawai,Pembayaran THR,0
2023-11-01,ACC_BPJS_NA_429,ACC_ESDM_020_477,14490738732.08,Belanja Subsidi,Subsidi energi,0
2023-01-19,ACC_KES_024_018,ACC_BPS_054_769,3587500439.48,Belanja Modal,Pengadaan aset TIK,0
2023-04-23,ACC_KEMENDAGRI_010_114,ACC_KEMENHUB_022_222,75675783261.65,Belanja Subsidi,Subsidi pangan,0
2023-11-15,ACC_BPS_054_644,ACC_PUPR_033_897,2759882794.64,Belanja Pembayaran Bunga Utang,Pembayaran bunga pinjaman luar negeri,0
2023-09-23,ACC_BPS_054_458,ACC_BPS_054_458,15698214982.14,Belanja Barang,Belanja internet dan komunikasi,1
2023-03-28,ACC_BPJS_NA_055,ACC_KEU_015_476,15611047774.3,Belanja Pembayaran Bunga Utang,Pembayaran kupon SUN,0
2023-11-09,ACC_KEMENPAREKRAF_040_759,ACC_KEU_015_835,10711099504.91,Belanja Bantuan Sosial,Bantuan pangan nontunai,0
2023-09-12,ACC_KEMENDAG_090_328,ACC_KEMENLU_011_054,29776954943.52,Belanja Barang,Belanja pemeliharaan rutin,0
2023-04-02,ACC_KEMENHUB_022_264,ACC_PPATK_078_418,28522340183.48,Belanja Barang,Belanja internet dan komunikasi,0
2023-03-29,ACC_KEMENPERIN_019_078,ACC_KEMENPERIN_019_078,25331197775.38,Belanja Subsidi,Subsidi pangan,1
2023-06-14,ACC_BPK_004_182,ACC_POLRI_060_469,9854825467.46,Belanja Bantuan Sosial,Bantuan program keluarga harapan,0
2023-11-07,ACC_KEMENPAREKRAF_040_944,ACC_KEU_015_978,49610276796.4,Belanja Modal,Pengadaan aset TIK,0
2023-01-02,ACC_KEMENDAGRI_010_897,ACC_BRIN_124_815,3578224257.2,Belanja Pegawai,Pembayaran THR,0
2023-01-11,ACC_PPATK_078_746,ACC_PERT_018_386,61069650057.84,Belanja Pembayaran Bunga Utang,Pembayaran kupon SUN,0
2023-08-14,ACC_ESDM_020_053,ACC_KEMENPERIN_019_940,33327449512.39,Belanja Barang,Belanja internet dan komunikasi,0
2023-12-08,ACC_KEU_015_364,ACC_KEMENLU_011_280,9094835523.82,Belanja Barang,Belanja internet dan komunikasi,0
2023-08-03,ACC_KEMENAG_025_128,ACC_BRIN_124_736,11558460926.74,Belanja Pegawai,Gaji pegawai bulan berjalan,0
2023-04-25,ACC_KES_024_209,ACC_KEMENESDM_020_526,20238270179.64,Belanja Modal,Pengadaan aset TIK,0
2023-07-20,ACC_ESDM_020_758,ACC_KEMENKOPUKM_044_278,10610688534.74,Belanja Subsidi,Subsidi energi,0
2023-01-04,ACC_PUPR_033_666,ACC_POLRI_060_442,48103194172.88,Belanja Bantuan Sosial,Bantuan program keluarga harapan,0
2023-11-22,ACC_KEMENDAGRI_010_146,ACC_KOMINFO_059_128,23309286649.17,Belanja Lain-lain,Belanja operasi non-rutin,0
2023-12-22,ACC_KEMENDAGRI_010_041,ACC_KEMENLU_011_934,19444988724.33,Belanja Pegawai,Honorarium kegiatan resmi,0
2023-03-17,ACC_BPS_054_599,ACC_POLRI_060_629,9349714114.52,Belanja Pegawai,Gaji pegawai bulan berjalan,0
2023-01-27,ACC_KEMENPAREKRAF_040_825,ACC_KEU_015_287,2074675809.84,Belanja Pegawai,Pembayaran gaji ke-13,0
2023-11-05,ACC_PUPR_033_455,ACC_KEMENHAN_012_906,48094167847.39,Belanja Bantuan Sosial,Bansos tunai,0
2023-07-09,ACC_KEMENESDM_020_634,ACC_KES_024_558,32332742217.54,Belanja Lain-lain,Belanja lainnya sesuai ketentuan,0
2023-11-03,ACC_KEU_015_693,ACC_BPK_004_292,13294222938.47,Belanja Pegawai,Tunjangan kinerja triwulan,0
2023-01-29,ACC_KEU_015_149,ACC_KEMENPERIN_019_779,11286019317.91,Belanja Subsidi,Subsidi energi,0
2023-10-22,ACC_BPK_004_744,ACC_ESDM_020_227,37175595343.71,Belanja Barang,Belanja pemeliharaan rutin,0
2023-02-24,ACC_BRIN_124_623,ACC_SOS_027_664,5801344556.94,Belanja Lain-lain,Belanja tak terduga,0
2023-02-05,ACC_KEMENKOPUKM_044_751,ACC_BPJS_NA_148,5905497619.24,Belanja Lain-lain,Cadangan risiko fiskal,0
2023-09-01,ACC_KEMENHAN_012_491,ACC_PERT_018_849,14833974001.73,Belanja Pegawai,Pembayaran gaji ke-13,0
2023-06-03,ACC_KEMENPERIN_019_450,ACC_PPATK_078_501,5078867898.82,Belanja Modal,Pembayaran termin proyek resmi,0
2023-10-23,ACC_PERT_018_017,ACC_KEMENDAG_090_641,29012294927.12,Belanja Barang,Pengadaan barang operasional,0
2023-02-08,ACC_KEMENAG_025_803,ACC_KEU_015_131,11883614480.06,Belanja Modal,Pembangunan/rehabilitasi gedung,0
2023-04-18,ACC_KEMENAG_025_172,ACC_BRIN_124_435,28910455099.7,Belanja Pegawai,Pembayaran THR,0
2023-02-13,ACC_KEMENLU_011_955,ACC_BPJS_NA_817,4232222686.45,Belanja Barang,Belanja ATK dan operasional kantor,0
2023-11-26,ACC_KES_024_569,ACC_KEMENAG_025_823,19360120086.1,Belanja Pegawai,Tunjangan kinerja triwulan,0
2023-03-22,ACC_SOS_027_727,ACC_BPJS_NA_485,28814209178.29,Belanja Pembayaran Bunga Utang,Pembayaran imbal hasil obligasi,0
2023-07-17,ACC_BRIN_124_200,ACC_KEMENPERIN_019_537,43686454205.16,Belanja Pembayaran Bunga Utang,Pembayaran bunga SBN,0
2023-12-31,ACC_KEMENAG_025_538,ACC_PUPR_033_047,27802495523.91,Belanja Lain-lain,Cadangan risiko fiskal,0
2023-01-16,ACC_KEMENHUB_022_711,ACC_BPS_054_401,18063977127.89,Belanja Pegawai,Honorarium kegiatan resmi,0
2023-09-27,ACC_KES_024_335,ACC_KEMENDIKBUD_023_629,15923961761.72,Belanja Pegawai,Honorarium kegiatan resmi,0
2023-06-25,ACC_KEU_015_840,ACC_BPS_054_498,24463863067.75,Belanja Subsidi,Subsidi pangan,0
2023-04-13,ACC_SOS_027_273,ACC_BPS_054_526,33189742124.7,Belanja Modal,Pembangunan/rehabilitasi gedung,0
2023-04-18,ACC_KEMENESDM_020_188,ACC_KEMENKOPUKM_044_813,279121908379.7569,Belanja Pembayaran Bunga Utang,Pembayaran bunga pinjaman luar negeri,1
2023-07-02,ACC_BPS_054_983,ACC_PERT_018_364,5213457370.79,Belanja Pegawai,Pembayaran gaji ke-13,0
2023-01-04,ACC_KEMENESDM_020_349,ACC_POLRI_060_982,43435754724.8,Belanja Pembayaran Bunga Utang,Pembayaran kupon SUN,0
2023-04-18,ACC_KEMENKOPUKM_044_894,ACC_BPS_054_450,26686816514.77,Belanja Barang,Belanja internet dan komunikasi,0
2023-06-19,ACC_POLRI_060_546,ACC_KEMENDAGRI_010_414,11548476070.22,Belanja Pegawai,Tunjangan kinerja triwulan,0
2023-04-06,ACC_KES_024_739,ACC_POLRI_060_891,7494240267.49,Belanja Pegawai,Pembayaran THR,0
2023-01-29,ACC_BPK_004_958,ACC_KEMENKOPUKM_044_477,4694068058.66,Belanja Lain-lain,Belanja operasi non-rutin,0
2023-08-24,ACC_KEMENDAGRI_010_239,ACC_KEU_015_377,46309955009.93,Belanja Pegawai,Pembayaran THR,0
2023-12-25,ACC_KEMENDAGRI_010_340,ACC_PERT_018_389,12078177517.77,Belanja Subsidi,Subsidi pangan,0
2023-06-07,ACC_KOMINFO_059_324,ACC_KEMENHAN_012_146,21515132885.06,Belanja Subsidi,Subsidi bunga kredit program,0
2023-06-02,ACC_KEMENDAGRI_010_432,ACC_POLRI_060_705,103687305156.53477,Belanja Barang,Belanja internet dan komunikasi,1
2023-07-06,ACC_BPJS_NA_805,ACC_POLRI_060_061,5525162967.63,Belanja Lain-lain,Belanja lainnya sesuai ketentuan,0
2023-07-17,ACC_KEMENDIKBUD_023_807,ACC_KOMINFO_059_440,11990892132.01,Belanja Barang,Pengadaan barang operasional,0
2023-08-14,ACC_BPK_004_153,ACC_PPATK_078_711,25584031036.72,Belanja Bantuan Sosial,Bantuan program keluarga harapan,0
2023-02-28,ACC_KEMENPAREKRAF_040_584,ACC_KEMENHUB_022_660,12454263882.67,Belanja Lain-lain,Belanja tak terduga,0
2023-11-26,ACC_BPJS_NA_107,ACC_KEMENPAREKRAF_040_226,21568774403.2,Belanja Bantuan Sosial,Bantuan program keluarga harapan,0
2023-08-29,ACC_KEMENKOPUKM_044_506,ACC_KEU_015_259,13115183154.83,Belanja Modal,Pembayaran termin proyek resmi,0
2023-08-03,ACC_KEMENDAG_090_689,ACC_BPK_004_521,34483457998.33,Belanja Subsidi,Subsidi pangan,0
2023-08-29,ACC_BPJS_NA_573,ACC_BPK_004_891,24845124518.11,Belanja Lain-lain,Cadangan risiko fiskal,0
2023-08-04,ACC_BRIN_124_003,ACC_KEMENAG_025_160,37094153401.24,Belanja Modal,Pembangunan/rehabilitasi gedung,0
2023-09-26,ACC_KEMENPAREKRAF_040_120,ACC_KEMENHUB_022_893,45402125169.82,Belanja Modal,Pembangunan infrastruktur jalan,0
2023-04-08,ACC_KEMENHAN_012_267,ACC_BPS_054_617,52456686182.65,Belanja Pembayaran Bunga Utang,Pembayaran imbal hasil obligasi,0
2023-05-03,ACC_KEMENHAN_012_988,ACC_BPJS_NA_541,82552652470.19,Belanja Modal,Pengadaan aset TIK,0
2023-09-18,ACC_POLRI_060_395,ACC_KEMENDAG_090_955,20318533407.65,Belanja Bantuan Sosial,Bantuan pangan nontunai,0
2023-05-04,ACC_BPK_004_975,ACC_SOS_027_038,31039510362.53,Belanja Barang,Belanja ATK dan operasional kantor,0
2023-02-06,ACC_KEMENDAGRI_010_316,ACC_SOS_027_688,14204307760.85,Belanja Barang,Belanja internet dan komunikasi,0
2023-03-22,ACC_BPJS_NA_114,ACC_PERT_018_040,62360038870.65,Belanja Pembayaran Bunga Utang,Pembayaran bunga pinjaman luar negeri,0
2023-11-19,ACC_KOMINFO_059_568,ACC_PPATK_078_040,27186756946.92,Belanja Bantuan Sosial,Bantuan program keluarga harapan,0
2023-12-13,ACC_POLRI_060_973,ACC_PPATK_078_749,18207987071.36,Belanja Pembayaran Bunga Utang,Pembayaran imbal hasil obligasi,0
2023-04-02,ACC_SOS_027_353,ACC_KOMINFO_059_571,58453128195.16,Belanja Subsidi,Subsidi bunga kredit program,0
2023-06-18,ACC_BPK_004_781,ACC_KEMENHAN_012_363,13840905453.82,Belanja Bantuan Sosial,Bansos tunai,0
2023-05-13,ACC_KEMENDAG_090_747,ACC_KEU_015_557,7590864972.7,Belanja Barang,Belanja internet dan komunikasi,0
2023-01-31,ACC_ESDM_020_535,ACC_POLRI_060_426,21162467467.61,Belanja Bantuan Sosial,Transfer bantuan sosial,0
2023-03-23,ACC_PUPR_033_356,ACC_KEMENHUB_022_258,20098386595.42,Belanja Pegawai,Honorarium kegiatan resmi,0
2023-01-12,ACC_BPJS_NA_295,ACC_ESDM_020_962,6842722140.79,Belanja Bantuan Sosial,Bantuan program keluarga harapan,0
2023-01-17,ACC_SOS_027_360,ACC_KEU_015_223,16618283595.65,Belanja Barang,Belanja internet dan komunikasi,0
2023-12-10,ACC_KEMENDAG_090_365,ACC_KEMENPAREKRAF_040_675,15017853801.76,Belanja Barang,Belanja pemeliharaan rutin,0
2023-03-01,ACC_KEMENKOPUKM_044_335,ACC_KEMENDAGRI_010_222,19857198979.61,Belanja Pegawai,Tunjangan kinerja triwulan,0
2023-10-05,ACC_PUPR_033_196,ACC_POLRI_060_916,17531804168.04,Belanja Subsidi,Subsidi pangan,0
2023-01-17,ACC_SOS_027_524,ACC_KES_024_918,15584447892.14,Belanja Pembayaran Bunga Utang,Pembayaran kupon SUN,0
2023-07-12,ACC_KEMENPAREKRAF_040_022,ACC_KES_024_474,13376080662.82,Belanja Pembayaran Bunga Utang,Pembayaran bunga SBN,0
2023-09-08,ACC_ESDM_020_227,ACC_KEMENAG_025_948,6853814166.51,Belanja Pegawai,Honorarium kegiatan resmi,0
2023-01-07,ACC_KES_024_029,ACC_BPK_004_907,121080824377.56,Belanja Subsidi,Pembayaran subsidi,0
2023-02-27,ACC_KEMENHUB_022_983,ACC_BPS_054_538,60320888754.67,Belanja Subsidi,Subsidi pupuk,0
2023-08-14,ACC_KEMENPERIN_019_285,ACC_BPK_004_516,7407950155.91,Belanja Pegawai,Pembayaran gaji ke-13,0
2023-10-12,ACC_KEMENLU_011_157,ACC_KEMENKOPUKM_044_075,7336329580.92,Belanja Modal,Pengadaan aset TIK,0
2023-05-10,ACC_KEMENDAG_090_687,ACC_KEMENAG_025_974,12836798613.56,Belanja Barang,Belanja pemeliharaan rutin,0
2023-12-23,ACC_KEMENDAG_090_955,ACC_KEMENAG_025_084,19654814756.69,Belanja Barang,Belanja internet dan komunikasi,0
2023-09-14,ACC_PUPR_033_570,ACC_KEMENPERIN_019_892,23840368382.32,Belanja Modal,Pembayaran termin proyek resmi,0
2023-10-08,ACC_KOMINFO_059_792,ACC_KEMENESDM_020_524,10745237945.16,Belanja Subsidi,Subsidi energi,0
2023-07-27,ACC_POLRI_060_539,ACC_BRIN_124_584,27795302723.75,Belanja Pembayaran Bunga Utang,Pembayaran bunga SBN,0
2023-02-19,ACC_PERT_018_199,ACC_BPK_004_387,8859947734.27,Belanja Pegawai,Tunjangan kinerja triwulan,0
2023-06-30,ACC_KEMENHUB_022_536,ACC_KES_024_828,7454044697.06,Belanja Subsidi,Subsidi energi,0
2023-08-10,ACC_KEU_015_206,ACC_BPS_054_455,9617613348.54,Belanja Lain-lain,Belanja operasi non-rutin,0
2023-12-31,ACC_BPJS_NA_852,ACC_KEMENPERIN_019_740,4357808792.24,Belanja Pegawai,Pembayaran THR,1
2023-08-02,ACC_KEMENDAG_090_501,ACC_PUPR_033_117,11881844055.54,Belanja Pembayaran Bunga Utang,Pembayaran bunga pinjaman luar negeri,0
2023-03-13,ACC_KEMENDAG_090_395,ACC_BPJS_NA_064,12828386482.59,Belanja Pembayaran Bunga Utang,Pembayaran imbal hasil obligasi,0
2023-04-05,ACC_BPJS_NA_166,ACC_KEMENKOPUKM_044_544,13665700872.24,Belanja Modal,Pembayaran termin proyek resmi,0
2023-08-05,ACC_BRIN_124_801,ACC_BPK_004_102,3254434846.81,Belanja Pembayaran Bunga Utang,Pembayaran imbal hasil obligasi,0
2023-02-10,ACC_KEMENESDM_020_401,ACC_KEMENAG_025_588,20793237954.8,Belanja Lain-lain,Belanja tak terduga,0
2023-06-09,ACC_BPS_054_463,ACC_SOS_027_592,19471340067.68,Belanja Lain-lain,Belanja tak terduga,0
2023-08-30,ACC_KEMENESDM_020_865,ACC_ESDM_020_002,12050880135.97,Belanja Modal,Pembangunan/rehabilitasi gedung,0
2023-08-21,ACC_ESDM_020_973,ACC_KES_024_926,7958100317.02,Belanja Pembayaran Bunga Utang,Pembayaran bunga SBN,0
2023-07-13,ACC_PERT_018_166,ACC_KEMENDAG_090_871,8752391547.89,Belanja Pegawai,Pembayaran gaji ke-13,0
2023-05-02,ACC_PPATK_078_143,ACC_KEMENAG_025_994,8709550682.27,Belanja Barang,Penyewaan jasa kebersihan,0
2023-11-13,ACC_KEMENKOPUKM_044_963,ACC_SOS_027_635,12035598546.27,Belanja Pegawai,Pembayaran THR,0
2023-09-19,ACC_BPJS_NA_073,ACC_KEMENDAG_090_359,65104827546.65573,Belanja Pegawai,Pembayaran THR,1
2023-11-24,ACC_POLRI_060_690,ACC_KEMENDIKBUD_023_860,23037103080.85,Belanja Pembayaran Bunga Utang,Pembayaran kupon SUN,0
2023-12-27,ACC_KEMENKOPUKM_044_111,ACC_KES_024_251,18578326172.35,Belanja Subsidi,Subsidi pupuk,1
2023-11-10,ACC_PUPR_033_022,ACC_BPS_054_410,33044713133.4,Belanja Modal,Pembangunan/rehabilitasi gedung,0
2023-05-07,ACC_KEMENPERIN_019_809,ACC_POLRI_060_700,95389602308.38,Belanja Modal,Pembayaran termin proyek resmi,0
2023-10-28,ACC_KES_024_243,ACC_BPK_004_122,12066800965.03,Belanja Subsidi,Subsidi pupuk,0
2023-08-26,ACC_KEMENAG_025_356,ACC_KEU_015_685,10360640706.91,Belanja Barang,Penyewaan jasa kebersihan,0
2023-11-03,ACC_KEMENAG_025_812,ACC_PUPR_033_594,14124997383.06,Belanja Pegawai,Tunjangan kinerja triwulan,0
2023-07-30,ACC_KEMENPAREKRAF_040_662,ACC_KEMENDIKBUD_023_549,19188839338.65,Belanja Pegawai,Pembayaran THR,0
2023-07-21,ACC_POLRI_060_755,ACC_PERT_018_035,11060017714.56,Belanja Lain-lain,Belanja operasi non-rutin,0
2023-07-26,ACC_KEMENESDM_020_353,ACC_KEMENPAREKRAF_040_903,15811793596.59,Belanja Barang,Pengadaan barang operasional,0
2023-01-24,ACC_KEMENPAREKRAF_040_404,ACC_KEMENHAN_012_805,27007447495.55,Belanja Modal,Pengadaan aset TIK,0
2023-12-30,ACC_KEMENDAGRI_010_382,ACC_BRIN_124_532,22868749338.18,Belanja Barang,Pengadaan barang operasional,0
2023-04-15,ACC_PERT_018_420,ACC_KEMENDAGRI_010_250,42037788160.36,Belanja Modal,Pengadaan aset TIK,0
2023-08-16,ACC_BPJS_NA_578,ACC_KEMENPAREKRAF_040_335,307454069020.38,Belanja Subsidi,Subsidi bunga kredit program,0
2023-07-05,ACC_BRIN_124_246,ACC_KEMENLU_011_637,3433800161.43,Belanja Lain-lain,Belanja lainnya sesuai ketentuan,0
2023-08-25,ACC_KEMENKOPUKM_044_530,ACC_KES_024_552,9735668107.21,Belanja Barang,Penyewaan jasa kebersihan,0
2023-04-10,ACC_POLRI_060_752,ACC_KEMENDAGRI_010_478,23954976683.09,Belanja Bantuan Sosial,Transfer bantuan sosial,0
2023-01-14,ACC_KEMENLU_011_334,ACC_KEMENDIKBUD_023_002,6336720688.55,Belanja Pegawai,Gaji pegawai bulan berjalan,0
2023-11-14,ACC_BRIN_124_502,ACC_KEMENHUB_022_828,9596531397.83,Belanja Pegawai,Pembayaran THR,0
2023-01-14,ACC_BPS_054_504,ACC_PUPR_033_231,50144928288.74,Belanja Modal,Pengadaan peralatan dan mesin,0
2023-12-11,ACC_KEMENDIKBUD_023_028,ACC_KEMENHAN_012_066,6474274334.28,Belanja Barang,Belanja internet dan komunikasi,0
2023-09-18,ACC_KEMENPAREKRAF_040_449,ACC_KEMENESDM_020_424,16981301667.53,Belanja Bantuan Sosial,Bantuan program keluarga harapan,0
2023-10-14,ACC_PUPR_033_395,ACC_PUPR_033_395,6634842455.53,Belanja Pembayaran Bunga Utang,Pembayaran imbal hasil obligasi,1
2023-09-27,ACC_KEMENHUB_022_592,ACC_ESDM_020_970,6994732502.27,Belanja Pegawai,Honorarium kegiatan resmi,0
2023-05-13,ACC_KEMENKOPUKM_044_276,ACC_BPJS_NA_776,9651715914.04,Belanja Modal,Pengadaan aset TIK,0
2023-01-01,ACC_SOS_027_313,ACC_KEU_015_576,23894121262.69,Belanja Pembayaran Bunga Utang,Pembayaran bunga pinjaman luar negeri,0
2023-06-24,ACC_BPJS_NA_997,ACC_PERT_018_204,38858021334.61,Belanja Barang,Bansos tunai,1
2023-04-30,ACC_KEMENHUB_022_556,ACC_KEU_015_824,5431956802.11,Belanja Modal,Pembangunan infrastruktur jalan,0
2023-11-30,ACC_BPS_054_642,ACC_KES_024_969,14359593274.25,Belanja Pembayaran Bunga Utang,Pembayaran bunga pinjaman luar negeri,0
2023-01-20,ACC_SOS_027_282,ACC_KEMENKOPUKM_044_797,23162683037.75,Belanja Pembayaran Bunga Utang,Pembayaran bunga SBN,0
2023-02-28,ACC_KEMENESDM_020_837,ACC_ESDM_020_161,11473327868.94,Belanja Pembayaran Bunga Utang,Pembayaran kupon SUN,0
2023-07-25,ACC_BPJS_NA_012,ACC_KEMENDAG_090_490,12773124700.85,Belanja Modal,Pembangunan infrastruktur jalan,0
2023-05-06,ACC_BPJS_NA_994,ACC_POLRI_060_217,95018267579.25,Belanja Modal,Pengadaan aset TIK,0
2023-07-04,ACC_KEMENPAREKRAF_040_039,ACC_BPK_004_223,15295205715.82,Belanja Pembayaran Bunga Utang,Pembayaran kupon SUN,0
2023-10-21,ACC_KEMENHUB_022_852,ACC_ESDM_020_151,3292492919.31,Belanja Barang,Belanja pemeliharaan rutin,0
2023-10-28,ACC_KOMINFO_059_308,ACC_KEMENPERIN_019_336,11617705603.08,Belanja Pegawai,Pembayaran gaji ke-13,0
2023-12-07,ACC_PPATK_078_129,ACC_ESDM_020_776,6448549547.57,Belanja Lain-lain,Belanja lainnya sesuai ketentuan,0
2023-12-24,ACC_POLRI_060_517,ACC_BPS_054_495,13197012141.16,Belanja Pegawai,Honorarium kegiatan resmi,0
2023-08-06,ACC_KEMENDIKBUD_023_427,ACC_POLRI_060_970,16424511151.58,Belanja Pegawai,Gaji pegawai bulan berjalan,0
2023-05-25,ACC_KEMENDAG_090_538,ACC_PPATK_078_648,13120072321.85,Belanja Pegawai,Honorarium kegiatan resmi,0
2023-12-11,ACC_KEMENAG_025_814,ACC_BRIN_124_964,9536307106.62,Belanja Bantuan Sosial,Bantuan program keluarga harapan,0
2023-05-27,ACC_ESDM_020_287,ACC_KEMENKOPUKM_044_976,21586226750.77,Belanja Pembayaran Bunga Utang,Pembayaran kupon SUN,0
2023-08-08,ACC_KEMENHAN_012_962,ACC_KEMENDAGRI_010_704,46154780605.32,Belanja Subsidi,Subsidi pupuk,0
2023-03-14,ACC_KEMENHUB_022_161,ACC_KEMENLU_011_681,28961222324.07,Belanja Pegawai,Pembayaran THR,0
2023-06-08,ACC_KEMENDAGRI_010_489,ACC_KOMINFO_059_971,8521385189.93,Belanja Lain-lain,Belanja tak terduga,0
2023-04-12,ACC_KEMENAG_025_494,ACC_KEMENLU_011_644,15513132894.16,Belanja Bantuan Sosial,Bansos tunai,0
2023-10-06,ACC_BPS_054_851,ACC_PUPR_033_365,26975099829.38,Belanja Pembayaran Bunga Utang,Pembayaran imbal hasil obligasi,0
2023-12-10,ACC_PPATK_078_822,ACC_KEMENPAREKRAF_040_455,40763604271.81,Belanja Subsidi,Belanja tak terduga,1
2023-07-18,ACC_KEMENLU_011_143,ACC_BRIN_124_917,5047883825.04,Belanja Pegawai,Tunjangan kinerja triwulan,0
2023-04-03,ACC_KEMENPAREKRAF_040_473,ACC_PUPR_033_417,6200893886.98,Belanja Modal,Pengadaan peralatan dan mesin,0
2023-09-24,ACC_KEMENDIKBUD_023_867,ACC_KEMENAG_025_968,5879856968.33,Belanja Barang,Penyewaan jasa kebersihan,0
2023-11-26,ACC_SOS_027_962,ACC_KEMENKOPUKM_044_942,11658696578.47,Belanja Pembayaran Bunga Utang,Pembayaran bunga SBN,0
2023-04-27,ACC_KEMENDIKBUD_023_221,ACC_KEMENKOPUKM_044_154,32286579853.27,Belanja Modal,Pembayaran termin proyek resmi,0
2023-05-13,ACC_PPATK_078_994,ACC_ESDM_020_304,10092323105.97,Belanja Pegawai,Pembayaran THR,0
2023-12-09,ACC_KEMENESDM_020_326,ACC_ESDM_020_814,90628385430.24,Belanja Pembayaran Bunga Utang,Pembayaran bunga SBN,0
2023-01-21,ACC_KEMENPAREKRAF_040_407,ACC_POLRI_060_619,41652876193.59,Belanja Subsidi,Subsidi bunga kredit program,0
2023-10-08,ACC_KEMENPERIN_019_804,ACC_BPJS_NA_715,15364986499.44,Belanja Pegawai,Pembayaran THR,0
2023-11-20,ACC_KEMENESDM_020_789,ACC_KES_024_141,24573958931.57,Belanja Modal,Pembangunan/rehabilitasi gedung,0
2023-02-21,ACC_BRIN_124_494,ACC_KEMENHUB_022_539,14198745195.91,Belanja Barang,Belanja pemeliharaan rutin,0
2023-06-05,ACC_KEMENDAGRI_010_291,ACC_KEMENESDM_020_648,5537208178.73,Belanja Lain-lain,Belanja operasi non-rutin,0
2023-03-18,ACC_KEMENHUB_022_644,ACC_PUPR_033_090,41967539770.6,Belanja Barang,Belanja internet dan komunikasi,0
2023-09-20,ACC_KES_024_351,ACC_BPK_004_108,15496033323.49,Belanja Pegawai,Honorarium kegiatan resmi,0
2023-11-08,ACC_BPK_004_241,ACC_PPATK_078_938,29509435614.76,Belanja Pegawai,Gaji pegawai bulan berjalan,0
2023-02-05,ACC_BPS_054_084,ACC_SOS_027_452,16985024860.31,Belanja Barang,Pengadaan barang operasional,0
2023-06-22,ACC_KEMENKOPUKM_044_362,ACC_PERT_018_559,7387256409.83,Belanja Pegawai,Honorarium kegiatan resmi,0
2023-04-28,ACC_KEU_015_277,ACC_PUPR_033_726,24127855168.43,Belanja Lain-lain,Cadangan risiko fiskal,0
2023-05-01,ACC_PUPR_033_637,ACC_KEMENDAG_090_682,26635296281.35,Belanja Pembayaran Bunga Utang,Pembayaran imbal hasil obligasi,0
2023-07-27,ACC_KEMENHAN_012_049,ACC_BPS_054_154,24269293517.94,Belanja Lain-lain,Belanja tak terduga,0
2023-04-10,ACC_BPK_004_060,ACC_KEMENDIKBUD_023_167,30741991218.29,Belanja Barang,Belanja pemeliharaan rutin,0
2023-05-26,ACC_KEMENAG_025_915,ACC_BRIN_124_676,9371475101.08,Belanja Pembayaran Bunga Utang,Pembayaran bunga pinjaman luar negeri,0
2023-02-18,ACC_PERT_018_483,ACC_KES_024_108,4910904973.16,Belanja Pegawai,Pembayaran gaji ke-13,0
2023-04-29,ACC_KEMENLU_011_661,ACC_KEMENPERIN_019_977,10766927784.18,Belanja Bantuan Sosial,Bansos tunai,0
2023-06-09,ACC_KEMENPAREKRAF_040_523,ACC_KEMENAG_025_650,5148437011.72,Belanja Pegawai,Tunjangan kinerja triwulan,0
2023-03-18,ACC_BPK_004_509,ACC_KEMENKOPUKM_044_441,8659883939.49,Belanja Barang,Penyewaan jasa kebersihan,0
2023-05-05,ACC_KEMENKOPUKM_044_167,ACC_POLRI_060_937,10317015357.48,Belanja Modal,Pembayaran termin proyek resmi,0
2023-10-07,ACC_KEMENKOPUKM_044_700,ACC_KEMENDAG_090_302,55930839964.78,Belanja Pembayaran Bunga Utang,Pembayaran bunga pinjaman luar negeri,0
2023-06-16,ACC_KES_024_621,ACC_KEMENKOPUKM_044_036,13709979667.96,Belanja Pegawai,Honorarium kegiatan resmi,0
2023-12-19,ACC_KEMENAG_025_676,ACC_KEMENDAG_090_899,25887808327.37,Belanja Pegawai,Pembayaran THR,0
2023-07-15,ACC_BPJS_NA_781,ACC_POLRI_060_561,6215217712.14,Belanja Modal,Pengadaan aset TIK,0
2023-01-05,ACC_KEMENDAG_090_428,ACC_KOMINFO_059_539,4947804413.7,Belanja Bantuan Sosial,Bantuan program keluarga harapan,0
2023-03-08,ACC_KEMENPAREKRAF_040_812,ACC_SOS_027_381,27622704499.25,Belanja Pembayaran Bunga Utang,Pembayaran bunga pinjaman luar negeri,0
2023-12-08,ACC_KEMENLU_011_838,ACC_KEMENAG_025_130,5648790132.66,Belanja Modal,Pembangunan/rehabilitasi gedung,0
2023-12-20,ACC_KEMENAG_025_471,ACC_KEMENDAG_090_798,17518066040.47,Belanja Lain-lain,Cadangan risiko fiskal,0
2023-12-31,ACC_KEU_015_812,ACC_BRIN_124_442,56787381781.52,Belanja Barang,Belanja pemeliharaan rutin,1
2023-11-07,ACC_POLRI_060_208,ACC_KEU_015_618,15703181855.35,Belanja Lain-lain,Belanja lainnya sesuai ketentuan,0
2023-05-01,ACC_KEMENPERIN_019_055,ACC_PPATK_078_912,5608761940.47,Belanja Pegawai,Pembayaran THR,0
2023-10-06,ACC_KEMENDAG_090_348,ACC_BPK_004_627,2399812306.22,Belanja Pegawai,Pembayaran gaji ke-13,0
2023-01-05,ACC_KEMENHAN_012_980,ACC_BPK_004_872,7222172582.26,Belanja Pegawai,Tunjangan kinerja triwulan,0
2023-03-25,ACC_KEMENPERIN_019_966,ACC_POLRI_060_406,43489983581.21,Belanja Subsidi,Subsidi energi,0
2023-08-19,ACC_KEMENESDM_020_800,ACC_SOS_027_161,4872593357.85,Belanja Pegawai,Gaji pegawai bulan berjalan,0
2023-05-22,ACC_KEMENDAG_090_804,ACC_KEMENKOPUKM_044_481,7463468262.27,Belanja Pembayaran Bunga Utang,Pembayaran bunga SBN,0
2023-08-25,ACC_KEMENAG_025_578,ACC_KEMENHAN_012_361,14792655385.02,Belanja Barang,Belanja ATK dan operasional kantor,0
2023-11-27,ACC_KES_024_835,ACC_KEMENDAG_090_180,10268141109.66,Belanja Pegawai,Honorarium kegiatan resmi,0
2023-06-03,ACC_PPATK_078_196,ACC_BPS_054_466,23864608566.98,Belanja Barang,Belanja ATK dan operasional kantor,0
2023-12-08,ACC_KOMINFO_059_316,ACC_ESDM_020_101,17680892292.62,Belanja Pembayaran Bunga Utang,Pembayaran imbal hasil obligasi,0
2023-01-12,ACC_KEMENDIKBUD_023_239,ACC_POLRI_060_561,38379627410.13,Belanja Modal,Pengadaan peralatan dan mesin,0
2023-08-04,ACC_POLRI_060_670,ACC_KEMENPAREKRAF_040_462,7490097683.49,Belanja Pegawai,Honorarium kegiatan resmi,0
2023-12-02,ACC_PPATK_078_007,ACC_KEMENDAGRI_010_948,61954895946.56,Belanja Subsidi,Pembayaran subsidi,0
2023-07-25,ACC_KEMENKOPUKM_044_788,ACC_KES_024_978,14673380494.63,Belanja Subsidi,Subsidi energi,0
2023-01-25,ACC_BPK_004_962,ACC_BRIN_124_793,12134935934.88,Belanja Pembayaran Bunga Utang,Pembayaran kupon SUN,0
2023-11-17,ACC_KEMENHUB_022_110,ACC_KEMENHAN_012_336,40716517855.19,Belanja Modal,Pembayaran termin proyek resmi,0
2023-01-25,ACC_KEMENLU_011_653,ACC_KEU_015_117,5148953217.39,Belanja Subsidi,Subsidi bunga kredit program,0
2023-03-20,ACC_KEMENHUB_022_580,ACC_SOS_027_173,17239649652.62,Belanja Pegawai,Pembayaran THR,0
2023-10-15,ACC_KEMENHAN_012_128,ACC_BRIN_124_608,1656711320.65,Belanja Pembayaran Bunga Utang,Pembayaran imbal hasil obligasi,0
2023-06-09,ACC_KEMENAG_025_861,ACC_KEMENLU_011_043,29511232077.45,Belanja Pembayaran Bunga Utang,Pembayaran imbal hasil obligasi,0
2023-03-01,ACC_SOS_027_663,ACC_BRIN_124_467,12877277742.95,Belanja Pembayaran Bunga Utang,Pembayaran bunga pinjaman luar negeri,0
2023-12-11,ACC_KEMENPAREKRAF_040_642,ACC_KEU_015_382,6764919275.49,Belanja Modal,Pembangunan infrastruktur jalan,0
2023-09-10,ACC_KEMENHUB_022_927,ACC_KEMENDAGRI_010_056,13086281999.27,Belanja Lain-lain,Belanja tak terduga,0
2023-05-29,ACC_KEMENESDM_020_329,ACC_KES_024_156,6142250961.1,Belanja Barang,Belanja pemeliharaan rutin,0
2023-09-20,ACC_BPJS_NA_080,ACC_KEMENDAG_090_400,12115623517.91,Belanja Barang,Belanja pemeliharaan rutin,0
2023-09-30,ACC_SOS_027_101,ACC_ESDM_020_359,10730375503.36,Belanja Pegawai,Gaji pegawai bulan berjalan,0
2023-08-09,ACC_PUPR_033_820,ACC_KEMENDAG_090_420,14568568669.13,Belanja Barang,Belanja pemeliharaan rutin,0
2023-04-26,ACC_SOS_027_703,ACC_BPK_004_574,8550187179.56,Belanja Pembayaran Bunga Utang,Pembayaran bunga pinjaman luar negeri,0
2023-01-07,ACC_KEMENLU_011_155,ACC_KEMENKOPUKM_044_092,15339969718.59,Belanja Pembayaran Bunga Utang,Pembayaran imbal hasil obligasi,0
2023-05-13,ACC_BRIN_124_510,ACC_PPATK_078_183,14179147113.57,Belanja Modal,Pembangunan infrastruktur jalan,0
2023-08-07,ACC_BPS_054_405,ACC_KEMENAG_025_246,7743768364.7,Belanja Modal,Pengadaan peralatan dan mesin,0
2023-03-06,ACC_BPS_054_013,ACC_KEMENESDM_020_213,104695027393.29,Belanja Subsidi,Pembayaran subsidi,0
2023-08-01,ACC_KEMENPAREKRAF_040_693,ACC_KEMENPERIN_019_338,24827398507.65,Belanja Bantuan Sosial,Bantuan program keluarga harapan,0
2023-07-07,ACC_POLRI_060_395,ACC_PUPR_033_703,9055080862.72,Belanja Pegawai,Honorarium kegiatan resmi,0
2023-09-13,ACC_KOMINFO_059_183,ACC_KEMENKOPUKM_044_629,13854483307.57,Belanja Modal,Pengadaan aset TIK,0
2023-09-09,ACC_BPK_004_594,ACC_KEMENHAN_012_744,13764714014.53,Belanja Modal,Pembayaran termin proyek resmi,0
2023-08-09,ACC_BRIN_124_436,ACC_KEMENHAN_012_925,9780706497.34,Belanja Subsidi,Subsidi pupuk,0
2023-04-15,ACC_KEMENESDM_020_192,ACC_KEMENHAN_012_017,24646775414.68,Belanja Modal,Pembayaran termin proyek resmi,0
2023-05-09,ACC_KEMENLU_011_130,ACC_POLRI_060_572,20526153768.91,Belanja Pembayaran Bunga Utang,Pembayaran bunga pinjaman luar negeri,0
2023-08-20,ACC_SOS_027_789,ACC_KEMENKOPUKM_044_284,11844223033.29,Belanja Pegawai,Gaji pegawai bulan berjalan,0
2023-10-17,ACC_BRIN_124_776,ACC_KOMINFO_059_955,15800274920.18,Belanja Pembayaran Bunga Utang,Pembayaran bunga SBN,0
2023-12-09,ACC_PUPR_033_856,ACC_KEMENDAGRI_010_173,26308705607.2,Belanja Modal,Pengadaan peralatan dan mesin,0
2023-03-28,ACC_ESDM_020_101,ACC_KEMENAG_025_008,8352504790.93,Belanja Pegawai,Tunjangan kinerja triwulan,0
2023-04-19,ACC_KES_024_435,ACC_KEMENHUB_022_408,11233619380.22,Belanja Pegawai,Tunjangan kinerja triwulan,0
2023-01-17,ACC_KEMENAG_025_645,ACC_KOMINFO_059_148,7417499260.75,Belanja Pegawai,Tunjangan kinerja triwulan,0
2023-05-19,ACC_KEMENDAGRI_010_436,ACC_ESDM_020_399,6451550583.62,Belanja Subsidi,Subsidi pupuk,0
2023-01-28,ACC_KEU_015_563,ACC_POLRI_060_491,5455391229.23,Belanja Lain-lain,Belanja tak terduga,0
2023-01-08,ACC_ESDM_020_320,ACC_KEMENHUB_022_138,53564843638.73,Belanja Modal,Pembangunan/rehabilitasi gedung,0
2023-08-08,ACC_PERT_018_337,ACC_SOS_027_223,10911134351.89,Belanja Pegawai,Gaji pegawai bulan berjalan,0
2023-04-15,ACC_ESDM_020_169,ACC_KEU_015_217,9989043386.14,Belanja Subsidi,Subsidi bunga kredit program,0
2023-07-09,ACC_BPK_004_767,ACC_KEMENAG_025_370,9587026590.38,Belanja Pembayaran Bunga Utang,Pembayaran imbal hasil obligasi,0
2023-09-15,ACC_KEU_015_374,ACC_PERT_018_781,13812664451.09,Belanja Barang,Penyewaan jasa kebersihan,0
2023-12-17,ACC_PUPR_033_912,ACC_ESDM_020_288,8413373747.35,Belanja Pembayaran Bunga Utang,Pembayaran kupon SUN,0
2023-06-02,ACC_KEMENDIKBUD_023_488,ACC_SOS_027_827,20857263910.06,Belanja Pembayaran Bunga Utang,Pembayaran bunga SBN,0
2023-04-24,ACC_KEMENPAREKRAF_040_790,ACC_KEMENKOPUKM_044_414,9402002244.97,Belanja Pembayaran Bunga Utang,Pembayaran gaji ke-13,1
2023-04-23,ACC_KEMENDIKBUD_023_888,ACC_KEMENAG_025_917,10429283970.18,Belanja Lain-lain,Belanja lainnya sesuai ketentuan,0
2023-02-01,ACC_KEMENKOPUKM_044_222,ACC_KEMENDIKBUD_023_631,60753417197.27,Belanja Barang,Belanja ATK dan operasional kantor,0
2023-05-29,ACC_KEMENPERIN_019_397,ACC_PUPR_033_661,16753398889.54,Belanja Bantuan Sosial,Bantuan sosial kebencanaan,0
2023-10-29,ACC_KEMENDAG_090_360,ACC_KEMENDAG_090_360,3371180332.86,Belanja Lain-lain,Belanja lainnya sesuai ketentuan,1
2023-03-27,ACC_PUPR_033_662,ACC_KEMENPAREKRAF_040_235,8514856981.02,Belanja Subsidi,Subsidi pangan,0
2023-12-30,ACC_BPS_054_797,ACC_BRIN_124_781,20671675842.7,Belanja Barang,Pengadaan barang operasional,1
2023-10-10,ACC_KEMENPAREKRAF_040_562,ACC_BPJS_NA_607,12385753912.31,Belanja Pegawai,Pembayaran THR,0
2023-03-29,ACC_KES_024_044,ACC_KEMENDAGRI_010_461,11653990435.56,Belanja Modal,Pengadaan barang operasional,1
2023-01-03,ACC_ESDM_020_703,ACC_KES_024_630,37318560855.35,Belanja Modal,Pengadaan peralatan dan mesin,0
2023-01-30,ACC_POLRI_060_807,ACC_KEMENPERIN_019_108,32241386259.25,Belanja Pembayaran Bunga Utang,Pembayaran imbal hasil obligasi,0
2023-12-28,ACC_KEMENLU_011_186,ACC_KEMENPERIN_019_656,11485316880.33,Belanja Pembayaran Bunga Utang,Pembayaran imbal hasil obligasi,0
2023-12-30,ACC_KEMENKOPUKM_044_261,ACC_KEMENDIKBUD_023_515,33348578908.63,Belanja Subsidi,Subsidi pupuk,0
2023-12-28,ACC_BPS_054_866,ACC_SOS_027_491,9303753147.1,Belanja Lain-lain,Belanja lainnya sesuai ketentuan,0
2023-10-29,ACC_KEMENESDM_020_231,ACC_KEMENHUB_022_731,8015441310.4,Belanja Barang,Belanja ATK dan operasional kantor,0
2023-03-27,ACC_BPS_054_234,ACC_KEMENKOPUKM_044_602,33594964971.63,Belanja Barang,Belanja ATK dan operasional kantor,0
2023-01-12,ACC_BPS_054_209,ACC_KEMENDAGRI_010_974,8076089960.26,Belanja Bantuan Sosial,Bantuan program keluarga harapan,0
2023-03-16,ACC_KEMENLU_011_912,ACC_BPS_054_755,13357398939.92,Belanja Barang,Pengadaan barang operasional,0
2023-03-11,ACC_KEMENDAGRI_010_824,ACC_BPS_054_211,18400173946.4,Belanja Bantuan Sosial,Bantuan pangan nontunai,0
2023-01-20,ACC_BRIN_124_906,ACC_POLRI_060_536,6078174088.16,Belanja Lain-lain,Cadangan risiko fiskal,0
2023-06-03,ACC_ESDM_020_805,ACC_BRIN_124_742,3356335398.9,Belanja Barang,Belanja pemeliharaan rutin,0
2023-02-26,ACC_KES_024_941,ACC_BPS_054_020,5790444803.8,Belanja Modal,Pembayaran termin proyek resmi,0
2023-03-12,ACC_PPATK_078_516,ACC_KEMENHAN_012_221,53882268086.1,Belanja Modal,Pengadaan peralatan dan mesin,0
2023-02-24,ACC_KEMENHUB_022_500,ACC_PUPR_033_900,19399523017.3,Belanja Pembayaran Bunga Utang,Pembayaran imbal hasil obligasi,0
2023-01-24,ACC_BRIN_124_162,ACC_SOS_027_670,6449300856.4,Belanja Pegawai,Pembayaran THR,0
2023-11-01,ACC_KEMENHAN_012_319,ACC_BRIN_124_878,43696112162.19,Belanja Subsidi,Subsidi pangan,0
2023-06-01,ACC_PPATK_078_109,ACC_PUPR_033_076,7000788133.77,Belanja Pegawai,Honorarium kegiatan resmi,0
2023-07-11,ACC_KEMENPERIN_019_019,ACC_KEMENDAG_090_432,50895646304.58,Belanja Subsidi,Subsidi bunga kredit program,0
2023-12-16,ACC_SOS_027_183,ACC_KEMENAG_025_113,23433304461.98,Belanja Barang,Belanja internet dan komunikasi,0
2023-09-08,ACC_KOMINFO_059_476,ACC_ESDM_020_763,18367625190.87,Belanja Modal,Pengadaan aset TIK,0
2023-11-09,ACC_BPK_004_118,ACC_SOS_027_813,19436668395.42,Belanja Subsidi,Subsidi bunga kredit program,0
2023-02-16,ACC_KEMENHUB_022_987,ACC_KEMENHAN_012_399,9381697252.1,Belanja Pegawai,Gaji pegawai bulan berjalan,0
2023-03-19,ACC_POLRI_060_124,ACC_KEMENAG_025_075,120714274799.32,Belanja Modal,Pengadaan peralatan dan mesin,0
2023-09-16,ACC_BPS_054_973,ACC_KEMENHUB_022_619,29882838504.48,Belanja Subsidi,Subsidi pupuk,0
2023-09-11,ACC_KEMENPERIN_019_630,ACC_BRIN_124_710,10033596039.17,Belanja Pegawai,Pembayaran gaji ke-13,0
2023-02-04,ACC_KEU_015_302,ACC_KEMENPERIN_019_922,22263566719.15,Belanja Pembayaran Bunga Utang,Pembayaran imbal hasil obligasi,0
2023-12-15,ACC_KEU_015_832,ACC_PERT_018_933,11689045182.62,Belanja Bantuan Sosial,Bantuan pangan nontunai,0
2023-12-22,ACC_BPJS_NA_582,ACC_KEMENDAG_090_602,34186087855.6,Belanja Modal,Pembangunan/rehabilitasi gedung,0
2023-08-19,ACC_KEMENHAN_012_295,ACC_KEU_015_931,9161710077.26,Belanja Pegawai,Tunjangan kinerja triwulan,0
2023-07-01,ACC_ESDM_020_686,ACC_KEMENAG_025_828,40321134169.99,Belanja Modal,Pengadaan aset TIK,0
2023-02-26,ACC_KES_024_543,ACC_ESDM_020_596,15542833663.25,Belanja Pegawai,Gaji pegawai bulan berjalan,0
2023-12-27,ACC_KES_024_903,ACC_PPATK_078_163,16553975914.85,Belanja Pembayaran Bunga Utang,Pembayaran bunga pinjaman luar negeri,1
2023-09-27,ACC_KEMENLU_011_632,ACC_BPS_054_906,12605869488.73,Belanja Barang,Belanja pemeliharaan rutin,0
2023-07-24,ACC_KEMENDAGRI_010_582,ACC_PERT_018_556,11752342347.7,Belanja Barang,Penyewaan jasa kebersihan,0
2023-08-16,ACC_KEMENDAG_090_696,ACC_PPATK_078_619,24968050807.84,Belanja Pegawai,Honorarium kegiatan resmi,0
2023-01-07,ACC_KEMENAG_025_070,ACC_KEMENPERIN_019_639,2275477696.6,Belanja Pegawai,Gaji pegawai bulan berjalan,0
2023-06-09,ACC_PUPR_033_760,ACC_ESDM_020_203,26992686002.37,Belanja Barang,Belanja ATK dan operasional kantor,0
2023-06-03,ACC_KEMENPERIN_019_492,ACC_PUPR_033_888,17609151904.35,Belanja Lain-lain,Belanja lainnya sesuai ketentuan,0
2023-11-09,ACC_POLRI_060_165,ACC_KEMENKOPUKM_044_314,15556197146.04,Belanja Barang,Belanja pemeliharaan rutin,0
2023-11-01,ACC_KEMENPAREKRAF_040_915,ACC_KEMENPERIN_019_371,14715983695.83,Belanja Lain-lain,Belanja operasi non-rutin,0
2023-06-10,ACC_BPS_054_178,ACC_POLRI_060_629,6582694087.02,Belanja Lain-lain,Belanja tak terduga,0
2023-10-16,ACC_KEMENDIKBUD_023_593,ACC_SOS_027_664,22642018123.9,Belanja Barang,Penyewaan jasa kebersihan,0
2023-12-20,ACC_BPS_054_028,ACC_SOS_027_954,7440875674.6,Belanja Pegawai,Honorarium kegiatan resmi,0
2023-04-08,ACC_BRIN_124_966,ACC_KEMENAG_025_494,20994281472.94,Belanja Pembayaran Bunga Utang,Pembayaran kupon SUN,0
2023-03-06,ACC_KEMENDIKBUD_023_842,ACC_BRIN_124_853,61571159638.82,Belanja Modal,Pembangunan/rehabilitasi gedung,0
2023-11-26,ACC_PUPR_033_098,ACC_BPK_004_144,4963735620.37,Belanja Pegawai,Pembayaran THR,0
2023-05-05,ACC_KEMENPERIN_019_679,ACC_PUPR_033_086,33012506272.87,Belanja Modal,Pembayaran termin proyek resmi,0
2023-02-28,ACC_KOMINFO_059_650,ACC_KEMENDAG_090_611,11765357281.76,Belanja Barang,Belanja ATK dan operasional kantor,0
2023-11-15,ACC_ESDM_020_561,ACC_POLRI_060_960,11143326815.46,Belanja Pegawai,Honorarium kegiatan resmi,0
2023-03-09,ACC_KEMENDAGRI_010_878,ACC_SOS_027_884,15905268067.85,Belanja Barang,Pengadaan barang operasional,0
2023-08-20,ACC_KEMENPAREKRAF_040_213,ACC_PPATK_078_079,37443639740.92,Belanja Pembayaran Bunga Utang,Pembayaran kupon SUN,0
2023-06-17,ACC_PERT_018_058,ACC_ESDM_020_796,9858711097.05,Belanja Bantuan Sosial,Bantuan program keluarga harapan,0
2023-03-07,ACC_KEMENHUB_022_921,ACC_BPJS_NA_760,34363952203.65,Belanja Subsidi,Subsidi energi,0
2023-08-15,ACC_KEMENDIKBUD_023_774,ACC_KEMENHUB_022_679,20976689971.28,Belanja Modal,Pembangunan/rehabilitasi gedung,0
2023-03-30,ACC_KES_024_379,ACC_KEMENLU_011_178,32905292465.82,Belanja Pembayaran Bunga Utang,Pembayaran bunga SBN,0
2023-09-25,ACC_BPS_054_586,ACC_KEU_015_008,4315841777.42,Belanja Pegawai,Pembayaran THR,0
2023-10-24,ACC_KES_024_164,ACC_KEMENDAGRI_010_485,12094923157.13,Belanja Barang,Belanja internet dan komunikasi,0
2023-12-28,ACC_BPS_054_104,ACC_KEMENAG_025_210,12982584897.47,Belanja Pembayaran Bunga Utang,Pembayaran kupon SUN,1
2023-09-25,ACC_BPJS_NA_386,ACC_KEMENESDM_020_775,21017259478.52,Belanja Pegawai,Pembayaran THR,0
2023-12-29,ACC_KEMENDAG_090_040,ACC_SOS_027_486,30844660984.94,Belanja Pembayaran Bunga Utang,Pembayaran kupon SUN,0
2023-05-09,ACC_KEU_015_520,ACC_KEMENDAGRI_010_613,8277880541.73,Belanja Pegawai,Tunjangan kinerja triwulan,0
2023-09-03,ACC_KEMENPERIN_019_787,ACC_KEMENKOPUKM_044_544,13211818219.29,Belanja Subsidi,Pengadaan peralatan dan mesin,1
2023-10-29,ACC_KES_024_887,ACC_BPS_054_016,17172477353.9,Belanja Pegawai,Gaji pegawai bulan berjalan,0
2023-06-07,ACC_BPK_004_269,ACC_BPS_054_162,5136301199.37,Belanja Lain-lain,Belanja operasi non-rutin,0
2023-04-12,ACC_KEMENDIKBUD_023_506,ACC_KES_024_735,9507917860.3,Belanja Pegawai,Pembayaran THR,0
2023-05-11,ACC_KEMENDAG_090_353,ACC_PPATK_078_196,23328013550.26,Belanja Pembayaran Bunga Utang,Pembayaran imbal hasil obligasi,0
2023-06-03,ACC_BPK_004_382,ACC_KEMENDAGRI_010_645,10822219233.76,Belanja Subsidi,Subsidi energi,0
2023-05-14,ACC_KES_024_211,ACC_KEMENDIKBUD_023_572,4462111161.22,Belanja Lain-lain,Belanja lainnya sesuai ketentuan,0
2023-12-30,ACC_KEMENDIKBUD_023_876,ACC_KOMINFO_059_457,7172995576.88,Belanja Barang,Penyewaan jasa kebersihan,0
2023-10-13,ACC_KEMENHAN_012_986,ACC_PPATK_078_277,36040032901.16,Belanja Barang,Belanja ATK dan operasional kantor,0
2023-08-06,ACC_BPK_004_190,ACC_SOS_027_417,9612009686.98,Belanja Pegawai,Tunjangan kinerja triwulan,0
2023-12-04,ACC_POLRI_060_314,ACC_KOMINFO_059_075,11050807019.36,Belanja Barang,Belanja ATK dan operasional kantor,0
2023-06-25,ACC_KEMENPERIN_019_896,ACC_ESDM_020_662,9309608453.99,Belanja Pembayaran Bunga Utang,Pembayaran bunga SBN,0
2023-12-13,ACC_PERT_018_931,ACC_KEMENESDM_020_289,31916786140.51,Belanja Subsidi,Subsidi pangan,0
2023-09-29,ACC_KEMENKOPUKM_044_930,ACC_KEMENAG_025_066,12258247965.69,Belanja Pegawai,Pembayaran gaji ke-13,0
2023-01-01,ACC_KEMENKOPUKM_044_968,ACC_BRIN_124_759,20194808806.46,Belanja Barang,Belanja internet dan komunikasi,0
2023-07-10,ACC_KEMENESDM_020_579,ACC_KEMENPERIN_019_516,7186048725.56,Belanja Barang,Penyewaan jasa kebersihan,0
2023-01-21,ACC_KEMENESDM_020_227,ACC_KEMENDAGRI_010_313,8171501938.11,Belanja Bantuan Sosial,Bansos tunai,0
2023-10-29,ACC_KEMENKOPUKM_044_654,ACC_KES_024_996,6221432873.9,Belanja Barang,Belanja pemeliharaan rutin,0
2023-11-29,ACC_KEMENKOPUKM_044_207,ACC_KEMENESDM_020_210,23467644269.43,Belanja Bantuan Sosial,Bantuan pangan nontunai,0
2023-05-14,ACC_POLRI_060_251,ACC_KEMENAG_025_219,28331002796.59,Belanja Pembayaran Bunga Utang,Pembayaran bunga SBN,0
2023-02-07,ACC_KEMENHAN_012_142,ACC_KEMENDIKBUD_023_612,16181854802.8,Belanja Pembayaran Bunga Utang,Pembayaran bunga SBN,0
2023-07-09,ACC_KEMENDAG_090_547,ACC_KEMENKOPUKM_044_659,8998975336.16,Belanja Modal,Pengadaan aset TIK,0
2023-10-08,ACC_PUPR_033_424,ACC_KEMENHAN_012_856,9444761781.8,Belanja Lain-lain,Cadangan risiko fiskal,0
2023-04-12,ACC_KES_024_727,ACC_KEMENESDM_020_662,5535572138.39,Belanja Pegawai,Gaji pegawai bulan berjalan,0
2023-10-02,ACC_KEMENPERIN_019_713,ACC_KEMENDIKBUD_023_284,19830453300.4,Belanja Bantuan Sosial,Bantuan program keluarga harapan,0
2023-11-23,ACC_KEMENKOPUKM_044_718,ACC_KEMENAG_025_063,8339524134.28,Belanja Pegawai,Pembayaran gaji ke-13,0
2023-10-02,ACC_PPATK_078_943,ACC_PUPR_033_398,26450783383.1,Belanja Pembayaran Bunga Utang,Pembayaran kupon SUN,0
2023-11-13,ACC_KEMENAG_025_676,ACC_KEMENESDM_020_936,69468220846.99,Belanja Barang,Belanja ATK dan operasional kantor,0
2023-11-04,ACC_KEMENDAGRI_010_089,ACC_KEMENPERIN_019_654,15437852386.17,Belanja Barang,Belanja pemeliharaan rutin,0
2023-08-15,ACC_KEMENDIKBUD_023_955,ACC_ESDM_020_334,11830897733.75,Belanja Pembayaran Bunga Utang,Pembayaran bunga SBN,0
2023-04-20,ACC_KEMENKOPUKM_044_598,ACC_SOS_027_937,31887555669.62,Belanja Subsidi,Subsidi bunga kredit program,0
2023-09-12,ACC_BPJS_NA_695,ACC_KES_024_016,20209022490.58,Belanja Lain-lain,Belanja tak terduga,0
2023-11-21,ACC_PUPR_033_304,ACC_BPK_004_276,15268176229.61,Belanja Barang,Belanja pemeliharaan rutin,0
2023-06-21,ACC_KEMENKOPUKM_044_929,ACC_KEMENDIKBUD_023_201,32787553433.38,Belanja Barang,Belanja internet dan komunikasi,0
2023-08-04,ACC_KEMENPERIN_019_480,ACC_PERT_018_065,21314178401.11,Belanja Lain-lain,Cadangan risiko fiskal,0
2023-12-09,ACC_KEMENHAN_012_431,ACC_KEMENDAG_090_424,13162747293.55,Belanja Pegawai,Pembayaran THR,0
2023-12-27,ACC_BPS_054_659,ACC_KEMENDAGRI_010_026,40795566031.06,Belanja Barang,Belanja internet dan komunikasi,0
2023-08-20,ACC_PUPR_033_533,ACC_KEMENESDM_020_819,7889449165.34,Belanja Pegawai,Honorarium kegiatan resmi,0
2023-11-07,ACC_KES_024_455,ACC_KEMENDAGRI_010_348,31207590080.21,Belanja Modal,Pembayaran termin proyek resmi,0
2023-03-17,ACC_KEMENHUB_022_941,ACC_BRIN_124_579,20015948255.59,Belanja Pegawai,Pembayaran THR,0
2023-12-27,ACC_KEMENDAG_090_769,ACC_POLRI_060_584,19355517632.65,Belanja Pembayaran Bunga Utang,Pembayaran bunga pinjaman luar negeri,0
2023-09-19,ACC_KEMENDAGRI_010_214,ACC_KES_024_665,26121896952.22,Belanja Pembayaran Bunga Utang,Pembayaran bunga pinjaman luar negeri,0
2023-10-10,ACC_KEMENHAN_012_648,ACC_KEMENDAG_090_467,10385820098.64,Belanja Pegawai,Pembayaran THR,0
2023-04-03,ACC_ESDM_020_621,ACC_KEMENPERIN_019_753,10465118064.84,Belanja Barang,Pengadaan barang operasional,0
2023-12-06,ACC_KEMENDAG_090_824,ACC_KEMENHUB_022_689,3048138240.76,Belanja Pembayaran Bunga Utang,Pembayaran kupon SUN,0
2023-02-18,ACC_KEMENESDM_020_302,ACC_KEMENDAGRI_010_881,6435155705.36,Belanja Pembayaran Bunga Utang,Pembayaran bunga pinjaman luar negeri,0
2023-12-27,ACC_BRIN_124_318,ACC_BPJS_NA_618,31058417641.53,Belanja Barang,Belanja internet dan komunikasi,1
2023-08-21,ACC_KES_024_777,ACC_KEMENESDM_020_344,9703271508.83,Belanja Barang,Belanja pemeliharaan rutin,0
2023-11-03,ACC_KEMENDIKBUD_023_571,ACC_KEMENHAN_012_935,5725912680.38,Belanja Pegawai,Gaji pegawai bulan berjalan,0
2023-02-08,ACC_KEMENHAN_012_397,ACC_KEMENDAG_090_704,21430114698.95,Belanja Pembayaran Bunga Utang,Pembayaran bunga pinjaman luar negeri,0
2023-04-18,ACC_KOMINFO_059_019,ACC_KEMENDAGRI_010_332,10814084730.8,Belanja Pembayaran Bunga Utang,Pembayaran kupon SUN,0
2023-04-19,ACC_KOMINFO_059_268,ACC_BPK_004_445,3918710513.17,Belanja Bantuan Sosial,Bansos tunai,0
2023-08-03,ACC_ESDM_020_689,ACC_KES_024_687,10366624125.67,Belanja Barang,Penyewaan jasa kebersihan,0
2023-05-26,ACC_SOS_027_962,ACC_KEMENDIKBUD_023_324,14793214155.85,Belanja Bantuan Sosial,Bantuan sosial kebencanaan,0
2023-05-27,ACC_PPATK_078_751,ACC_KEMENDIKBUD_023_412,3508827169.83,Belanja Modal,Pembayaran termin proyek resmi,0
2023-04-23,ACC_BRIN_124_737,ACC_KEMENDAGRI_010_332,10733040056.54,Belanja Pembayaran Bunga Utang,Pembayaran bunga pinjaman luar negeri,0
2023-10-12,ACC_KEMENPERIN_019_105,ACC_KEMENLU_011_202,13248556693.03,Belanja Pegawai,Tunjangan kinerja triwulan,0
2023-11-27,ACC_PERT_018_973,ACC_BPJS_NA_266,12921833490.04,Belanja Barang,Belanja internet dan komunikasi,0
2023-06-04,ACC_PERT_018_629,ACC_PPATK_078_514,15420996266.83,Belanja Modal,Pengadaan aset TIK,0
2023-12-16,ACC_PUPR_033_296,ACC_BPS_054_258,14219186977.23,Belanja Pembayaran Bunga Utang,Pembayaran imbal hasil obligasi,0
2023-11-17,ACC_BRIN_124_311,ACC_PPATK_078_813,3520051893.81,Belanja Pegawai,Tunjangan kinerja triwulan,0
2023-12-23,ACC_KEMENKOPUKM_044_213,ACC_KEMENPERIN_019_574,11708073190.51,Belanja Modal,Pembangunan/rehabilitasi gedung,0
2023-10-21,ACC_PPATK_078_796,ACC_KEMENKOPUKM_044_277,43065820370.99,Belanja Pembayaran Bunga Utang,Pembayaran bunga pinjaman luar negeri,0
2023-05-26,ACC_KEMENHUB_022_420,ACC_BPK_004_611,9683387314.91,Belanja Pembayaran Bunga Utang,Tunjangan kinerja triwulan,1
2023-01-30,ACC_KEMENPAREKRAF_040_188,ACC_KOMINFO_059_364,19059078615.62,Belanja Pegawai,Honorarium kegiatan resmi,0
2023-07-14,ACC_BRIN_124_156,ACC_KEMENAG_025_172,24411314253.96,Belanja Subsidi,Subsidi pangan,0
2023-02-17,ACC_KEMENKOPUKM_044_672,ACC_KEMENDAG_090_825,3013850849.22,Belanja Lain-lain,Belanja operasi non-rutin,0
2023-06-16,ACC_KEMENDIKBUD_023_290,ACC_BPS_054_440,6429019682.75,Belanja Pegawai,Tunjangan kinerja triwulan,0
2023-11-17,ACC_KOMINFO_059_193,ACC_KEMENPERIN_019_559,7646163019.01,Belanja Pegawai,Tunjangan kinerja triwulan,0
2023-06-06,ACC_POLRI_060_202,ACC_PUPR_033_444,10531606915.02,Belanja Pegawai,Pembayaran THR,0
2023-10-21,ACC_KEMENHAN_012_576,ACC_KEMENHUB_022_325,27823313007.1,Belanja Modal,Pembayaran termin proyek resmi,0
2023-06-25,ACC_BPJS_NA_628,ACC_KEMENDIKBUD_023_440,44933054380.63,Belanja Pembayaran Bunga Utang,Pembayaran bunga SBN,0
2023-12-31,ACC_KEMENDAG_090_434,ACC_KES_024_837,40475856386.2,Belanja Lain-lain,Belanja tak terduga,0
2023-12-31,ACC_POLRI_060_443,ACC_KEMENKOPUKM_044_579,10519881573.74,Belanja Barang,Belanja internet dan komunikasi,1
2023-12-29,ACC_ESDM_020_448,ACC_BPS_054_987,25000278787.0446,Belanja Lain-lain,Belanja lainnya sesuai ketentuan,1
2023-11-02,ACC_BPK_004_262,ACC_KEMENKOPUKM_044_827,9124547239.95,Belanja Pegawai,Honorarium kegiatan resmi,0
2023-05-02,ACC_KEU_015_125,ACC_BPS_054_549,5048344401.31,Belanja Pegawai,Gaji pegawai bulan berjalan,0
2023-12-23,ACC_KEMENLU_011_035,ACC_KEMENDIKBUD_023_087,10501702371.8,Belanja Lain-lain,Cadangan risiko fiskal,0
2023-10-12,ACC_BPK_004_077,ACC_BPK_004_077,19849776936.66,Belanja Modal,Pembayaran termin proyek resmi,1
2023-04-19,ACC_KEMENHAN_012_736,ACC_BPK_004_278,12013915934.54,Belanja Lain-lain,Belanja lainnya sesuai ketentuan,0
2023-06-11,ACC_KEMENDAGRI_010_365,ACC_SOS_027_854,20187110597.87,Belanja Pembayaran Bunga Utang,Pembayaran imbal hasil obligasi,0
2023-12-09,ACC_ESDM_020_947,ACC_PUPR_033_899,6363185427.46,Belanja Barang,Penyewaan jasa kebersihan,0
2023-12-07,ACC_KEMENPAREKRAF_040_942,ACC_BPJS_NA_383,8375288599.15,Belanja Barang,Belanja ATK dan operasional kantor,0
2023-10-27,ACC_BPJS_NA_139,ACC_KEMENPAREKRAF_040_359,9413462488.17,Belanja Barang,Belanja pemeliharaan rutin,0
2023-05-05,ACC_KEMENPERIN_019_483,ACC_KEU_015_909,21802347234.94,Belanja Pembayaran Bunga Utang,Pembayaran bunga SBN,0
2023-05-19,ACC_KEU_015_996,ACC_POLRI_060_435,7757217247.23,Belanja Pembayaran Bunga Utang,Pembayaran bunga pinjaman luar negeri,0
2023-08-02,ACC_ESDM_020_761,ACC_KEMENHUB_022_664,9629742862.95,Belanja Subsidi,Subsidi pupuk,0
2023-06-14,ACC_KEMENDIKBUD_023_999,ACC_BPS_054_853,37307120792.47,Belanja Pembayaran Bunga Utang,Pembayaran bunga SBN,0
2023-05-27,ACC_KEMENDAG_090_064,ACC_BPK_004_091,12804169325.18,Belanja Pegawai,Honorarium kegiatan resmi,0
2023-09-24,ACC_SOS_027_822,ACC_PUPR_033_685,18343496322.27,Belanja Lain-lain,Belanja tak terduga,0
2023-07-03,ACC_BPS_054_020,ACC_KEMENESDM_020_937,11403390172.71,Belanja Modal,Pembangunan infrastruktur jalan,0
2023-12-30,ACC_KEMENKOPUKM_044_582,ACC_KES_024_529,13975027660.05,Belanja Bantuan Sosial,Transfer bantuan sosial,1
2023-11-04,ACC_KEMENPAREKRAF_040_864,ACC_KEMENPERIN_019_582,5698362337.25,Belanja Lain-lain,Belanja lainnya sesuai ketentuan,0
2023-09-07,ACC_KEMENESDM_020_228,ACC_KEMENDIKBUD_023_102,18118747383.11,Belanja Pembayaran Bunga Utang,Pembayaran bunga pinjaman luar negeri,0
2023-07-22,ACC_BPJS_NA_704,ACC_ESDM_020_761,4984449828.82,Belanja Pembayaran Bunga Utang,Pembayaran imbal hasil obligasi,0
2023-06-28,ACC_BPS_054_949,ACC_KEU_015_974,56385197864.76,Belanja Barang,Belanja internet dan komunikasi,0
2023-08-27,ACC_KEMENHAN_012_772,ACC_BPK_004_903,106167459837.17,Belanja Modal,Pembangunan infrastruktur jalan,0
2023-02-17,ACC_BPS_054_511,ACC_PERT_018_329,4752891372.2,Belanja Lain-lain,Belanja lainnya sesuai ketentuan,0
2023-03-04,ACC_KEMENDIKBUD_023_806,ACC_KEMENHAN_012_323,5274044383.2,Belanja Pegawai,Gaji pegawai bulan berjalan,0
2023-01-13,ACC_KEMENDIKBUD_023_943,ACC_KEMENHUB_022_494,10393632097.29,Belanja Modal,Pembangunan infrastruktur jalan,0
2023-01-22,ACC_KEMENDIKBUD_023_349,ACC_KEMENHUB_022_726,27019408315.81,Belanja Barang,Pengadaan barang operasional,0
2023-02-23,ACC_KEMENLU_011_906,ACC_KEMENPAREKRAF_040_810,44121835046.33,Belanja Subsidi,Pembayaran subsidi,0
2023-06-18,ACC_KEMENESDM_020_664,ACC_KEMENLU_011_547,37936097354.41,Belanja Pembayaran Bunga Utang,Pembayaran imbal hasil obligasi,0
2023-02-26,ACC_POLRI_060_734,ACC_PPATK_078_303,20484993035.4,Belanja Barang,Pengadaan barang operasional,0
2023-02-06,ACC_KEMENHAN_012_001,ACC_KES_024_911,9876165485.46,Belanja Lain-lain,Cadangan risiko fiskal,0
2023-08-20,ACC_BPK_004_648,ACC_PPATK_078_901,7868372008.67,Belanja Pegawai,Gaji pegawai bulan berjalan,0
2023-02-04,ACC_KEMENAG_025_194,ACC_PPATK_078_703,25514809518.1,Belanja Subsidi,Subsidi bunga kredit program,0
2023-09-22,ACC_ESDM_020_802,ACC_PUPR_033_942,10632096450.88,Belanja Pegawai,Honorarium kegiatan resmi,0
2023-07-07,ACC_KEMENHUB_022_973,ACC_KEMENDAGRI_010_685,20205599731.55,Belanja Barang,Belanja ATK dan operasional kantor,0
2023-02-14,ACC_BRIN_124_573,ACC_KEMENKOPUKM_044_083,4843549033.44,Belanja Pembayaran Bunga Utang,Pembayaran kupon SUN,0
2023-06-11,ACC_KEMENESDM_020_746,ACC_PERT_018_380,12838466941.98,Belanja Pembayaran Bunga Utang,Pembayaran bunga pinjaman luar negeri,0
2023-07-07,ACC_KES_024_322,ACC_BPJS_NA_450,15227812032.54,Belanja Pembayaran Bunga Utang,Pembayaran kupon SUN,0
2023-10-17,ACC_PUPR_033_295,ACC_KEMENDAG_090_451,8046509856.45,Belanja Subsidi,Subsidi energi,0
2023-04-30,ACC_PUPR_033_894,ACC_KOMINFO_059_567,38451511833.61,Belanja Subsidi,Pembayaran subsidi,0
2023-11-17,ACC_KEMENDAGRI_010_913,ACC_KEMENDAG_090_233,8949286193.02,Belanja Lain-lain,Belanja operasi non-rutin,0
2023-09-26,ACC_KEMENHUB_022_533,ACC_KEMENPAREKRAF_040_403,3575233568.9,Belanja Barang,Penyewaan jasa kebersihan,0
2023-12-03,ACC_PUPR_033_183,ACC_KEMENESDM_020_023,7992176307.28,Belanja Barang,Belanja ATK dan operasional kantor,0
2023-03-15,ACC_KEMENDAG_090_010,ACC_KEMENHAN_012_484,17197497228.55,Belanja Bantuan Sosial,Transfer bantuan sosial,0
2023-01-14,ACC_KEMENESDM_020_178,ACC_KEMENDAGRI_010_412,20563049544.68,Belanja Pembayaran Bunga Utang,Pembayaran imbal hasil obligasi,0
2023-02-22,ACC_SOS_027_408,ACC_KEMENHAN_012_847,10304583879.81,Belanja Barang,Belanja pemeliharaan rutin,0
2023-09-21,ACC_KEMENLU_011_466,ACC_PPATK_078_012,7907378618.34,Belanja Pembayaran Bunga Utang,Pembayaran kupon SUN,0
2023-10-17,ACC_KEMENLU_011_850,ACC_KEMENDAGRI_010_760,20675485421.99,Belanja Modal,Pengadaan peralatan dan mesin,0
2023-04-06,ACC_KEMENPAREKRAF_040_726,ACC_BPJS_NA_294,11454711619.34,Belanja Pembayaran Bunga Utang,Pembayaran kupon SUN,0
2023-03-29,ACC_KEMENHAN_012_818,ACC_KEMENHAN_012_818,13316945848.28,Belanja Bantuan Sosial,Bantuan pangan nontunai,1
2023-06-06,ACC_KES_024_668,ACC_PPATK_078_651,15987275456.33,Belanja Pegawai,Pembayaran THR,0
2023-04-17,ACC_KES_024_659,ACC_BPS_054_137,9937514796.29,Belanja Subsidi,Pembayaran imbal hasil obligasi,1
2023-11-03,ACC_PERT_018_141,ACC_KEMENHUB_022_083,29924315918.75,Belanja Bantuan Sosial,Bantuan pangan nontunai,0
2023-04-22,ACC_KEMENDAGRI_010_568,ACC_SOS_027_972,6767487525.22,Belanja Lain-lain,Belanja lainnya sesuai ketentuan,0
2023-08-05,ACC_KEMENDAGRI_010_632,ACC_BRIN_124_951,29766703168.84,Belanja Pembayaran Bunga Utang,Pembayaran imbal hasil obligasi,0
2023-01-23,ACC_KEMENDAG_090_725,ACC_KEMENKOPUKM_044_917,10415216380.89,Belanja Pegawai,Pembayaran gaji ke-13,0
2023-01-11,ACC_BPJS_NA_785,ACC_BPS_054_452,8271240802.2,Belanja Bantuan Sosial,Bansos tunai,0
2023-04-04,ACC_BPJS_NA_713,ACC_KEMENKOPUKM_044_533,9929950873.14,Belanja Pembayaran Bunga Utang,Pembayaran imbal hasil obligasi,0
2023-12-25,ACC_KEMENKOPUKM_044_540,ACC_PUPR_033_553,19568629913.88,Belanja Modal,Pembangunan/rehabilitasi gedung,0
2023-05-26,ACC_KEMENPERIN_019_768,ACC_BPS_054_974,67908065181.893364,Belanja Modal,Pembangunan/rehabilitasi gedung,1
2023-04-10,ACC_KEMENESDM_020_031,ACC_PUPR_033_898,26434225701.42,Belanja Subsidi,Pembayaran subsidi,0
2023-11-25,ACC_BRIN_124_166,ACC_KEMENESDM_020_459,5745791200.84,Belanja Barang,Belanja pemeliharaan rutin,0
2023-12-09,ACC_KEMENHAN_012_173,ACC_KEMENDIKBUD_023_749,61020828423.29,Belanja Subsidi,Subsidi energi,0
2023-08-04,ACC_KEU_015_776,ACC_ESDM_020_263,21713335260.57,Belanja Barang,Belanja internet dan komunikasi,0
2023-11-06,ACC_BRIN_124_438,ACC_KEMENKOPUKM_044_065,10587916276.36,Belanja Pegawai,Gaji pegawai bulan berjalan,0
2023-09-09,ACC_ESDM_020_235,ACC_KES_024_227,67045109508.33915,Belanja Bantuan Sosial,Bansos tunai,1
2023-02-22,ACC_KEMENESDM_020_044,ACC_KEMENHAN_012_815,25452521600.37,Belanja Pembayaran Bunga Utang,Pembayaran imbal hasil obligasi,0
2023-02-15,ACC_KEMENLU_011_525,ACC_KEMENAG_025_677,21083944723.17,Belanja Bantuan Sosial,Transfer bantuan sosial,0
2023-05-18,ACC_KEMENPERIN_019_675,ACC_ESDM_020_921,15318073890.19,Belanja Lain-lain,Belanja operasi non-rutin,0
2023-04-12,ACC_KEMENHAN_012_017,ACC_KEMENKOPUKM_044_780,45082783431.0,Belanja Subsidi,Pembayaran subsidi,0
2023-08-16,ACC_KEMENAG_025_378,ACC_ESDM_020_188,17518402454.37,Belanja Pembayaran Bunga Utang,Pembayaran imbal hasil obligasi,0
2023-11-17,ACC_KEMENLU_011_852,ACC_KEMENDAGRI_010_119,15901628091.68,Belanja Modal,Pembangunan/rehabilitasi gedung,0
2023-07-05,ACC_BPK_004_972,ACC_SOS_027_795,24177326890.09,Belanja Subsidi,Pembayaran subsidi,0
2023-06-19,ACC_PPATK_078_699,ACC_PERT_018_175,52459069112.65,Belanja Pembayaran Bunga Utang,Pembayaran kupon SUN,0
2023-08-12,ACC_KEMENDIKBUD_023_501,ACC_KEMENLU_011_665,15769812688.71,Belanja Subsidi,Subsidi pupuk,0
2023-01-07,ACC_SOS_027_756,ACC_POLRI_060_825,12942190647.56,Belanja Subsidi,Subsidi bunga kredit program,0
2023-04-21,ACC_BPJS_NA_307,ACC_KEMENKOPUKM_044_457,16314703426.57,Belanja Barang,Belanja ATK dan operasional kantor,0
2023-09-21,ACC_KEMENPERIN_019_225,ACC_KEMENDAG_090_983,18400089971.4,Belanja Pembayaran Bunga Utang,Pembayaran kupon SUN,0
2023-05-12,ACC_KOMINFO_059_616,ACC_SOS_027_195,2802712028.03,Belanja Subsidi,Subsidi energi,0
2023-06-06,ACC_KES_024_610,ACC_KEMENKOPUKM_044_226,9337834694.01,Belanja Subsidi,Subsidi energi,0
2023-12-28,ACC_BPJS_NA_516,ACC_KEMENKOPUKM_044_602,17048302514.53,Belanja Modal,Pembayaran termin proyek resmi,1
2023-04-29,ACC_BRIN_124_645,ACC_KEMENDAGRI_010_824,34458761115.09,Belanja Lain-lain,Cadangan risiko fiskal,0
2023-01-28,ACC_BPJS_NA_278,ACC_KES_024_233,15684888708.32,Belanja Lain-lain,Cadangan risiko fiskal,0
2023-03-31,ACC_KEMENDAG_090_492,ACC_PERT_018_199,15072511083.87,Belanja Barang,Belanja ATK dan operasional kantor,0
2023-10-28,ACC_KEMENHAN_012_339,ACC_KEMENDIKBUD_023_267,21025173124.7,Belanja Pegawai,Tunjangan kinerja triwulan,0
2023-12-26,ACC_SOS_027_068,ACC_KOMINFO_059_863,15912705935.78,Belanja Lain-lain,Belanja tak terduga,0
2023-02-21,ACC_BPK_004_102,ACC_KEMENPAREKRAF_040_216,10065703025.69,Belanja Pembayaran Bunga Utang,Pembayaran bunga SBN,0
2023-02-26,ACC_KEMENHAN_012_559,ACC_KEMENHUB_022_159,6993031058.14,Belanja Subsidi,Subsidi pupuk,0
2023-08-14,ACC_KEMENHAN_012_015,ACC_KEMENKOPUKM_044_736,8284431924.25,Belanja Pembayaran Bunga Utang,Pembayaran bunga pinjaman luar negeri,0
2023-10-04,ACC_KEMENPERIN_019_558,ACC_KES_024_453,17323725594.14,Belanja Modal,Pembayaran termin proyek resmi,0
2023-08-11,ACC_KEMENDAG_090_734,ACC_KEMENLU_011_003,7109501254.65,Belanja Pembayaran Bunga Utang,Pembayaran kupon SUN,0
2023-04-03,ACC_KEMENDIKBUD_023_520,ACC_BPS_054_428,10932398260.33,Belanja Pegawai,Pembayaran THR,0
2023-11-27,ACC_KEMENAG_025_333,ACC_KES_024_050,6724667918.3,Belanja Bantuan Sosial,Bansos tunai,0
2023-06-05,ACC_KEMENDAGRI_010_492,ACC_KEMENESDM_020_582,18155826707.72,Belanja Bantuan Sosial,Transfer bantuan sosial,0
2023-07-03,ACC_KEMENKOPUKM_044_832,ACC_BRIN_124_699,9574212866.26,Belanja Pegawai,Pembayaran gaji ke-13,0
2023-11-28,ACC_KEMENHAN_012_139,ACC_ESDM_020_357,53067637727.87,Belanja Lain-lain,Belanja tak terduga,0
2023-06-03,ACC_ESDM_020_390,ACC_BPS_054_260,11060965258.47,Belanja Modal,Pembangunan infrastruktur jalan,0
2023-10-12,ACC_PUPR_033_571,ACC_SOS_027_125,24980194385.74,Belanja Subsidi,Subsidi pupuk,0
2023-09-04,ACC_ESDM_020_520,ACC_KEMENDAG_090_141,10972705850.98,Belanja Lain-lain,Belanja tak terduga,0
2023-12-18,ACC_PERT_018_996,ACC_KEMENDAGRI_010_495,20788675384.64,Belanja Bantuan Sosial,Bansos tunai,0
2023-03-25,ACC_KEMENHAN_012_600,ACC_KEMENDIKBUD_023_754,41134284886.38,Belanja Barang,Penyewaan jasa kebersihan,0
2023-03-27,ACC_KES_024_044,ACC_POLRI_060_137,17782573169.72,Belanja Subsidi,Subsidi energi,0
2023-06-05,ACC_KEMENESDM_020_938,ACC_KEMENHUB_022_255,8477508362.2,Belanja Bantuan Sosial,Bantuan pangan nontunai,0
2023-08-04,ACC_ESDM_020_170,ACC_KEMENESDM_020_764,43185696927.0,Belanja Pembayaran Bunga Utang,Pembayaran imbal hasil obligasi,0
2023-10-05,ACC_KEMENPERIN_019_613,ACC_KEMENHUB_022_155,22405820016.72,Belanja Pegawai,Gaji pegawai bulan berjalan,0
2023-12-30,ACC_KEMENDIKBUD_023_653,ACC_KEMENESDM_020_173,10139021544.15,Belanja Pegawai,Tunjangan kinerja triwulan,0
2023-06-04,ACC_KEMENAG_025_546,ACC_ESDM_020_499,6183836239.07,Belanja Pegawai,Tunjangan kinerja triwulan,0
2023-03-30,ACC_BRIN_124_605,ACC_KEMENPERIN_019_327,5604973769.55,Belanja Modal,Pembangunan infrastruktur jalan,0
2023-06-12,ACC_KEMENDAGRI_010_611,ACC_KEMENAG_025_625,39269819265.08,Belanja Barang,Pengadaan barang operasional,0
2023-12-31,ACC_KEU_015_718,ACC_KES_024_017,12138658905.53,Belanja Modal,Pembayaran termin proyek resmi,1
2023-04-01,ACC_KEMENESDM_020_082,ACC_KEMENAG_025_324,31267020770.68,Belanja Subsidi,Subsidi bunga kredit program,0
2023-09-14,ACC_KEMENESDM_020_058,ACC_KOMINFO_059_154,3717464155.21,Belanja Bantuan Sosial,Bantuan sosial kebencanaan,0
2023-07-22,ACC_BPS_054_041,ACC_KEMENPERIN_019_105,10877814091.55,Belanja Lain-lain,Belanja lainnya sesuai ketentuan,0
2023-07-12,ACC_KEMENPAREKRAF_040_401,ACC_KEMENESDM_020_278,7455683067.78,Belanja Barang,Belanja internet dan komunikasi,0
2023-05-29,ACC_KEMENDAG_090_099,ACC_KEMENESDM_020_588,3836406255.47,Belanja Bantuan Sosial,Bantuan pangan nontunai,0
2023-04-19,ACC_KEMENPAREKRAF_040_700,ACC_BPK_004_199,129254299059.83,Belanja Subsidi,Subsidi pangan,0
2023-12-30,ACC_KEMENDAG_090_084,ACC_KEMENKOPUKM_044_399,40673423093.19,Belanja Bantuan Sosial,Transfer bantuan sosial,1
2023-04-19,ACC_BPJS_NA_221,ACC_PUPR_033_904,13369114488.9,Belanja Pembayaran Bunga Utang,Pembayaran bunga pinjaman luar negeri,0
2023-11-20,ACC_KEMENKOPUKM_044_890,ACC_BPS_054_271,27046438583.4,Belanja Barang,Belanja pemeliharaan rutin,0
2023-07-14,ACC_KEMENKOPUKM_044_367,ACC_KOMINFO_059_280,9394502972.96,Belanja Bantuan Sosial,Bantuan pangan nontunai,0
2023-01-04,ACC_KEMENPERIN_019_835,ACC_ESDM_020_290,12050088097.69,Belanja Subsidi,Subsidi bunga kredit program,0
2023-06-30,ACC_BPJS_NA_248,ACC_KEMENDAGRI_010_628,34724284475.73,Belanja Bantuan Sosial,Bantuan pangan nontunai,0
2023-12-23,ACC_KEMENLU_011_825,ACC_ESDM_020_650,34087256452.03,Belanja Modal,Pembangunan/rehabilitasi gedung,0
2023-04-13,ACC_KEMENDIKBUD_023_934,ACC_KEMENHUB_022_085,2425108570.61,Belanja Barang,Pengadaan barang operasional,0
2023-08-27,ACC_KEMENDAGRI_010_169,ACC_BPK_004_965,23389693137.54,Belanja Barang,Belanja pemeliharaan rutin,0
2023-11-10,ACC_SOS_027_306,ACC_POLRI_060_542,7712323711.07,Belanja Subsidi,Subsidi pangan,0
2023-07-25,ACC_BPK_004_185,ACC_ESDM_020_382,26609061735.61,Belanja Barang,Pengadaan barang operasional,0
2023-02-16,ACC_PUPR_033_886,ACC_KEMENDAG_090_740,21812526690.16,Belanja Barang,Belanja pemeliharaan rutin,0
2023-05-29,ACC_KEMENPERIN_019_968,ACC_BPS_054_753,7088523209.16,Belanja Lain-lain,Belanja tak terduga,0
2023-10-14,ACC_PERT_018_938,ACC_KEMENDAGRI_010_202,61229558344.86,Belanja Modal,Pembangunan infrastruktur jalan,0
2023-05-19,ACC_PPATK_078_480,ACC_KEMENDAGRI_010_010,10555937558.59,Belanja Pegawai,Tunjangan kinerja triwulan,0
2023-09-30,ACC_PERT_018_836,ACC_KEMENPAREKRAF_040_560,4842146570.19,Belanja Modal,Pembangunan infrastruktur jalan,0
2023-04-12,ACC_KEMENKOPUKM_044_753,ACC_KEMENPAREKRAF_040_833,28674537560.02,Belanja Barang,Penyewaan jasa kebersihan,0
2023-02-20,ACC_KEMENPAREKRAF_040_804,ACC_KEU_015_081,31158581511.49,Belanja Pembayaran Bunga Utang,Pembayaran bunga SBN,0
2023-04-06,ACC_KEMENLU_011_423,ACC_KEMENDIKBUD_023_891,15656530542.24,Belanja Lain-lain,Belanja operasi non-rutin,0
2023-06-16,ACC_BPK_004_509,ACC_KOMINFO_059_638,48212775911.56,Belanja Subsidi,Subsidi pupuk,0
2023-12-06,ACC_KEMENHAN_012_308,ACC_PUPR_033_245,11234354733.47,Belanja Barang,Pengadaan barang operasional,0
2023-03-04,ACC_KEMENDAG_090_561,ACC_KEMENPAREKRAF_040_076,9106146070.9,Belanja Bantuan Sosial,Bantuan sosial kebencanaan,0
2023-12-03,ACC_KEMENESDM_020_963,ACC_BRIN_124_474,55736133809.36,Belanja Pembayaran Bunga Utang,Pembayaran kupon SUN,0
2023-02-01,ACC_KEMENDAG_090_864,ACC_KEMENHUB_022_128,2693156076.64,Belanja Pegawai,Gaji pegawai bulan berjalan,0
2023-10-16,ACC_SOS_027_270,ACC_BPS_054_674,12883823961.74,Belanja Lain-lain,Belanja tak terduga,0
2023-08-04,ACC_POLRI_060_315,ACC_PPATK_078_925,15152170536.6,Belanja Modal,Pembangunan/rehabilitasi gedung,0
2023-12-05,ACC_KEMENLU_011_193,ACC_KEMENHAN_012_453,34033090873.73,Belanja Subsidi,Pembayaran subsidi,0
2023-01-13,ACC_KEMENLU_011_240,ACC_PUPR_033_832,22681066045.31,Belanja Subsidi,Subsidi pupuk,0
2023-04-05,ACC_KEMENHUB_022_452,ACC_KOMINFO_059_428,25666375308.16,Belanja Subsidi,Subsidi bunga kredit program,0
2023-01-22,ACC_KEMENHUB_022_883,ACC_KEMENDAG_090_313,17076148932.11,Belanja Barang,Pengadaan barang operasional,0
2023-04-24,ACC_KEMENLU_011_784,ACC_KEMENDIKBUD_023_595,40122872327.33,Belanja Subsidi,Subsidi pangan,0
2023-11-24,ACC_KEMENHUB_022_124,ACC_POLRI_060_993,6824814527.29,Belanja Pembayaran Bunga Utang,Pembayaran bunga SBN,0
2023-10-10,ACC_ESDM_020_140,ACC_SOS_027_401,8802218666.76,Belanja Pembayaran Bunga Utang,Pembayaran kupon SUN,0
2023-01-05,ACC_KEMENHAN_012_569,ACC_KEMENDAGRI_010_924,4980244192.68,Belanja Lain-lain,Cadangan risiko fiskal,0
2023-01-19,ACC_ESDM_020_726,ACC_KOMINFO_059_197,12782703813.98,Belanja Modal,Pembangunan infrastruktur jalan,0
2023-02-16,ACC_KEMENDIKBUD_023_679,ACC_KEMENLU_011_452,3498447814.29,Belanja Pegawai,Pembayaran gaji ke-13,0
2023-08-03,ACC_PUPR_033_526,ACC_ESDM_020_215,17590907757.31,Belanja Lain-lain,Cadangan risiko fiskal,0
2023-11-06,ACC_KEMENPAREKRAF_040_477,ACC_KEMENDIKBUD_023_760,38894655694.45,Belanja Modal,Pengadaan aset TIK,0
2023-12-27,ACC_ESDM_020_569,ACC_KEMENPERIN_019_392,14495892436.11,Belanja Lain-lain,Belanja tak terduga,0
2023-06-06,ACC_KEMENDAGRI_010_202,ACC_KEMENPERIN_019_017,8809917569.85,Belanja Pegawai,Honorarium kegiatan resmi,0
2023-06-18,ACC_PERT_018_965,ACC_KEMENLU_011_082,12300455788.34,Belanja Pegawai,Pembayaran gaji ke-13,0
2023-08-07,ACC_PPATK_078_689,ACC_KEMENDAG_090_204,18244124396.46,Belanja Pembayaran Bunga Utang,Pembayaran imbal hasil obligasi,0
2023-10-18,ACC_KEMENDIKBUD_023_208,ACC_KEMENHUB_022_514,12318355989.29,Belanja Pegawai,Pembangunan/rehabilitasi gedung,1
2023-03-15,ACC_BPJS_NA_166,ACC_KEMENAG_025_022,81001405406.07,Belanja Barang,Penyewaan jasa kebersihan,0
2023-08-18,ACC_KEMENPAREKRAF_040_020,ACC_KEU_015_987,4783572046.64,Belanja Pegawai,Honorarium kegiatan resmi,0
2023-05-28,ACC_KEMENDAGRI_010_108,ACC_BRIN_124_403,25858820715.46,Belanja Modal,Pembayaran termin proyek resmi,0
2023-10-17,ACC_BPS_054_918,ACC_KEMENAG_025_835,7149391850.43,Belanja Pembayaran Bunga Utang,Pembayaran imbal hasil obligasi,0
2023-10-10,ACC_PPATK_078_778,ACC_BPJS_NA_073,25985712183.48,Belanja Barang,Pengadaan barang operasional,0
2023-04-10,ACC_KEMENPERIN_019_059,ACC_KEMENPAREKRAF_040_508,5895848943.84,Belanja Pembayaran Bunga Utang,Pembayaran imbal hasil obligasi,0
2023-03-06,ACC_KEMENESDM_020_595,ACC_KEMENAG_025_154,16985696197.63,Belanja Pegawai,Pembayaran gaji ke-13,0
2023-02-17,ACC_BPK_004_917,ACC_PPATK_078_891,6958161358.74,Belanja Modal,Pembayaran termin proyek resmi,0
2023-12-22,ACC_KEMENAG_025_610,ACC_KEMENPAREKRAF_040_414,34230165789.82,Belanja Subsidi,Subsidi energi,0
2023-03-09,ACC_KEMENDIKBUD_023_007,ACC_KEMENESDM_020_817,15122151297.42,Belanja Pembayaran Bunga Utang,Pembayaran kupon SUN,0
2023-03-24,ACC_ESDM_020_897,ACC_BRIN_124_650,17223940372.71,Belanja Pembayaran Bunga Utang,Pembayaran bunga pinjaman luar negeri,0
2023-10-15,ACC_PUPR_033_262,ACC_KEMENAG_025_176,14417280200.05,Belanja Modal,Pembayaran termin proyek resmi,0
2023-11-26,ACC_KOMINFO_059_370,ACC_KEU_015_795,23832516724.26,Belanja Pembayaran Bunga Utang,Pembayaran kupon SUN,0
2023-05-07,ACC_KEMENDAGRI_010_409,ACC_BPS_054_924,23499531873.76,Belanja Modal,Pengadaan peralatan dan mesin,0
2023-05-12,ACC_BPS_054_605,ACC_BPJS_NA_379,9787564193.19,Belanja Bantuan Sosial,Bansos tunai,0
2023-09-30,ACC_BPS_054_043,ACC_KEMENDIKBUD_023_377,21998207059.77,Belanja Subsidi,Subsidi pupuk,0
2023-07-31,ACC_KEMENPAREKRAF_040_493,ACC_PPATK_078_680,16709963155.53,Belanja Pembayaran Bunga Utang,Pembayaran bunga SBN,0
2023-11-14,ACC_BPJS_NA_314,ACC_ESDM_020_161,8984972062.65,Belanja Pembayaran Bunga Utang,Pembayaran bunga pinjaman luar negeri,0
2023-12-04,ACC_KEMENHUB_022_606,ACC_KEMENDAGRI_010_304,4770848365.02,Belanja Pembayaran Bunga Utang,Pembayaran kupon SUN,0
2023-06-13,ACC_KEMENDIKBUD_023_443,ACC_KEMENLU_011_319,73057343905.39189,Belanja Barang,Penyewaan jasa kebersihan,1
2023-06-23,ACC_PERT_018_387,ACC_KEMENKOPUKM_044_970,33166715406.35,Belanja Pembayaran Bunga Utang,Pembayaran imbal hasil obligasi,0
2023-07-28,ACC_KEMENHUB_022_073,ACC_KEMENHAN_012_509,35199496747.88,Belanja Pembayaran Bunga Utang,Pembayaran imbal hasil obligasi,0
2023-12-11,ACC_KEMENPERIN_019_295,ACC_KEMENPAREKRAF_040_369,10482873439.64,Belanja Pembayaran Bunga Utang,Pembayaran bunga pinjaman luar negeri,0
2023-05-03,ACC_BPK_004_188,ACC_POLRI_060_742,29259313464.68,Belanja Bantuan Sosial,Bantuan sosial kebencanaan,0
2023-04-24,ACC_KEMENDAG_090_252,ACC_BPK_004_619,16233427956.49,Belanja Modal,Pembangunan/rehabilitasi gedung,0
2023-07-04,ACC_KEMENDAG_090_205,ACC_BPJS_NA_772,7701371446.23,Belanja Lain-lain,Belanja tak terduga,0
2023-05-15,ACC_BPJS_NA_573,ACC_KEMENPAREKRAF_040_875,5130900240.63,Belanja Pembayaran Bunga Utang,Pembayaran imbal hasil obligasi,0
2023-08-30,ACC_KEMENPAREKRAF_040_121,ACC_KEMENHAN_012_385,13226678721.26,Belanja Modal,Pembangunan infrastruktur jalan,0
2023-12-07,ACC_PPATK_078_925,ACC_POLRI_060_645,29585268909.73,Belanja Lain-lain,Cadangan risiko fiskal,0
2023-03-24,ACC_SOS_027_803,ACC_KEMENAG_025_964,44913471859.05,Belanja Subsidi,Subsidi pupuk,0
2023-07-15,ACC_KEMENLU_011_140,ACC_KEMENHAN_012_444,21311754990.11,Belanja Barang,Belanja ATK dan operasional kantor,0
2023-03-02,ACC_KEMENDAG_090_319,ACC_PUPR_033_890,5356935617.23,Belanja Modal,Pembangunan/rehabilitasi gedung,0
2023-06-02,ACC_BPJS_NA_749,ACC_KES_024_311,29809345236.54,Belanja Subsidi,Subsidi bunga kredit program,0
2023-04-20,ACC_KEMENKOPUKM_044_177,ACC_KEMENESDM_020_362,21535776984.78,Belanja Barang,Penyewaan jasa kebersihan,0
2023-12-02,ACC_PPATK_078_097,ACC_KEMENPAREKRAF_040_881,22225355408.08,Belanja Barang,Belanja ATK dan operasional kantor,0
2023-02-04,ACC_KOMINFO_059_039,ACC_KEMENHUB_022_662,149728893584.8462,Belanja Pegawai,Honorarium kegiatan resmi,1
2023-09-18,ACC_KEMENHUB_022_426,ACC_BPJS_NA_087,3969134448.61,Belanja Pembayaran Bunga Utang,Pembayaran imbal hasil obligasi,0
2023-11-09,ACC_ESDM_020_895,ACC_SOS_027_726,18408449210.05,Belanja Bantuan Sosial,Bantuan sosial kebencanaan,0
2023-08-27,ACC_PPATK_078_677,ACC_KEMENAG_025_599,22231930766.64,Belanja Barang,Belanja ATK dan operasional kantor,0
2023-02-14,ACC_BPK_004_401,ACC_PUPR_033_247,5230587588.69,Belanja Pegawai,Pembayaran gaji ke-13,0
2023-05-14,ACC_BPK_004_620,ACC_KEMENESDM_020_018,15226290656.0,Belanja Pegawai,Tunjangan kinerja triwulan,0
2023-05-06,ACC_PUPR_033_235,ACC_SOS_027_416,3434276727.74,Belanja Barang,Belanja pemeliharaan rutin,0
2023-05-02,ACC_KEMENDAGRI_010_650,ACC_BPJS_NA_115,20440607562.99,Belanja Bantuan Sosial,Bantuan program keluarga harapan,0
2023-07-25,ACC_SOS_027_679,ACC_BRIN_124_247,79474459309.46,Belanja Barang,Belanja ATK dan operasional kantor,0
2023-05-07,ACC_KEU_015_147,ACC_KEMENHUB_022_118,19683998382.02,Belanja Barang,Belanja ATK dan operasional kantor,0
2023-05-17,ACC_BPS_054_175,ACC_KEMENESDM_020_289,15729212677.98,Belanja Barang,Belanja pemeliharaan rutin,0
2023-01-19,ACC_KEMENPAREKRAF_040_195,ACC_KEMENESDM_020_330,28015638002.08,Belanja Modal,Pengadaan peralatan dan mesin,0
2023-12-20,ACC_KEMENDAG_090_499,ACC_KEMENDAGRI_010_141,10706871719.51,Belanja Modal,Pembangunan/rehabilitasi gedung,0
2023-04-03,ACC_KEMENESDM_020_944,ACC_PUPR_033_239,22091763677.46,Belanja Bantuan Sosial,Transfer bantuan sosial,0
2023-10-22,ACC_KEMENESDM_020_640,ACC_KEMENESDM_020_640,5592796259.55,Belanja Pegawai,Tunjangan kinerja triwulan,1
2023-03-12,ACC_KEMENHUB_022_269,ACC_PPATK_078_325,21231858052.57,Belanja Pembayaran Bunga Utang,Pembayaran bunga SBN,0
2023-04-13,ACC_PERT_018_821,ACC_BPS_054_193,57973316673.28,Belanja Subsidi,Subsidi energi,0
2023-01-17,ACC_PUPR_033_171,ACC_KEMENLU_011_537,14973854002.05,Belanja Pegawai,Pembayaran THR,0
2023-10-09,ACC_PERT_018_380,ACC_PPATK_078_144,34223343426.02,Belanja Pembayaran Bunga Utang,Pembayaran imbal hasil obligasi,0
2023-06-05,ACC_PUPR_033_073,ACC_KEU_015_632,8522620283.1,Belanja Pegawai,Honorarium kegiatan resmi,0
2023-12-30,ACC_KEMENAG_025_947,ACC_KEMENPERIN_019_630,56511091468.02,Belanja Subsidi,Pembayaran subsidi,0
2023-07-25,ACC_KEMENDAGRI_010_413,ACC_KEMENDAG_090_339,19831902252.42,Belanja Subsidi,Subsidi pangan,0
2023-05-19,ACC_KEMENESDM_020_693,ACC_KEMENHUB_022_942,14927911848.14,Belanja Subsidi,Subsidi pupuk,0
2023-08-20,ACC_KEMENPAREKRAF_040_658,ACC_ESDM_020_435,2593377796.54,Belanja Modal,Pembangunan infrastruktur jalan,0
2023-12-26,ACC_KEMENKOPUKM_044_292,ACC_POLRI_060_335,5697473409.14,Belanja Barang,Belanja ATK dan operasional kantor,0
2023-11-09,ACC_SOS_027_049,ACC_KEMENDAGRI_010_685,9248070857.21,Belanja Pegawai,Tunjangan kinerja triwulan,0
2023-01-20,ACC_PPATK_078_960,ACC_KEMENKOPUKM_044_221,24800288172.79,Belanja Modal,Pembangunan/rehabilitasi gedung,0
2023-08-09,ACC_BPJS_NA_323,ACC_BPJS_NA_323,17855864412.53,Belanja Pembayaran Bunga Utang,Pembayaran bunga SBN,1
2023-03-03,ACC_PPATK_078_644,ACC_KEMENDAGRI_010_507,14871625112.78,Belanja Pegawai,Honorarium kegiatan resmi,0
2023-11-27,ACC_KEMENAG_025_122,ACC_BRIN_124_479,41246644379.73,Belanja Barang,Belanja ATK dan operasional kantor,0
2023-12-14,ACC_PERT_018_671,ACC_KEMENPERIN_019_124,15340037712.79,Belanja Pembayaran Bunga Utang,Pembayaran kupon SUN,0
2023-07-26,ACC_BPS_054_048,ACC_KEMENDIKBUD_023_409,34564097965.78,Belanja Pegawai,Honorarium kegiatan resmi,0
2023-11-14,ACC_KES_024_807,ACC_KEMENLU_011_480,48498807651.75,Belanja Pembayaran Bunga Utang,Pembayaran bunga SBN,0
2023-07-28,ACC_PERT_018_355,ACC_ESDM_020_485,3781754437.95,Belanja Pembayaran Bunga Utang,Pembayaran kupon SUN,0
2023-04-02,ACC_KEMENDAGRI_010_265,ACC_BPK_004_895,8298274550.68,Belanja Barang,Pengadaan barang operasional,0
2023-08-03,ACC_POLRI_060_991,ACC_KEMENLU_011_899,43898122023.36,Belanja Bantuan Sosial,Bansos tunai,0
2023-09-02,ACC_KEMENKOPUKM_044_470,ACC_POLRI_060_574,29983244835.69,Belanja Modal,Pembangunan/rehabilitasi gedung,0
2023-06-19,ACC_KEMENDAG_090_445,ACC_KEMENAG_025_269,12479345117.03,Belanja Pegawai,Pembayaran gaji ke-13,0
2023-11-09,ACC_KEU_015_040,ACC_POLRI_060_237,74379700985.07,Belanja Subsidi,Subsidi bunga kredit program,0
2023-04-04,ACC_BPJS_NA_734,ACC_BPK_004_716,4239007438.24,Belanja Barang,Pengadaan barang operasional,0
2023-08-06,ACC_BRIN_124_514,ACC_SOS_027_178,30510990034.0,Belanja Subsidi,Subsidi pangan,0
2023-12-12,ACC_KEMENDAG_090_791,ACC_PERT_018_658,71093328589.27,Belanja Modal,Pengadaan aset TIK,0
2023-08-27,ACC_BRIN_124_195,ACC_KEMENDIKBUD_023_678,31897980298.85,Belanja Lain-lain,Cadangan risiko fiskal,0
2023-03-02,ACC_BPJS_NA_129,ACC_SOS_027_990,3086356916.66,Belanja Subsidi,Subsidi bunga kredit program,0
2023-09-26,ACC_KEMENHAN_012_923,ACC_KEMENPERIN_019_868,22082687176.34,Belanja Barang,Belanja ATK dan operasional kantor,0
2023-03-15,ACC_BPK_004_999,ACC_ESDM_020_437,9237035115.83,Belanja Subsidi,Subsidi pangan,0
2023-11-22,ACC_ESDM_020_984,ACC_KEMENKOPUKM_044_340,41186057896.53,Belanja Subsidi,Subsidi pupuk,0
2023-12-06,ACC_KEMENHAN_012_204,ACC_BPS_054_161,42962428832.59,Belanja Subsidi,Subsidi pupuk,0
2023-04-30,ACC_KEMENPAREKRAF_040_814,ACC_KEMENHUB_022_690,25957334280.01,Belanja Modal,Pengadaan peralatan dan mesin,0
2023-08-05,ACC_BPK_004_056,ACC_BRIN_124_366,5303737012.69,Belanja Subsidi,Subsidi pupuk,0
2023-04-14,ACC_KES_024_077,ACC_KEMENDIKBUD_023_230,22495761637.82,Belanja Bantuan Sosial,Bantuan program keluarga harapan,0
2023-09-21,ACC_KEMENDIKBUD_023_331,ACC_BPJS_NA_993,8177433153.15,Belanja Pegawai,Honorarium kegiatan resmi,0
2023-12-31,ACC_KES_024_859,ACC_KEMENAG_025_675,30159086042.33,Belanja Pembayaran Bunga Utang,Pembayaran bunga SBN,0
2023-09-10,ACC_PUPR_033_781,ACC_KEMENHUB_022_881,27261142016.05,Belanja Pembayaran Bunga Utang,Pembayaran bunga pinjaman luar negeri,0
2023-10-31,ACC_KEMENAG_025_501,ACC_KEMENHUB_022_803,9423079813.25,Belanja Lain-lain,Belanja tak terduga,0
2023-04-24,ACC_PERT_018_433,ACC_KEMENDAGRI_010_992,9531541207.39,Belanja Pegawai,Pembayaran gaji ke-13,0
2023-12-21,ACC_KEMENKOPUKM_044_515,ACC_SOS_027_208,14899428134.84,Belanja Barang,Belanja ATK dan operasional kantor,0
2023-05-05,ACC_BPJS_NA_138,ACC_KEMENAG_025_339,8081171167.36,Belanja Modal,Pengadaan aset TIK,0
2023-06-02,ACC_KES_024_276,ACC_KEMENDIKBUD_023_048,61244522161.98,Belanja Pembayaran Bunga Utang,Pembayaran kupon SUN,0
2023-05-19,ACC_PUPR_033_622,ACC_KEMENKOPUKM_044_994,12581578274.39,Belanja Pembayaran Bunga Utang,Pembayaran bunga pinjaman luar negeri,0
2023-02-20,ACC_KEMENDIKBUD_023_661,ACC_BPS_054_780,5192268051.61,Belanja Barang,Belanja pemeliharaan rutin,0
2023-09-03,ACC_KEMENAG_025_113,ACC_PUPR_033_170,21969817992.71,Belanja Modal,Pembangunan infrastruktur jalan,0
2023-07-08,ACC_KEMENKOPUKM_044_914,ACC_BRIN_124_155,12725575698.77,Belanja Subsidi,Subsidi bunga kredit program,0
2023-07-29,ACC_PPATK_078_888,ACC_KEU_015_471,19360163948.42,Belanja Pembayaran Bunga Utang,Tunjangan kinerja triwulan,1
2023-02-28,ACC_POLRI_060_511,ACC_KEU_015_857,7486931788.61,Belanja Lain-lain,Belanja tak terduga,0
2023-12-05,ACC_KEMENAG_025_833,ACC_KES_024_064,19769549427.84,Belanja Pembayaran Bunga Utang,Pembayaran bunga SBN,0
2023-08-02,ACC_BPS_054_754,ACC_KEMENHAN_012_943,6516429694.47,Belanja Subsidi,Pembayaran subsidi,0
2023-12-29,ACC_KEMENHUB_022_434,ACC_PUPR_033_404,14373759817.33,Belanja Modal,Pembayaran termin proyek resmi,1
2023-01-20,ACC_KEMENPAREKRAF_040_222,ACC_PUPR_033_166,4399456394.85,Belanja Pembayaran Bunga Utang,Pembayaran imbal hasil obligasi,0
2023-07-03,ACC_BPS_054_090,ACC_PERT_018_094,4226990769.83,Belanja Pembayaran Bunga Utang,Pembayaran bunga pinjaman luar negeri,0
2023-11-18,ACC_KEMENESDM_020_804,ACC_PPATK_078_438,33922285411.82,Belanja Bantuan Sosial,Bantuan program keluarga harapan,0
2023-12-30,ACC_KEMENHAN_012_936,ACC_KEMENLU_011_811,21901964974.46,Belanja Pembayaran Bunga Utang,Pembayaran kupon SUN,0
2023-07-28,ACC_KEMENLU_011_640,ACC_KES_024_340,9321892105.35,Belanja Pegawai,Pembayaran gaji ke-13,0
2023-05-24,ACC_ESDM_020_942,ACC_KEMENESDM_020_830,9165134734.14,Belanja Bantuan Sosial,Bantuan pangan nontunai,0
2023-06-04,ACC_SOS_027_181,ACC_PERT_018_215,24190920109.4,Belanja Pembayaran Bunga Utang,Pembayaran kupon SUN,0
2023-03-14,ACC_KEMENDIKBUD_023_931,ACC_ESDM_020_179,14552422098.11,Belanja Barang,Belanja ATK dan operasional kantor,0
2023-04-29,ACC_KEU_015_825,ACC_KEMENDAG_090_264,11343368566.14,Belanja Pegawai,Pembayaran THR,0
2023-08-10,ACC_BRIN_124_366,ACC_PPATK_078_276,19124590579.63,Belanja Lain-lain,Belanja operasi non-rutin,0
2023-09-30,ACC_KEMENHUB_022_064,ACC_KEMENLU_011_810,3546956710.6,Belanja Barang,Belanja ATK dan operasional kantor,0
2023-01-11,ACC_BPK_004_098,ACC_KEMENKOPUKM_044_946,4485026716.34,Belanja Lain-lain,Cadangan risiko fiskal,0
2023-02-19,ACC_ESDM_020_358,ACC_POLRI_060_728,18172550454.59,Belanja Modal,Pengadaan peralatan dan mesin,0
2023-02-21,ACC_PPATK_078_783,ACC_SOS_027_485,4541954028.81,Belanja Pegawai,Gaji pegawai bulan berjalan,0
2023-07-11,ACC_BRIN_124_904,ACC_BPS_054_093,13313269998.16,Belanja Pembayaran Bunga Utang,Pembayaran bunga SBN,0
2023-03-01,ACC_BPK_004_650,ACC_KOMINFO_059_039,10359452807.04,Belanja Barang,Pengadaan barang operasional,0
2023-02-05,ACC_SOS_027_101,ACC_KEMENPERIN_019_794,5633540596.99,Belanja Barang,Pengadaan barang operasional,0
2023-08-11,ACC_KEMENKOPUKM_044_338,ACC_KEMENPERIN_019_960,8792801264.8,Belanja Subsidi,Pembayaran subsidi,0
2023-07-09,ACC_BPK_004_453,ACC_PPATK_078_192,16238349397.22,Belanja Pegawai,Gaji pegawai bulan berjalan,0
2023-05-08,ACC_KEMENLU_011_238,ACC_KEMENKOPUKM_044_920,50761293304.18,Belanja Pembayaran Bunga Utang,Pembayaran bunga pinjaman luar negeri,0
2023-05-25,ACC_KEMENHUB_022_065,ACC_KOMINFO_059_247,16608409942.11,Belanja Pembayaran Bunga Utang,Pembayaran bunga SBN,0
2023-11-09,ACC_ESDM_020_439,ACC_KEMENDIKBUD_023_106,3106080772.27,Belanja Lain-lain,Cadangan risiko fiskal,0
2023-03-30,ACC_BPK_004_688,ACC_PPATK_078_530,6519340126.59,Belanja Barang,Belanja internet dan komunikasi,0
2023-04-16,ACC_KEMENDAGRI_010_271,ACC_KEMENAG_025_975,12473253403.04,Belanja Pembayaran Bunga Utang,Pembayaran imbal hasil obligasi,0
2023-08-07,ACC_BPK_004_981,ACC_KEMENDAG_090_082,14607217956.75,Belanja Pembayaran Bunga Utang,Pembayaran bunga pinjaman luar negeri,0
2023-07-20,ACC_BRIN_124_447,ACC_KEMENDIKBUD_023_844,38584881933.61,Belanja Modal,Pengadaan peralatan dan mesin,0
2023-08-15,ACC_BPS_054_048,ACC_KEMENDAG_090_018,13973674974.26,Belanja Modal,Pembangunan/rehabilitasi gedung,0
2023-10-22,ACC_PUPR_033_708,ACC_KEMENHUB_022_187,18141992995.58,Belanja Pegawai,Pembayaran gaji ke-13,0
2023-12-03,ACC_PPATK_078_229,ACC_PERT_018_390,17421212651.75,Belanja Subsidi,Subsidi pangan,0
2023-07-07,ACC_KEMENHUB_022_858,ACC_KEMENPAREKRAF_040_270,14394517798.57,Belanja Pembayaran Bunga Utang,Pembayaran bunga SBN,0
2023-10-08,ACC_KEMENHAN_012_845,ACC_KEMENESDM_020_672,21838430946.27,Belanja Pembayaran Bunga Utang,Pembayaran kupon SUN,0
2023-07-10,ACC_KEMENDIKBUD_023_422,ACC_KEMENDAGRI_010_120,5028312186.8,Belanja Barang,Belanja pemeliharaan rutin,0
2023-08-25,ACC_BPS_054_758,ACC_ESDM_020_738,7695832557.42,Belanja Barang,Penyewaan jasa kebersihan,0
2023-04-06,ACC_KEMENLU_011_422,ACC_PERT_018_712,6528651639.96,Belanja Lain-lain,Belanja operasi non-rutin,0
2023-02-01,ACC_BPK_004_611,ACC_KEMENDAG_090_906,42483735273.69,Belanja Pembayaran Bunga Utang,Pembayaran bunga pinjaman luar negeri,0
2023-07-06,ACC_KEMENKOPUKM_044_076,ACC_PUPR_033_177,9808711656.5,Belanja Barang,Belanja internet dan komunikasi,0
2023-11-04,ACC_BPS_054_345,ACC_KEMENHUB_022_127,4094480199.91,Belanja Subsidi,Subsidi pupuk,0
2023-09-11,ACC_ESDM_020_725,ACC_KEMENLU_011_762,26089632802.95,Belanja Barang,Belanja ATK dan operasional kantor,0
2023-02-14,ACC_POLRI_060_639,ACC_KOMINFO_059_938,50526143879.89,Belanja Pembayaran Bunga Utang,Pembayaran imbal hasil obligasi,0
2023-10-03,ACC_KEMENESDM_020_500,ACC_KES_024_717,34877661306.79,Belanja Subsidi,Subsidi pangan,0
2023-09-30,ACC_KEMENHAN_012_920,ACC_KES_024_058,19042934937.9,Belanja Barang,Belanja internet dan komunikasi,0
2023-08-07,ACC_PPATK_078_109,ACC_KOMINFO_059_279,4531417915.1,Belanja Barang,Pengadaan barang operasional,0
2023-07-06,ACC_POLRI_060_781,ACC_KEMENLU_011_935,9183395299.93,Belanja Barang,Belanja internet dan komunikasi,0
2023-06-05,ACC_KEMENPERIN_019_473,ACC_PUPR_033_701,6277667106.56,Belanja Pegawai,Gaji pegawai bulan berjalan,0
2023-10-13,ACC_KOMINFO_059_871,ACC_KEMENAG_025_013,1874292504.76,Belanja Pegawai,Pembayaran gaji ke-13,0
2023-08-09,ACC_KOMINFO_059_238,ACC_KEMENPAREKRAF_040_094,13831892887.29,Belanja Subsidi,Subsidi energi,0
2023-04-22,ACC_KEMENDAGRI_010_567,ACC_KEMENDAG_090_849,48497921510.03,Belanja Modal,Pembayaran termin proyek resmi,0
2023-04-26,ACC_KOMINFO_059_143,ACC_PPATK_078_201,35764532084.3,Belanja Modal,Pembayaran termin proyek resmi,0
2023-06-29,ACC_PPATK_078_926,ACC_KEMENPAREKRAF_040_417,13879508003.62,Belanja Modal,Pengadaan peralatan dan mesin,0
2023-05-17,ACC_BPJS_NA_694,ACC_KEMENPERIN_019_367,16916564620.25,Belanja Bantuan Sosial,Bansos tunai,0
2023-09-22,ACC_KEMENLU_011_800,ACC_BPK_004_783,9482299175.03,Belanja Pegawai,Pembayaran gaji ke-13,0
2023-08-25,ACC_KEMENDAGRI_010_974,ACC_KEMENDAG_090_953,13976049244.57,Belanja Modal,Pembayaran THR,1
2023-04-17,ACC_KEMENKOPUKM_044_232,ACC_KEMENHUB_022_042,17015561952.33,Belanja Barang,Penyewaan jasa kebersihan,0
2023-05-19,ACC_KEMENDAG_090_615,ACC_POLRI_060_683,28936558126.46,Belanja Modal,Pembangunan/rehabilitasi gedung,0
2023-08-01,ACC_KEMENDIKBUD_023_853,ACC_KEMENPAREKRAF_040_424,21580013760.92,Belanja Pembayaran Bunga Utang,Pembayaran kupon SUN,0
2023-12-08,ACC_SOS_027_946,ACC_PPATK_078_614,3965375881.2,Belanja Lain-lain,Belanja operasi non-rutin,0
2023-08-21,ACC_KEMENDAGRI_010_945,ACC_KOMINFO_059_227,10335397839.46,Belanja Pegawai,Honorarium kegiatan resmi,0
2023-12-10,ACC_KEMENDAGRI_010_817,ACC_BPS_054_149,55336437003.71,Belanja Modal,Pembayaran termin proyek resmi,0
2023-06-05,ACC_KEMENAG_025_273,ACC_BPK_004_006,15340818541.48,Belanja Lain-lain,Belanja tak terduga,0
2023-01-28,ACC_KEU_015_962,ACC_POLRI_060_550,20365164852.51,Belanja Pembayaran Bunga Utang,Pembayaran kupon SUN,0
2023-08-06,ACC_KEMENDAG_090_177,ACC_ESDM_020_299,13581021168.41,Belanja Lain-lain,Belanja tak terduga,0
2023-09-26,ACC_KEMENDAGRI_010_308,ACC_BPK_004_570,21117767735.71,Belanja Barang,Belanja pemeliharaan rutin,0
2023-03-24,ACC_KEMENAG_025_186,ACC_BPK_004_252,47711682131.7,Belanja Subsidi,Subsidi pangan,0
2023-12-26,ACC_KEMENHUB_022_696,ACC_KEMENESDM_020_796,40756023148.08,Belanja Barang,Penyewaan jasa kebersihan,0
2023-07-27,ACC_POLRI_060_370,ACC_KEMENPAREKRAF_040_900,29204812883.2,Belanja Barang,Belanja pemeliharaan rutin,0
2023-05-17,ACC_KEMENKOPUKM_044_367,ACC_PERT_018_912,10487534879.39,Belanja Barang,Penyewaan jasa kebersihan,0
2023-08-25,ACC_PERT_018_537,ACC_ESDM_020_511,9821128077.85,Belanja Subsidi,Belanja operasi non-rutin,1
2023-09-07,ACC_KEMENPAREKRAF_040_920,ACC_PERT_018_510,7159804885.54,Belanja Modal,Pembangunan infrastruktur jalan,0
2023-12-26,ACC_KEMENESDM_020_010,ACC_PUPR_033_211,11419390782.22,Belanja Pegawai,Pembayaran gaji ke-13,0
2023-01-05,ACC_PUPR_033_195,ACC_KES_024_954,17892359782.29,Belanja Lain-lain,Belanja lainnya sesuai ketentuan,0
2023-04-15,ACC_KEU_015_693,ACC_BPS_054_556,9391069381.13,Belanja Lain-lain,Belanja tak terduga,0
2023-06-11,ACC_KEMENESDM_020_983,ACC_BPK_004_351,64053139954.33,Belanja Modal,Pembayaran termin proyek resmi,0
2023-06-25,ACC_BPJS_NA_183,ACC_ESDM_020_368,8271454615.15,Belanja Barang,Pengadaan barang operasional,0
2023-03-30,ACC_KOMINFO_059_578,ACC_KEMENDIKBUD_023_670,29524773355.34,Belanja Barang,Belanja pemeliharaan rutin,0
2023-04-26,ACC_KEMENHAN_012_726,ACC_PUPR_033_469,21971265264.29,Belanja Lain-lain,Belanja operasi non-rutin,0
2023-10-21,ACC_BRIN_124_765,ACC_KEMENPAREKRAF_040_143,28184270551.55,Belanja Subsidi,Pembayaran subsidi,0
2023-01-25,ACC_KEU_015_789,ACC_KEMENHUB_022_984,14400741949.26,Belanja Lain-lain,Belanja operasi non-rutin,0
2023-03-11,ACC_KEU_015_625,ACC_KEMENDIKBUD_023_875,6621398183.57,Belanja Pegawai,Honorarium kegiatan resmi,0
2023-01-18,ACC_KEMENHUB_022_661,ACC_KEMENDAG_090_988,26397237972.34,Belanja Barang,Pengadaan barang operasional,0
2023-12-26,ACC_KEMENDIKBUD_023_663,ACC_BPJS_NA_192,35798260416.39,Belanja Bantuan Sosial,Bantuan program keluarga harapan,0
2023-07-19,ACC_PERT_018_503,ACC_SOS_027_203,3500214366.08,Belanja Bantuan Sosial,Transfer bantuan sosial,0
2023-01-05,ACC_KEMENDIKBUD_023_890,ACC_ESDM_020_237,9140293506.89,Belanja Subsidi,Subsidi energi,0
2023-12-24,ACC_KOMINFO_059_861,ACC_KEMENPERIN_019_197,6282755268.48,Belanja Pegawai,Pembayaran gaji ke-13,0
2023-08-28,ACC_POLRI_060_514,ACC_KEMENHAN_012_449,8395697289.76,Belanja Pegawai,Honorarium kegiatan resmi,0
2023-04-18,ACC_KEMENLU_011_844,ACC_KES_024_935,35474373242.06,Belanja Pembayaran Bunga Utang,Pembayaran imbal hasil obligasi,0
2023-08-08,ACC_KEMENLU_011_890,ACC_KEMENKOPUKM_044_606,11794073938.08,Belanja Pegawai,Pembayaran gaji ke-13,0
2023-06-11,ACC_BPK_004_247,ACC_BPJS_NA_543,13881429343.71,Belanja Barang,Belanja ATK dan operasional kantor,0
2023-03-17,ACC_KEMENDAG_090_897,ACC_BRIN_124_439,12770368116.01,Belanja Pegawai,Gaji pegawai bulan berjalan,0
2023-09-06,ACC_KEMENESDM_020_191,ACC_PUPR_033_490,14845695696.14,Belanja Barang,Pengadaan barang operasional,0
2023-12-01,ACC_KEMENLU_011_209,ACC_KEMENHUB_022_022,16687383353.23,Belanja Barang,Belanja pemeliharaan rutin,0
2023-06-24,ACC_PUPR_033_785,ACC_KEMENESDM_020_529,7007656297.93,Belanja Modal,Pembayaran termin proyek resmi,0
2023-05-21,ACC_BPJS_NA_657,ACC_PERT_018_166,6677551867.5,Belanja Pembayaran Bunga Utang,Pembayaran bunga SBN,0
2023-01-14,ACC_KEMENPAREKRAF_040_239,ACC_BPS_054_072,52656408429.11,Belanja Modal,Pembangunan/rehabilitasi gedung,0
2023-11-06,ACC_KEMENAG_025_509,ACC_SOS_027_795,20461260897.37,Belanja Subsidi,Subsidi pupuk,0
2023-03-01,ACC_PUPR_033_006,ACC_BPK_004_709,9912057940.76,Belanja Subsidi,Subsidi energi,0
2023-11-01,ACC_BPJS_NA_407,ACC_KEMENAG_025_217,6786909968.26,Belanja Lain-lain,Belanja operasi non-rutin,0
2023-07-17,ACC_POLRI_060_571,ACC_PUPR_033_448,15700409861.12,Belanja Pembayaran Bunga Utang,Pembayaran bunga SBN,0
2023-12-29,ACC_BRIN_124_249,ACC_POLRI_060_526,23630170620.7,Belanja Pembayaran Bunga Utang,Pembayaran bunga SBN,1
2023-01-19,ACC_PERT_018_575,ACC_KEMENDAGRI_010_491,7392029148.72,Belanja Bantuan Sosial,Transfer bantuan sosial,0
2023-12-03,ACC_KOMINFO_059_419,ACC_KEMENAG_025_915,6167938455.97,Belanja Pegawai,Tunjangan kinerja triwulan,0
2023-02-13,ACC_BPJS_NA_872,ACC_KEMENLU_011_920,19362719236.22,Belanja Barang,Pengadaan barang operasional,0
2023-05-25,ACC_KEMENDAG_090_327,ACC_PERT_018_363,19981724699.5,Belanja Pembayaran Bunga Utang,Pembayaran bunga pinjaman luar negeri,0
2023-11-10,ACC_KEMENAG_025_128,ACC_KEMENLU_011_398,32916304319.27,Belanja Lain-lain,Cadangan risiko fiskal,0
2023-08-27,ACC_KEMENLU_011_836,ACC_PPATK_078_808,11325050933.21,Belanja Barang,Belanja ATK dan operasional kantor,0
2023-08-25,ACC_BPJS_NA_194,ACC_PPATK_078_287,4743704306.45,Belanja Pegawai,Gaji pegawai bulan berjalan,0
2023-05-16,ACC_KEMENDIKBUD_023_792,ACC_PPATK_078_783,8177455460.2,Belanja Pegawai,Honorarium kegiatan resmi,0
2023-11-09,ACC_PUPR_033_976,ACC_SOS_027_995,26561740904.85,Belanja Subsidi,Subsidi pangan,0
2023-08-18,ACC_BPK_004_658,ACC_KES_024_882,14766599149.79,Belanja Pegawai,Honorarium kegiatan resmi,0
2023-06-20,ACC_KEMENPERIN_019_382,ACC_KEMENLU_011_173,55434405950.49,Belanja Pembayaran Bunga Utang,Pembayaran imbal hasil obligasi,0
2023-12-16,ACC_KEU_015_902,ACC_KEMENESDM_020_952,12489651649.19,Belanja Pembayaran Bunga Utang,Pembayaran imbal hasil obligasi,0
2023-01-06,ACC_KEMENKOPUKM_044_288,ACC_KEMENPAREKRAF_040_618,2726662680.93,Belanja Bantuan Sosial,Bansos tunai,0
2023-04-06,ACC_KEMENHAN_012_457,ACC_KEMENHUB_022_741,5381596049.68,Belanja Bantuan Sosial,Bantuan program keluarga harapan,0
2023-11-19,ACC_BPS_054_106,ACC_PERT_018_651,13643834948.73,Belanja Lain-lain,Belanja operasi non-rutin,0
2023-04-06,ACC_KES_024_388,ACC_KEMENPERIN_019_959,17311575476.12,Belanja Subsidi,Subsidi bunga kredit program,0
2023-08-02,ACC_BPK_004_504,ACC_BPJS_NA_454,9831856673.28,Belanja Modal,Pembayaran termin proyek resmi,0
2023-07-12,ACC_KES_024_980,ACC_POLRI_060_150,54614865542.64,Belanja Modal,Pengadaan peralatan dan mesin,0
2023-03-28,ACC_KEMENLU_011_270,ACC_BPJS_NA_225,23169232898.63,Belanja Subsidi,Subsidi energi,0
2023-09-08,ACC_PPATK_078_233,ACC_KEMENLU_011_841,14993716788.27,Belanja Modal,Pembangunan/rehabilitasi gedung,0
2023-02-16,ACC_KEMENHAN_012_884,ACC_SOS_027_256,4485496702.18,Belanja Pegawai,Gaji pegawai bulan berjalan,0
2023-10-08,ACC_KEU_015_924,ACC_KEMENDAG_090_994,16077284592.68,Belanja Lain-lain,Belanja operasi non-rutin,0
2023-07-25,ACC_KEMENHAN_012_490,ACC_POLRI_060_494,23912360550.9,Belanja Pegawai,Gaji pegawai bulan berjalan,0
2023-05-07,ACC_ESDM_020_937,ACC_KES_024_025,13409230071.54,Belanja Modal,Pengadaan peralatan dan mesin,0
2023-04-09,ACC_BPS_054_459,ACC_KEMENKOPUKM_044_523,8035472693.27,Belanja Pembayaran Bunga Utang,Pembayaran kupon SUN,0
2023-08-02,ACC_SOS_027_685,ACC_KEU_015_903,17326182184.13,Belanja Bantuan Sosial,Transfer bantuan sosial,0
2023-11-28,ACC_KEMENHAN_012_121,ACC_KEMENHUB_022_810,13084898281.78,Belanja Pegawai,Gaji pegawai bulan berjalan,0
2023-11-27,ACC_KEMENPERIN_019_784,ACC_KEMENDAGRI_010_241,25508736521.347393,Belanja Lain-lain,Belanja operasi non-rutin,1
2023-05-24,ACC_KEU_015_262,ACC_KEMENDAG_090_953,12642516398.38,Belanja Pegawai,Pembayaran THR,0
2023-08-27,ACC_KEMENLU_011_304,ACC_KES_024_298,39703211574.72,Belanja Subsidi,Subsidi pupuk,0
2023-05-10,ACC_BPK_004_474,ACC_KEMENAG_025_827,22596682765.53,Belanja Pembayaran Bunga Utang,Pembayaran bunga pinjaman luar negeri,0
2023-03-20,ACC_BRIN_124_072,ACC_KEMENLU_011_263,16855485349.99,Belanja Pembayaran Bunga Utang,Pembayaran bunga pinjaman luar negeri,0
2023-01-12,ACC_ESDM_020_141,ACC_POLRI_060_766,4204614304.66,Belanja Pegawai,Honorarium kegiatan resmi,0
2023-03-04,ACC_POLRI_060_253,ACC_KEMENPAREKRAF_040_465,10104691662.29,Belanja Pegawai,Tunjangan kinerja triwulan,0
2023-12-15,ACC_KES_024_175,ACC_PERT_018_076,13453891634.66,Belanja Barang,Belanja pemeliharaan rutin,0
2023-05-31,ACC_POLRI_060_400,ACC_BPS_054_782,7760793653.75,Belanja Barang,Penyewaan jasa kebersihan,0
2023-10-20,ACC_KEMENPAREKRAF_040_797,ACC_KES_024_195,21475013784.13,Belanja Subsidi,Subsidi bunga kredit program,0
2023-10-02,ACC_POLRI_060_461,ACC_BPK_004_618,11596997317.68,Belanja Modal,Pengadaan aset TIK,0
2023-10-12,ACC_KEMENPERIN_019_660,ACC_KOMINFO_059_281,21031265716.34,Belanja Barang,Belanja pemeliharaan rutin,0
2023-06-13,ACC_SOS_027_898,ACC_ESDM_020_918,12106084977.89,Belanja Barang,Penyewaan jasa kebersihan,0
2023-01-30,ACC_KEU_015_045,ACC_KEMENLU_011_787,12286718621.54,Belanja Pegawai,Honorarium kegiatan resmi,0
2023-05-21,ACC_KEMENPERIN_019_427,ACC_KEMENLU_011_830,13533995657.82,Belanja Pembayaran Bunga Utang,Pembayaran imbal hasil obligasi,0
2023-11-25,ACC_KEMENKOPUKM_044_743,ACC_KEMENDAGRI_010_915,4353850307.6,Belanja Lain-lain,Belanja operasi non-rutin,0
2023-04-26,ACC_KEMENESDM_020_239,ACC_KEMENPERIN_019_335,7484613414.79,Belanja Pembayaran Bunga Utang,Pembayaran bunga pinjaman luar negeri,0
2023-12-04,ACC_KEMENDAG_090_517,ACC_KEMENDAGRI_010_916,52316617973.42,Belanja Subsidi,Subsidi pupuk,0
2023-03-16,ACC_BPJS_NA_677,ACC_KOMINFO_059_278,25590826443.31,Belanja Pembayaran Bunga Utang,Pembayaran kupon SUN,0
2023-10-25,ACC_KEMENDAGRI_010_649,ACC_PERT_018_618,13640507549.83,Belanja Pembayaran Bunga Utang,Pembayaran kupon SUN,0
2023-03-09,ACC_KEMENDAGRI_010_147,ACC_KEMENDAG_090_490,16637884936.92,Belanja Modal,Pengadaan aset TIK,0
2023-07-08,ACC_KEMENAG_025_415,ACC_BPK_004_339,220041421374.50757,Belanja Subsidi,Subsidi bunga kredit program,1
2023-10-15,ACC_KEMENLU_011_834,ACC_POLRI_060_187,38763082210.47,Belanja Lain-lain,Belanja operasi non-rutin,0
2023-09-30,ACC_KEMENHAN_012_864,ACC_SOS_027_144,4517128810.32,Belanja Modal,Pembangunan infrastruktur jalan,0
2023-09-02,ACC_KOMINFO_059_927,ACC_KEMENAG_025_107,10253208825.96,Belanja Pembayaran Bunga Utang,Pembayaran bunga pinjaman luar negeri,0
2023-12-31,ACC_BRIN_124_721,ACC_KEMENHUB_022_225,21448318320.46,Belanja Barang,Pengadaan barang operasional,1
2023-11-17,ACC_PPATK_078_559,ACC_KEMENKOPUKM_044_988,1013777667902.5645,Belanja Modal,Pengadaan peralatan dan mesin,1
2023-09-17,ACC_KEMENKOPUKM_044_108,ACC_KEMENDAG_090_531,32817583045.36,Belanja Subsidi,Pembayaran subsidi,0
2023-12-30,ACC_BPS_054_818,ACC_BRIN_124_171,21374973930.67,Belanja Pegawai,Pembayaran THR,1
2023-08-13,ACC_ESDM_020_845,ACC_KEMENESDM_020_361,17379734752.08,Belanja Lain-lain,Cadangan risiko fiskal,0
2023-10-30,ACC_BPK_004_421,ACC_POLRI_060_246,17080218987.73,Belanja Pembayaran Bunga Utang,Pembayaran bunga pinjaman luar negeri,0
2023-12-29,ACC_BPJS_NA_283,ACC_BPS_054_553,18549933587.33,Belanja Pegawai,Pembayaran THR,0
2023-06-09,ACC_KES_024_474,ACC_KEMENKOPUKM_044_601,13525001892.48,Belanja Lain-lain,Belanja operasi non-rutin,0
2023-07-20,ACC_KEMENAG_025_522,ACC_KEMENLU_011_864,8038138134.14,Belanja Lain-lain,Belanja operasi non-rutin,0
2023-06-25,ACC_KEMENHUB_022_788,ACC_PUPR_033_039,3502605349.86,Belanja Subsidi,Subsidi bunga kredit program,0
2023-06-08,ACC_BPJS_NA_569,ACC_KEMENHUB_022_078,48766170772.56,Belanja Pembayaran Bunga Utang,Pembayaran bunga SBN,0
2023-01-15,ACC_SOS_027_524,ACC_BPK_004_613,3358851447.2,Belanja Modal,Pembangunan/rehabilitasi gedung,0
2023-04-20,ACC_PERT_018_846,ACC_KEMENESDM_020_869,17912229437.93,Belanja Pembayaran Bunga Utang,Pembayaran bunga SBN,0
2023-06-11,ACC_KEMENAG_025_128,ACC_KEMENESDM_020_314,132239715486.95,Belanja Pembayaran Bunga Utang,Pembayaran kupon SUN,0
2023-01-22,ACC_KEMENDAGRI_010_206,ACC_BPS_054_639,27932192715.52,Belanja Modal,Pembayaran termin proyek resmi,0
2023-12-22,ACC_KEU_015_440,ACC_SOS_027_729,10628348574.13,Belanja Pembayaran Bunga Utang,Pembayaran imbal hasil obligasi,0
2023-10-21,ACC_BPK_004_195,ACC_KEMENDIKBUD_023_663,18885077552.44,Belanja Barang,Belanja internet dan komunikasi,0
2023-05-03,ACC_KEMENHUB_022_400,ACC_KEMENAG_025_699,18876319151.08,Belanja Pegawai,Pembayaran gaji ke-13,0
2023-08-19,ACC_BPK_004_991,ACC_KEMENKOPUKM_044_718,6142258842.05,Belanja Lain-lain,Cadangan risiko fiskal,0
2023-12-03,ACC_KEMENLU_011_599,ACC_KEMENKOPUKM_044_142,15469879929.05,Belanja Subsidi,Subsidi pupuk,0
2023-06-18,ACC_BPJS_NA_310,ACC_KEMENDIKBUD_023_495,11002335812.92,Belanja Pegawai,Tunjangan kinerja triwulan,0
2023-09-18,ACC_KEMENHAN_012_109,ACC_KEU_015_795,16179936114.74,Belanja Modal,Pengadaan aset TIK,0
2023-12-01,ACC_SOS_027_043,ACC_KEMENDAG_090_865,39720212384.02,Belanja Modal,Pengadaan aset TIK,0
2023-12-21,ACC_KES_024_785,ACC_SOS_027_476,15020491676.41,Belanja Pegawai,Tunjangan kinerja triwulan,0
2023-09-08,ACC_KEMENHAN_012_724,ACC_KEMENDAG_090_291,14792708873.21,Belanja Barang,Penyewaan jasa kebersihan,0
2023-10-12,ACC_KEMENKOPUKM_044_326,ACC_KOMINFO_059_511,10343623759.67,Belanja Bantuan Sosial,Bantuan sosial kebencanaan,0
2023-08-07,ACC_KEMENPAREKRAF_040_601,ACC_KEMENHAN_012_072,47918536429.43,Belanja Pembayaran Bunga Utang,Pembayaran kupon SUN,0
2023-07-31,ACC_SOS_027_940,ACC_KEMENKOPUKM_044_855,3756332482.75,Belanja Pegawai,Pembayaran THR,0
2023-01-16,ACC_KEMENDAGRI_010_611,ACC_KES_024_532,6045536947.94,Belanja Pegawai,Honorarium kegiatan resmi,0
2023-07-12,ACC_PUPR_033_895,ACC_BPJS_NA_058,15612023374.77,Belanja Pembayaran Bunga Utang,Pembayaran bunga SBN,0
2023-12-06,ACC_KEU_015_326,ACC_KEMENDAGRI_010_008,17811722577.08,Belanja Modal,Pembayaran termin proyek resmi,0
2023-06-10,ACC_BRIN_124_131,ACC_PERT_018_188,3567942437.56,Belanja Barang,Belanja ATK dan operasional kantor,0
2023-04-19,ACC_KEMENDIKBUD_023_276,ACC_PERT_018_073,27548931143.43,Belanja Pegawai,Pembayaran gaji ke-13,0
2023-08-31,ACC_PERT_018_787,ACC_KEMENDAGRI_010_102,40826353082.65,Belanja Subsidi,Subsidi pupuk,0
2023-03-27,ACC_BPS_054_476,ACC_KEMENKOPUKM_044_052,14650017287.57,Belanja Pegawai,Tunjangan kinerja triwulan,0
2023-12-31,ACC_KEMENLU_011_854,ACC_KEMENESDM_020_043,47186097623.27,Belanja Modal,Pengadaan peralatan dan mesin,0
2023-10-26,ACC_PERT_018_077,ACC_KEMENESDM_020_924,13999208170.27,Belanja Barang,Belanja pemeliharaan rutin,0
2023-07-30,ACC_KEMENLU_011_752,ACC_KEU_015_551,8959020848.5,Belanja Subsidi,Subsidi pupuk,0
2023-09-24,ACC_KOMINFO_059_666,ACC_KEMENKOPUKM_044_042,6367728064.1,Belanja Lain-lain,Belanja operasi non-rutin,0
2023-10-21,ACC_KEMENLU_011_610,ACC_KEU_015_427,20831158824.5,Belanja Subsidi,Subsidi energi,0
2023-08-08,ACC_KOMINFO_059_577,ACC_POLRI_060_867,43723093561.33,Belanja Barang,Pengadaan barang operasional,0
2023-02-21,ACC_KEMENAG_025_886,ACC_SOS_027_943,5097969719.07,Belanja Subsidi,Subsidi pupuk,0
2023-06-03,ACC_PERT_018_870,ACC_KEMENHAN_012_878,10107968135.31,Belanja Barang,Penyewaan jasa kebersihan,0
2023-02-20,ACC_KOMINFO_059_629,ACC_KEMENKOPUKM_044_421,66124499740.73,Belanja Barang,Pengadaan barang operasional,0
2023-03-30,ACC_POLRI_060_381,ACC_BRIN_124_118,48285304382.65336,Belanja Pegawai,Pembayaran THR,1
2023-04-26,ACC_KEMENDIKBUD_023_630,ACC_KEMENESDM_020_260,13037608949.12,Belanja Barang,Penyewaan jasa kebersihan,0
2023-01-11,ACC_KEMENPERIN_019_348,ACC_KEMENLU_011_438,15630536101.55,Belanja Modal,Pembangunan infrastruktur jalan,0
2023-10-06,ACC_KEMENLU_011_498,ACC_KEMENAG_025_540,54062544828.32,Belanja Pembayaran Bunga Utang,Pembayaran bunga SBN,0
2023-01-29,ACC_KEMENHAN_012_467,ACC_KEMENKOPUKM_044_865,37465193894.52,Belanja Pembayaran Bunga Utang,Pembayaran bunga pinjaman luar negeri,0
2023-11-30,ACC_BRIN_124_547,ACC_BPJS_NA_798,12929941220.16,Belanja Modal,Pembangunan/rehabilitasi gedung,0
2023-12-24,ACC_KEMENPERIN_019_618,ACC_KEMENPERIN_019_618,25108406029.91,Belanja Modal,Pembayaran termin proyek resmi,1
2023-03-05,ACC_BRIN_124_246,ACC_ESDM_020_244,17382506386.43,Belanja Pembayaran Bunga Utang,Pembayaran imbal hasil obligasi,0
2023-01-07,ACC_SOS_027_278,ACC_BPK_004_849,28089913775.12967,Belanja Modal,Pembangunan/rehabilitasi gedung,1
2023-06-18,ACC_SOS_027_330,ACC_PERT_018_650,4670446002.88,Belanja Lain-lain,Cadangan risiko fiskal,0
2023-11-04,ACC_BPJS_NA_673,ACC_ESDM_020_513,7235229289.63,Belanja Barang,Belanja internet dan komunikasi,0
2023-07-07,ACC_KEMENLU_011_930,ACC_BPS_054_516,10130898589.25,Belanja Pegawai,Pembayaran gaji ke-13,0
2023-07-08,ACC_ESDM_020_291,ACC_KEMENAG_025_520,152213573596.05,Belanja Subsidi,Subsidi pangan,0
2023-10-19,ACC_BPS_054_946,ACC_PERT_018_756,33452220903.51,Belanja Barang,Belanja pemeliharaan rutin,0
2023-05-26,ACC_KEMENESDM_020_156,ACC_KEMENHUB_022_508,16341629968.85,Belanja Pegawai,Tunjangan kinerja triwulan,0
2023-12-21,ACC_KEMENHUB_022_559,ACC_PERT_018_763,14701984460.35,Belanja Bantuan Sosial,Bantuan program keluarga harapan,0
2023-10-31,ACC_KEMENDAG_090_942,ACC_ESDM_020_986,10715329967.35,Belanja Modal,Pengadaan peralatan dan mesin,0
2023-05-12,ACC_KEMENDAGRI_010_542,ACC_KEMENKOPUKM_044_670,22528345503.8,Belanja Modal,Pembangunan infrastruktur jalan,0
2023-09-12,ACC_PUPR_033_455,ACC_KEMENHAN_012_253,5486945879.16,Belanja Barang,Pengadaan barang operasional,0
2023-12-12,ACC_KEMENPAREKRAF_040_599,ACC_ESDM_020_090,5312747409.08,Belanja Pegawai,Tunjangan kinerja triwulan,0
2023-04-05,ACC_KEMENLU_011_766,ACC_KEMENHUB_022_357,12658379371.01,Belanja Pegawai,Pembayaran gaji ke-13,0
2023-02-02,ACC_KEMENESDM_020_970,ACC_KEMENPAREKRAF_040_229,2132695157.28,Belanja Pegawai,Pembayaran THR,0
2023-09-03,ACC_BRIN_124_405,ACC_KEMENPAREKRAF_040_844,5393466185.94,Belanja Subsidi,Subsidi pangan,0
2023-06-10,ACC_BPJS_NA_747,ACC_KEMENKOPUKM_044_702,61214510414.69,Belanja Subsidi,Subsidi pangan,0
2023-06-21,ACC_PERT_018_950,ACC_KES_024_274,11809524502.6,Belanja Barang,Belanja internet dan komunikasi,0
2023-06-20,ACC_KEU_015_722,ACC_BPK_004_748,18633062812.67,Belanja Pembayaran Bunga Utang,Pembayaran imbal hasil obligasi,0
2023-07-29,ACC_PUPR_033_196,ACC_POLRI_060_881,17091063855.8,Belanja Subsidi,Subsidi energi,0
2023-01-22,ACC_KEMENHUB_022_450,ACC_KEMENDAG_090_172,6594734233.23,Belanja Modal,Pengadaan peralatan dan mesin,0
2023-03-26,ACC_KEMENKOPUKM_044_567,ACC_KEMENAG_025_763,1959737808.19,Belanja Lain-lain,Belanja operasi non-rutin,0
2023-06-16,ACC_KEMENHUB_022_412,ACC_KEMENDIKBUD_023_224,3741823244.85,Belanja Lain-lain,Belanja lainnya sesuai ketentuan,0
2023-05-30,ACC_KEMENAG_025_416,ACC_SOS_027_453,31462097770.62,Belanja Barang,Penyewaan jasa kebersihan,0
2023-02-11,ACC_KEMENHUB_022_053,ACC_KEMENHAN_012_480,68817522407.82,Belanja Pembayaran Bunga Utang,Pembayaran bunga SBN,0
2023-05-03,ACC_PPATK_078_879,ACC_KEMENKOPUKM_044_387,2305895938.81,Belanja Bantuan Sosial,Bantuan sosial kebencanaan,0
2023-12-14,ACC_KOMINFO_059_029,ACC_BPS_054_975,24431712610.58,Belanja Barang,Pengadaan barang operasional,0
2023-12-15,ACC_PPATK_078_147,ACC_KEMENESDM_020_067,36521543234.0,Belanja Pembayaran Bunga Utang,Pembayaran bunga pinjaman luar negeri,0
2023-05-02,ACC_KEMENDAG_090_340,ACC_PUPR_033_175,15026788700.45,Belanja Modal,Pengadaan aset TIK,0
2023-01-09,ACC_POLRI_060_828,ACC_KEMENHAN_012_334,76196266490.32,Belanja Modal,Pembayaran termin proyek resmi,0
2023-11-23,ACC_KEMENKOPUKM_044_015,ACC_SOS_027_839,40643391392.0,Belanja Lain-lain,Belanja tak terduga,0
2023-01-01,ACC_KOMINFO_059_266,ACC_PPATK_078_491,10825519141.84,Belanja Pegawai,Pembayaran gaji ke-13,0
2023-07-19,ACC_BPJS_NA_952,ACC_KEMENHAN_012_369,6965896791.79,Belanja Pembayaran Bunga Utang,Pembayaran kupon SUN,0
2023-06-03,ACC_PERT_018_494,ACC_KEMENPERIN_019_368,9224790028.67,Belanja Pegawai,Tunjangan kinerja triwulan,0
2023-10-06,ACC_KOMINFO_059_171,ACC_PUPR_033_134,16778850836.03,Belanja Pembayaran Bunga Utang,Pembayaran imbal hasil obligasi,0
2023-05-26,ACC_KEMENHUB_022_315,ACC_POLRI_060_444,35205596020.87,Belanja Pembayaran Bunga Utang,Pembayaran bunga pinjaman luar negeri,0
2023-04-02,ACC_KEMENDAGRI_010_179,ACC_BPJS_NA_056,2754803177.01,Belanja Pegawai,Honorarium kegiatan resmi,0
2023-08-08,ACC_KEMENDAG_090_481,ACC_KEMENAG_025_068,2372670275.87,Belanja Modal,Pembangunan/rehabilitasi gedung,0
2023-11-19,ACC_KEMENDIKBUD_023_922,ACC_BRIN_124_904,8025880980.78,Belanja Pegawai,Gaji pegawai bulan berjalan,0
2023-05-28,ACC_ESDM_020_118,ACC_BPS_054_850,7219288990.47,Belanja Pembayaran Bunga Utang,Pembayaran bunga SBN,0
2023-03-07,ACC_POLRI_060_970,ACC_KEMENESDM_020_813,20971261398.49,Belanja Subsidi,Subsidi energi,0
2023-07-22,ACC_BPJS_NA_147,ACC_ESDM_020_035,9571030812.03,Belanja Modal,Pengadaan peralatan dan mesin,0
2023-01-26,ACC_ESDM_020_750,ACC_BPJS_NA_014,5802021717.42,Belanja Barang,Penyewaan jasa kebersihan,0
2023-02-20,ACC_BPK_004_939,ACC_BRIN_124_887,8804886124.41,Belanja Bantuan Sosial,Bantuan program keluarga harapan,0
2023-10-02,ACC_KEMENPAREKRAF_040_850,ACC_ESDM_020_076,6793785379.55,Belanja Pembayaran Bunga Utang,Pembayaran imbal hasil obligasi,0
2023-01-28,ACC_KEMENESDM_020_891,ACC_BPS_054_692,101247743434.3,Belanja Subsidi,Subsidi pangan,0
2023-06-26,ACC_KEMENKOPUKM_044_037,ACC_KES_024_410,3249902367.73,Belanja Bantuan Sosial,Transfer bantuan sosial,0
2023-10-21,ACC_KEMENLU_011_845,ACC_KEMENDIKBUD_023_638,8467534175.42,Belanja Bantuan Sosial,Bantuan pangan nontunai,0
2023-11-06,ACC_BPJS_NA_662,ACC_KEMENHAN_012_528,76028491340.8,Belanja Pembayaran Bunga Utang,Pembayaran kupon SUN,0
2023-03-26,ACC_KEMENPAREKRAF_040_921,ACC_KEMENDAGRI_010_489,36255320674.1907,Belanja Pembayaran Bunga Utang,Pembayaran bunga SBN,1
2023-05-31,ACC_PPATK_078_627,ACC_KES_024_064,54327318319.89,Belanja Barang,Belanja pemeliharaan rutin,0
2023-03-18,ACC_KEMENESDM_020_491,ACC_BRIN_124_658,42043550249.54,Belanja Subsidi,Subsidi bunga kredit program,0
2023-08-13,ACC_KES_024_917,ACC_KEMENHUB_022_313,56694300898.69,Belanja Pembayaran Bunga Utang,Pembayaran kupon SUN,0
2023-03-29,ACC_KOMINFO_059_883,ACC_BPS_054_303,6906171470.39,Belanja Barang,Belanja ATK dan operasional kantor,0
2023-06-19,ACC_KEMENPAREKRAF_040_135,ACC_POLRI_060_050,6348296418.89,Belanja Pegawai,Honorarium kegiatan resmi,0
2023-09-02,ACC_KEMENDAG_090_109,ACC_KEMENDAGRI_010_825,5213530121.85,Belanja Pegawai,Pembayaran gaji ke-13,0
2023-03-31,ACC_KEMENAG_025_296,ACC_ESDM_020_112,65399467166.84,Belanja Subsidi,Subsidi pupuk,0
2023-09-03,ACC_KEMENPAREKRAF_040_629,ACC_KEMENDAGRI_010_604,3192400833.02,Belanja Pegawai,Gaji pegawai bulan berjalan,0
2023-01-25,ACC_PUPR_033_058,ACC_SOS_027_498,11623075398.97,Belanja Pembayaran Bunga Utang,Pembayaran kupon SUN,0
2023-03-16,ACC_KEU_015_654,ACC_SOS_027_834,16697818556.08,Belanja Modal,Pengadaan peralatan dan mesin,0
2023-12-21,ACC_KEMENKOPUKM_044_225,ACC_KEU_015_664,13472552413.79,Belanja Lain-lain,Belanja operasi non-rutin,0
2023-12-10,ACC_KOMINFO_059_749,ACC_BPJS_NA_035,5715163851.17,Belanja Pegawai,Tunjangan kinerja triwulan,0
2023-06-02,ACC_KEMENESDM_020_429,ACC_KEMENDAG_090_945,39621085471.38,Belanja Bantuan Sosial,Bansos tunai,0
2023-08-14,ACC_POLRI_060_221,ACC_KES_024_915,27818502885.35,Belanja Bantuan Sosial,Bantuan pangan nontunai,0
2023-01-25,ACC_POLRI_060_528,ACC_KES_024_182,25612062586.53,Belanja Subsidi,Subsidi bunga kredit program,0
2023-12-02,ACC_BRIN_124_748,ACC_KEMENESDM_020_872,4426863859.47,Belanja Lain-lain,Belanja tak terduga,0
2023-02-03,ACC_PUPR_033_345,ACC_KEMENLU_011_893,17771628142.4,Belanja Barang,Penyewaan jasa kebersihan,0
2023-12-27,ACC_PPATK_078_048,ACC_BPJS_NA_491,10963279782.99,Belanja Pembayaran Bunga Utang,Pembayaran bunga pinjaman luar negeri,0
2023-01-10,ACC_BPS_054_542,ACC_KEMENESDM_020_756,10616221533.29,Belanja Pegawai,Gaji pegawai bulan berjalan,0
2023-06-17,ACC_BPJS_NA_521,ACC_SOS_027_621,5838483363.09,Belanja Pembayaran Bunga Utang,Pembayaran bunga SBN,0
2023-07-28,ACC_KOMINFO_059_272,ACC_KEMENPAREKRAF_040_143,82173435095.77,Belanja Subsidi,Pembayaran subsidi,0
2023-10-03,ACC_ESDM_020_079,ACC_KEMENAG_025_658,9136901180.3,Belanja Pegawai,Tunjangan kinerja triwulan,0
2023-04-03,ACC_KEMENDIKBUD_023_525,ACC_BRIN_124_772,29261404326.55,Belanja Bantuan Sosial,Bantuan program keluarga harapan,0
2023-01-08,ACC_KEU_015_067,ACC_BPJS_NA_496,5448656020.03,Belanja Lain-lain,Cadangan risiko fiskal,0
2023-09-13,ACC_SOS_027_521,ACC_BPS_054_990,29421552928.95,Belanja Barang,Belanja ATK dan operasional kantor,0
2023-06-13,ACC_KEMENPAREKRAF_040_376,ACC_KES_024_653,10433572729.58,Belanja Barang,Belanja ATK dan operasional kantor,0
2023-03-15,ACC_KEMENLU_011_508,ACC_KES_024_073,13744989972.76,Belanja Pembayaran Bunga Utang,Pembayaran bunga SBN,0
2023-10-06,ACC_SOS_027_615,ACC_KEMENDAGRI_010_808,10492517885.94,Belanja Subsidi,Subsidi bunga kredit program,0
2023-12-07,ACC_KEMENDAG_090_151,ACC_ESDM_020_669,4727141610.2,Belanja Subsidi,Subsidi pangan,0
2023-03-30,ACC_ESDM_020_799,ACC_KEMENESDM_020_434,23611483723.3,Belanja Barang,Belanja ATK dan operasional kantor,0
2023-07-02,ACC_KES_024_209,ACC_KEMENDIKBUD_023_493,24312252585.02,Belanja Barang,Belanja internet dan komunikasi,0
2023-04-16,ACC_KEU_015_375,ACC_KEMENPERIN_019_582,25751729364.8,Belanja Pembayaran Bunga Utang,Pembayaran bunga pinjaman luar negeri,0
2023-04-09,ACC_KEMENKOPUKM_044_594,ACC_KEMENHAN_012_587,45262686780.28,Belanja Barang,Belanja ATK dan operasional kantor,0
2023-11-11,ACC_KEMENESDM_020_956,ACC_PPATK_078_467,9901715561.91,Belanja Pembayaran Bunga Utang,Pembayaran bunga pinjaman luar negeri,0
2023-11-14,ACC_BPS_054_144,ACC_KEMENPERIN_019_384,30312343632.07,Belanja Pembayaran Bunga Utang,Pembayaran kupon SUN,0
2023-02-04,ACC_KOMINFO_059_183,ACC_KES_024_270,27542672955.96,Belanja Lain-lain,Belanja lainnya sesuai ketentuan,0
2023-12-24,ACC_ESDM_020_612,ACC_SOS_027_519,40280126304.62713,Belanja Pegawai,Pembayaran gaji ke-13,1
2023-08-20,ACC_PPATK_078_691,ACC_KEMENLU_011_584,10691238352.66,Belanja Pegawai,Honorarium kegiatan resmi,0
2023-03-21,ACC_BPS_054_500,ACC_KEMENDAGRI_010_595,10411665149.53,Belanja Pegawai,Tunjangan kinerja triwulan,0
2023-06-04,ACC_BPK_004_522,ACC_POLRI_060_546,24607054029.8,Belanja Bantuan Sosial,Transfer bantuan sosial,0
2023-01-06,ACC_BPK_004_920,ACC_KEMENHUB_022_914,10750435488.93,Belanja Barang,Belanja internet dan komunikasi,0
2023-12-03,ACC_KEMENPERIN_019_686,ACC_PPATK_078_152,4867871097.23,Belanja Lain-lain,Cadangan risiko fiskal,0
2023-04-25,ACC_BPJS_NA_894,ACC_KEU_015_482,34383476690.46,Belanja Barang,Penyewaan jasa kebersihan,0
2023-02-23,ACC_KOMINFO_059_184,ACC_KEMENDIKBUD_023_871,5915673872.63,Belanja Pegawai,Pembayaran gaji ke-13,0
2023-11-24,ACC_KEMENDIKBUD_023_179,ACC_KOMINFO_059_788,19656832265.77,Belanja Subsidi,Subsidi pangan,0
2023-04-19,ACC_KEMENDAG_090_897,ACC_KEMENESDM_020_669,22614384891.0,Belanja Barang,Pengadaan barang operasional,0
2023-11-08,ACC_BPK_004_708,ACC_KEMENPAREKRAF_040_035,36866626267.92,Belanja Subsidi,Subsidi pangan,0
2023-08-18,ACC_SOS_027_967,ACC_BPK_004_172,11175819382.39,Belanja Bantuan Sosial,Bantuan program keluarga harapan,0
2023-05-03,ACC_KEMENESDM_020_843,ACC_KEMENPERIN_019_298,51485257807.06,Belanja Barang,Pengadaan barang operasional,0
2023-07-06,ACC_KEMENDIKBUD_023_383,ACC_KEU_015_209,27082843399.62,Belanja Pembayaran Bunga Utang,Pembayaran imbal hasil obligasi,0
2023-02-17,ACC_KEMENDAGRI_010_224,ACC_ESDM_020_003,9937405197.45,Belanja Modal,Pengadaan aset TIK,0
2023-04-05,ACC_KEMENAG_025_785,ACC_BPS_054_892,64916991740.91,Belanja Subsidi,Subsidi bunga kredit program,0
2023-05-31,ACC_KEMENHUB_022_850,ACC_BRIN_124_050,56169035645.19,Belanja Subsidi,Subsidi energi,0
2023-01-27,ACC_KEMENPAREKRAF_040_271,ACC_KES_024_562,10143935367.29,Belanja Barang,Pengadaan barang operasional,0
2023-09-21,ACC_KEMENAG_025_591,ACC_KES_024_387,15346643033.16,Belanja Pembayaran Bunga Utang,Pembayaran bunga SBN,0
2023-09-13,ACC_POLRI_060_222,ACC_KOMINFO_059_884,18519607721.17,Belanja Pembayaran Bunga Utang,Pembayaran bunga SBN,0
2023-01-01,ACC_PUPR_033_546,ACC_KEMENLU_011_446,22647433513.52,Belanja Pembayaran Bunga Utang,Pembayaran imbal hasil obligasi,0
2023-03-23,ACC_KEMENESDM_020_502,ACC_BPJS_NA_967,5906191791.46,Belanja Barang,Belanja internet dan komunikasi,0
2023-07-11,ACC_BPS_054_765,ACC_BPJS_NA_921,14341174824.51,Belanja Bantuan Sosial,Pengadaan barang operasional,1
2023-02-25,ACC_KES_024_094,ACC_KEMENESDM_020_093,11085412631.9,Belanja Pegawai,Pembayaran gaji ke-13,0
2023-09-02,ACC_KEMENHUB_022_022,ACC_KEMENPERIN_019_291,12519759637.31,Belanja Modal,Pengadaan peralatan dan mesin,0
2023-09-30,ACC_POLRI_060_848,ACC_KES_024_442,18576497941.81,Belanja Bantuan Sosial,Bantuan pangan nontunai,0
2023-05-12,ACC_KES_024_597,ACC_KEMENDIKBUD_023_935,16504803195.56,Belanja Pegawai,Tunjangan kinerja triwulan,0
2023-01-16,ACC_ESDM_020_819,ACC_KEMENHUB_022_617,25329181367.72,Belanja Barang,Penyewaan jasa kebersihan,0
2023-07-20,ACC_KEMENLU_011_709,ACC_KEMENAG_025_426,16302103858.68,Belanja Pembayaran Bunga Utang,Pembayaran bunga SBN,0
2023-06-06,ACC_KEMENDAG_090_422,ACC_BPJS_NA_251,20326130739.02,Belanja Barang,Belanja pemeliharaan rutin,0
2023-01-18,ACC_PPATK_078_327,ACC_BPK_004_961,14650574858.04,Belanja Pegawai,Gaji pegawai bulan berjalan,0
2023-05-05,ACC_BPK_004_082,ACC_KES_024_283,7041340189.09,Belanja Barang,Belanja pemeliharaan rutin,0
2023-02-01,ACC_SOS_027_161,ACC_KEMENKOPUKM_044_284,31553329941.01,Belanja Barang,Belanja internet dan komunikasi,0
2023-11-14,ACC_KEMENPERIN_019_464,ACC_PUPR_033_802,17723040870.63,Belanja Barang,Penyewaan jasa kebersihan,0
2023-12-28,ACC_BRIN_124_472,ACC_PPATK_078_056,10784301996.2,Belanja Pegawai,Tunjangan kinerja triwulan,0
2023-04-23,ACC_SOS_027_229,ACC_KEU_015_171,16629165635.49,Belanja Pembayaran Bunga Utang,Pembayaran bunga pinjaman luar negeri,0
2023-03-20,ACC_BPJS_NA_658,ACC_KEU_015_919,9995253850.71,Belanja Pembayaran Bunga Utang,Pembayaran bunga pinjaman luar negeri,0
2023-07-15,ACC_KEMENPAREKRAF_040_835,ACC_KEMENHAN_012_071,18226051748.12,Belanja Pembayaran Bunga Utang,Pembayaran imbal hasil obligasi,0
2023-04-16,ACC_PERT_018_775,ACC_KEMENHAN_012_296,13157525852.53,Belanja Modal,Pengadaan peralatan dan mesin,0
2023-11-01,ACC_PPATK_078_052,ACC_POLRI_060_882,18399893085.9,Belanja Barang,Pengadaan barang operasional,0
2023-11-30,ACC_KEU_015_521,ACC_KEMENDAGRI_010_763,11294814669.09,Belanja Pegawai,Pembayaran THR,0
2023-11-15,ACC_POLRI_060_697,ACC_KEMENDIKBUD_023_951,5693475944.5,Belanja Barang,Pengadaan barang operasional,0
2023-03-03,ACC_POLRI_060_286,ACC_BPJS_NA_989,16257502913.8,Belanja Barang,Belanja internet dan komunikasi,0
2023-02-11,ACC_KEMENESDM_020_610,ACC_KEMENESDM_020_610,12987662742.53,Belanja Bantuan Sosial,Bantuan program keluarga harapan,1
2023-04-22,ACC_KEMENKOPUKM_044_402,ACC_KEMENDIKBUD_023_759,20449151432.97,Belanja Lain-lain,Cadangan risiko fiskal,0
2023-07-26,ACC_PUPR_033_110,ACC_KEMENPAREKRAF_040_440,23682091610.6,Belanja Lain-lain,Belanja tak terduga,0
2023-02-25,ACC_KEMENHAN_012_887,ACC_PERT_018_915,4745761113.4,Belanja Pegawai,Honorarium kegiatan resmi,0
2023-01-16,ACC_SOS_027_492,ACC_KEMENAG_025_891,48115958195.67,Belanja Barang,Pengadaan barang operasional,0
2023-06-17,ACC_BPK_004_538,ACC_PPATK_078_848,11493209934.31,Belanja Bantuan Sosial,Bantuan sosial kebencanaan,0
2023-09-30,ACC_KEU_015_889,ACC_PUPR_033_699,9798898912.93,Belanja Pegawai,Gaji pegawai bulan berjalan,0
2023-06-30,ACC_BPK_004_327,ACC_PUPR_033_108,36011591101.87,Belanja Bantuan Sosial,Bantuan program keluarga harapan,0
2023-03-19,ACC_KEMENHAN_012_016,ACC_KEMENLU_011_327,5500034557.34,Belanja Barang,Belanja ATK dan operasional kantor,0
2023-01-02,ACC_PERT_018_010,ACC_PUPR_033_434,5792386540.96,Belanja Pembayaran Bunga Utang,Pembayaran kupon SUN,0
2023-10-15,ACC_BPK_004_873,ACC_KEMENDAGRI_010_340,39998398859.61,Belanja Barang,Belanja ATK dan operasional kantor,0
2023-08-27,ACC_BPS_054_501,ACC_PPATK_078_058,17960144064.2,Belanja Pembayaran Bunga Utang,Pembayaran imbal hasil obligasi,0
2023-10-06,ACC_POLRI_060_535,ACC_KES_024_410,4563250136.53,Belanja Pegawai,Pembayaran gaji ke-13,0
2023-12-01,ACC_KEMENHAN_012_044,ACC_SOS_027_027,4143577919.14,Belanja Barang,Belanja internet dan komunikasi,0
2023-11-13,ACC_BRIN_124_130,ACC_PUPR_033_567,21474091644.53,Belanja Barang,Belanja ATK dan operasional kantor,0
2023-12-02,ACC_BPK_004_599,ACC_KEMENDIKBUD_023_806,19221001404.84,Belanja Subsidi,Pembayaran subsidi,0
2023-03-20,ACC_KEMENLU_011_579,ACC_KES_024_855,11480408830.73,Belanja Modal,Pengadaan aset TIK,0
2023-04-07,ACC_KEMENDAG_090_169,ACC_KEMENDAGRI_010_681,40323591849.12,Belanja Pembayaran Bunga Utang,Pembayaran bunga SBN,0
2023-03-23,ACC_KEMENHUB_022_043,ACC_KEMENKOPUKM_044_903,13092354310.17,Belanja Lain-lain,Belanja lainnya sesuai ketentuan,0
2023-03-02,ACC_KEMENHAN_012_270,ACC_KOMINFO_059_180,47104535238.45,Belanja Subsidi,Subsidi bunga kredit program,0
2023-08-14,ACC_KEMENAG_025_670,ACC_KEMENDAG_090_740,9003804234.85,Belanja Pembayaran Bunga Utang,Pembayaran bunga pinjaman luar negeri,0
2023-07-28,ACC_KEMENKOPUKM_044_097,ACC_KEMENHAN_012_074,13442801081.87,Belanja Pembayaran Bunga Utang,Pembayaran kupon SUN,0
2023-07-23,ACC_KOMINFO_059_056,ACC_PPATK_078_720,18646354801.91,Belanja Lain-lain,Belanja tak terduga,0
2023-01-15,ACC_ESDM_020_574,ACC_KEU_015_667,68139119992.51,Belanja Pembayaran Bunga Utang,Pembayaran kupon SUN,0
2023-05-10,ACC_KEU_015_639,ACC_BPK_004_292,19300980468.62,Belanja Subsidi,Subsidi pupuk,0
2023-01-13,ACC_KEMENHAN_012_271,ACC_KEMENESDM_020_601,6733224824.25,Belanja Pembayaran Bunga Utang,Pembayaran bunga SBN,0
2023-04-11,ACC_KEMENDAGRI_010_176,ACC_KEU_015_427,13747816440.35,Belanja Pembayaran Bunga Utang,Pembayaran kupon SUN,0
2023-02-10,ACC_PPATK_078_429,ACC_KEMENDAG_090_344,8899139893.73,Belanja Pegawai,Gaji pegawai bulan berjalan,0
2023-08-17,ACC_KOMINFO_059_825,ACC_KEMENDIKBUD_023_130,7064137041.36,Belanja Pegawai,Belanja operasi non-rutin,1
2023-11-14,ACC_BPS_054_984,ACC_KEMENPAREKRAF_040_649,15887044304.46,Belanja Modal,Pembayaran termin proyek resmi,0
2023-04-04,ACC_ESDM_020_168,ACC_BPJS_NA_954,16412569144.77,Belanja Barang,Penyewaan jasa kebersihan,0
2023-05-29,ACC_KES_024_914,ACC_PUPR_033_695,9171349602.14,Belanja Subsidi,Subsidi energi,0
2023-02-14,ACC_KEMENDIKBUD_023_082,ACC_BPS_054_529,7594612513.0,Belanja Barang,Penyewaan jasa kebersihan,0
2023-06-06,ACC_KEMENKOPUKM_044_735,ACC_PPATK_078_132,30729705215.04,Belanja Barang,Pengadaan barang operasional,0
2023-12-29,ACC_KEMENAG_025_620,ACC_SOS_027_265,16600130135.7,Belanja Lain-lain,Belanja tak terduga,1
2023-06-04,ACC_KEMENESDM_020_783,ACC_KEMENLU_011_988,41819157521.1,Belanja Barang,Pengadaan barang operasional,0
2023-08-05,ACC_KEMENAG_025_154,ACC_PUPR_033_154,17955997277.24,Belanja Barang,Belanja pemeliharaan rutin,0
2023-12-04,ACC_BRIN_124_480,ACC_ESDM_020_693,16438226780.74,Belanja Barang,Belanja ATK dan operasional kantor,0
2023-03-17,ACC_KEMENDAG_090_177,ACC_POLRI_060_696,15655743425.21,Belanja Barang,Penyewaan jasa kebersihan,0
2023-12-29,ACC_KEMENLU_011_049,ACC_BPJS_NA_567,25893741462.76,Belanja Barang,Penyewaan jasa kebersihan,0
2023-12-22,ACC_KEMENDAGRI_010_912,ACC_KEMENKOPUKM_044_408,3475476552.51,Belanja Bantuan Sosial,Bantuan pangan nontunai,0
2023-11-14,ACC_BPK_004_129,ACC_KES_024_561,30448431947.28,Belanja Bantuan Sosial,Bansos tunai,0
2023-07-19,ACC_ESDM_020_157,ACC_KEMENAG_025_487,8859489345.36,Belanja Pegawai,Gaji pegawai bulan berjalan,0
2023-05-28,ACC_ESDM_020_336,ACC_SOS_027_071,9437957030.56,Belanja Barang,Belanja ATK dan operasional kantor,0
2023-07-18,ACC_KEMENKOPUKM_044_161,ACC_KEMENDAGRI_010_538,6067785371.57,Belanja Subsidi,Subsidi pangan,0
2023-07-31,ACC_SOS_027_575,ACC_KEMENHUB_022_963,11110099822.12,Belanja Pegawai,Honorarium kegiatan resmi,0
2023-12-30,ACC_KOMINFO_059_730,ACC_KEMENKOPUKM_044_556,5799798798.83,Belanja Lain-lain,Cadangan risiko fiskal,1
2023-03-19,ACC_KEMENKOPUKM_044_728,ACC_POLRI_060_894,2900382197.39,Belanja Pembayaran Bunga Utang,Pembayaran bunga SBN,0
2023-03-07,ACC_KES_024_746,ACC_PERT_018_457,15904570914.33,Belanja Modal,Pembangunan/rehabilitasi gedung,0
2023-07-24,ACC_BPJS_NA_791,ACC_KEMENPERIN_019_337,11487543808.63,Belanja Barang,Pengadaan barang operasional,0
2023-12-28,ACC_KOMINFO_059_558,ACC_KEMENDAGRI_010_899,5120432282.93,Belanja Bantuan Sosial,Bansos tunai,1
2023-10-23,ACC_KES_024_322,ACC_BPJS_NA_512,22523014929.67,Belanja Modal,Pengadaan peralatan dan mesin,0
2023-08-26,ACC_KEMENHAN_012_134,ACC_KEMENLU_011_973,14760179236.453054,Belanja Lain-lain,Belanja lainnya sesuai ketentuan,1
2023-10-05,ACC_BRIN_124_018,ACC_KEMENDAG_090_524,26262158292.17,Belanja Bantuan Sosial,Bantuan pangan nontunai,0
2023-03-12,ACC_PERT_018_480,ACC_KEU_015_560,3759306872.33,Belanja Bantuan Sosial,Bantuan program keluarga harapan,0
2023-03-25,ACC_KEMENKOPUKM_044_155,ACC_KEMENHUB_022_565,36411212140.74,Belanja Pembayaran Bunga Utang,Pembayaran bunga pinjaman luar negeri,0
2023-01-11,ACC_SOS_027_143,ACC_KEMENKOPUKM_044_192,13454479579.34,Belanja Pegawai,Gaji pegawai bulan berjalan,0
2023-03-10,ACC_ESDM_020_535,ACC_SOS_027_693,31883919318.2,Belanja Subsidi,Pembayaran subsidi,0
2023-01-17,ACC_PUPR_033_154,ACC_BPK_004_405,7841735795.43,Belanja Pembayaran Bunga Utang,Pembayaran bunga pinjaman luar negeri,0
2023-09-24,ACC_KOMINFO_059_422,ACC_KEMENLU_011_840,34647719736.94,Belanja Subsidi,Subsidi bunga kredit program,0
2023-01-14,ACC_BRIN_124_778,ACC_KEMENESDM_020_652,5821647755.77,Belanja Lain-lain,Belanja lainnya sesuai ketentuan,0
2023-04-29,ACC_KEMENAG_025_238,ACC_POLRI_060_546,31025458294.64,Belanja Barang,Pengadaan barang operasional,0
2023-08-11,ACC_KEU_015_883,ACC_KES_024_769,6765243523.84,Belanja Pegawai,Tunjangan kinerja triwulan,0
2023-01-04,ACC_KEMENESDM_020_938,ACC_KEMENKOPUKM_044_397,22894921158.13,Belanja Pembayaran Bunga Utang,Pembayaran bunga pinjaman luar negeri,0
2023-12-04,ACC_KES_024_197,ACC_KEMENDAGRI_010_019,26392843622.0,Belanja Pembayaran Bunga Utang,Pembayaran bunga SBN,0
2023-03-22,ACC_PUPR_033_330,ACC_KEMENKOPUKM_044_866,13295833107.73,Belanja Lain-lain,Belanja lainnya sesuai ketentuan,0
2023-05-20,ACC_PERT_018_841,ACC_KEMENAG_025_002,8887460439.54,Belanja Pegawai,Pembayaran THR,0
2023-05-19,ACC_PPATK_078_636,ACC_KEMENLU_011_309,4199101911.66,Belanja Pembayaran Bunga Utang,Pembayaran kupon SUN,0
2023-10-19,ACC_KEU_015_477,ACC_KEMENLU_011_874,12739776405.58,Belanja Subsidi,Subsidi pangan,0
2023-01-14,ACC_PERT_018_752,ACC_KEMENHAN_012_438,36137926179.68,Belanja Modal,Pengadaan peralatan dan mesin,0
2023-06-16,ACC_PERT_018_020,ACC_POLRI_060_216,15804133377.31,Belanja Subsidi,Subsidi bunga kredit program,0
2023-05-09,ACC_KEMENKOPUKM_044_410,ACC_ESDM_020_422,24855474061.06,Belanja Modal,Pembayaran termin proyek resmi,0
2023-11-26,ACC_KEMENPERIN_019_375,ACC_BPK_004_446,9461685649.28,Belanja Bantuan Sosial,Bantuan pangan nontunai,0
2023-05-25,ACC_KEMENPAREKRAF_040_051,ACC_BPS_054_242,15856056699.71,Belanja Pegawai,Pembayaran gaji ke-13,0
2023-09-05,ACC_KEMENPAREKRAF_040_070,ACC_PUPR_033_853,19797381807.36,Belanja Pegawai,Gaji pegawai bulan berjalan,0
2023-02-08,ACC_POLRI_060_984,ACC_KEMENLU_011_801,6278745392.56,Belanja Barang,Belanja ATK dan operasional kantor,0
2023-10-10,ACC_BPS_054_586,ACC_KOMINFO_059_110,13278087087.97,Belanja Modal,Pembangunan infrastruktur jalan,0
2023-02-01,ACC_BPK_004_746,ACC_KEMENESDM_020_794,38348994426.5,Belanja Subsidi,Subsidi pupuk,0
2023-08-20,ACC_KEU_015_894,ACC_KEMENLU_011_343,13778765806.85,Belanja Modal,Pembangunan/rehabilitasi gedung,0
2023-03-05,ACC_KEMENPAREKRAF_040_455,ACC_KEMENHUB_022_232,21525599618.92,Belanja Pegawai,Pembayaran THR,0
2023-08-17,ACC_KEMENHAN_012_226,ACC_KEMENAG_025_596,8045201377.68,Belanja Lain-lain,Cadangan risiko fiskal,0
2023-09-03,ACC_KEMENLU_011_402,ACC_POLRI_060_622,15940391428.86,Belanja Modal,Pengadaan peralatan dan mesin,0
2023-11-05,ACC_KEU_015_906,ACC_KEMENDAGRI_010_343,27148151628.51,Belanja Barang,Belanja internet dan komunikasi,0
2023-05-19,ACC_BPK_004_194,ACC_KEU_015_186,27697724994.91,Belanja Subsidi,Subsidi bunga kredit program,0
2023-03-30,ACC_PUPR_033_836,ACC_KEMENPAREKRAF_040_042,4943492924.83,Belanja Pembayaran Bunga Utang,Pembayaran imbal hasil obligasi,0
2023-08-17,ACC_KEMENAG_025_862,ACC_BPK_004_275,19598232798.76,Belanja Pembayaran Bunga Utang,Pembayaran bunga pinjaman luar negeri,0
2023-05-20,ACC_SOS_027_792,ACC_BPK_004_546,8615555969.31,Belanja Barang,Belanja ATK dan operasional kantor,0
2023-01-18,ACC_POLRI_060_057,ACC_KEMENHUB_022_112,7084546360.5,Belanja Pegawai,Gaji pegawai bulan berjalan,0
2023-10-12,ACC_BPK_004_259,ACC_KEMENAG_025_090,5729414888.81,Belanja Pembayaran Bunga Utang,Pembayaran kupon SUN,0
2023-07-05,ACC_KEMENHAN_012_250,ACC_KEMENHAN_012_250,21900019879.02,Belanja Pembayaran Bunga Utang,Pembayaran bunga pinjaman luar negeri,1
2023-09-15,ACC_BPK_004_639,ACC_KEMENAG_025_997,22170450856.54,Belanja Pegawai,Honorarium kegiatan resmi,0
2023-03-29,ACC_PPATK_078_204,ACC_BPJS_NA_016,5314462576.86,Belanja Modal,Pembangunan/rehabilitasi gedung,0
2023-09-28,ACC_KEMENAG_025_997,ACC_KEU_015_397,15505721788.63,Belanja Pegawai,Honorarium kegiatan resmi,0
2023-11-26,ACC_KEMENAG_025_820,ACC_ESDM_020_845,27616281741.76,Belanja Pembayaran Bunga Utang,Pembayaran bunga pinjaman luar negeri,0
2023-09-05,ACC_KEMENPAREKRAF_040_639,ACC_KEMENHUB_022_775,26838775435.47,Belanja Barang,Penyewaan jasa kebersihan,0
2023-12-21,ACC_PERT_018_255,ACC_KEMENPAREKRAF_040_143,14250179658.52,Belanja Subsidi,Pembayaran subsidi,0
2023-01-11,ACC_KES_024_620,ACC_PUPR_033_026,8835682091.36,Belanja Pegawai,Tunjangan kinerja triwulan,0
2023-05-31,ACC_KEMENPERIN_019_221,ACC_BPK_004_853,33468723857.35,Belanja Lain-lain,Pembayaran kupon SUN,1
2023-05-24,ACC_KEMENDIKBUD_023_990,ACC_KEMENPAREKRAF_040_189,14383138923.06,Belanja Modal,Pembayaran termin proyek resmi,0
2023-04-14,ACC_KEMENDAGRI_010_336,ACC_KEMENPERIN_019_671,8695457695.1,Belanja Lain-lain,Belanja tak terduga,0
2023-12-23,ACC_ESDM_020_256,ACC_KEMENDAGRI_010_353,9407199832.18,Belanja Pegawai,Tunjangan kinerja triwulan,0
2023-01-12,ACC_KEMENDAGRI_010_837,ACC_PUPR_033_950,7197430251.73,Belanja Pegawai,Gaji pegawai bulan berjalan,0
2023-08-14,ACC_ESDM_020_845,ACC_KEMENAG_025_615,9395699558.25,Belanja Pembayaran Bunga Utang,Pembayaran bunga pinjaman luar negeri,0
2023-02-27,ACC_SOS_027_590,ACC_KEMENDIKBUD_023_075,13198657827.52,Belanja Lain-lain,Cadangan risiko fiskal,0
2023-02-25,ACC_KES_024_105,ACC_KEMENHAN_012_200,5690507586.29,Belanja Lain-lain,Belanja operasi non-rutin,0
2023-11-03,ACC_KEMENAG_025_586,ACC_SOS_027_683,4588868286.43,Belanja Lain-lain,Cadangan risiko fiskal,0
2023-03-24,ACC_KEMENDAG_090_182,ACC_KEMENDAGRI_010_307,19255211338.39,Belanja Subsidi,Subsidi energi,0
2023-01-04,ACC_PERT_018_863,ACC_PPATK_078_914,15291994234.74,Belanja Barang,Belanja pemeliharaan rutin,0
2023-04-08,ACC_KEMENESDM_020_420,ACC_KEMENPAREKRAF_040_101,5329311334.01,Belanja Pegawai,Honorarium kegiatan resmi,0
2023-03-02,ACC_PERT_018_309,ACC_BPJS_NA_658,4999242529.32,Belanja Modal,Pembangunan infrastruktur jalan,0
2023-08-14,ACC_BPJS_NA_105,ACC_KEMENPERIN_019_974,138583728943.65,Belanja Subsidi,Subsidi bunga kredit program,0
2023-09-12,ACC_BPK_004_429,ACC_BRIN_124_434,30992098680.54,Belanja Modal,Pembangunan infrastruktur jalan,0
2023-06-16,ACC_PERT_018_864,ACC_KEMENLU_011_730,17431959773.41,Belanja Subsidi,Subsidi bunga kredit program,0
2023-09-08,ACC_PPATK_078_859,ACC_BPJS_NA_856,3135310023.75,Belanja Pegawai,Honorarium kegiatan resmi,0
2023-05-30,ACC_ESDM_020_132,ACC_PERT_018_433,57730066693.67,Belanja Pembayaran Bunga Utang,Pembayaran bunga SBN,0
2023-11-20,ACC_BPJS_NA_199,ACC_KEMENAG_025_215,29275452423.29,Belanja Barang,Belanja pemeliharaan rutin,0
2023-08-27,ACC_KEMENAG_025_927,ACC_PUPR_033_367,18521889691.51,Belanja Pegawai,Tunjangan kinerja triwulan,0
2023-02-20,ACC_KEMENPERIN_019_811,ACC_KEMENDAGRI_010_610,26234067658.04,Belanja Lain-lain,Belanja tak terduga,0
2023-07-04,ACC_KEMENESDM_020_367,ACC_KEMENAG_025_461,2316470998.79,Belanja Bantuan Sosial,Transfer bantuan sosial,0
2023-07-14,ACC_KEMENPAREKRAF_040_214,ACC_ESDM_020_369,8729255076.85,Belanja Bantuan Sosial,Bantuan pangan nontunai,0
2023-11-01,ACC_PPATK_078_588,ACC_KES_024_311,9397953243.7,Belanja Pegawai,Tunjangan kinerja triwulan,0
2023-07-15,ACC_KEMENHAN_012_863,ACC_KEMENDAGRI_010_044,19171068879.53,Belanja Pegawai,Tunjangan kinerja triwulan,0
2023-07-26,ACC_KEMENESDM_020_151,ACC_KES_024_668,16994640346.22,Belanja Barang,Penyewaan jasa kebersihan,0
2023-05-25,ACC_KEMENKOPUKM_044_037,ACC_KEU_015_333,35179977138.57,Belanja Barang,Penyewaan jasa kebersihan,0
2023-12-22,ACC_KOMINFO_059_468,ACC_BPK_004_820,7927129583.83,Belanja Pembayaran Bunga Utang,Pembayaran bunga SBN,0
2023-10-27,ACC_KEMENHAN_012_007,ACC_POLRI_060_761,14336991530.73,Belanja Lain-lain,Belanja lainnya sesuai ketentuan,0
2023-11-21,ACC_PPATK_078_055,ACC_KEU_015_778,12840477852.34,Belanja Pegawai,Gaji pegawai bulan berjalan,0
2023-10-24,ACC_KEMENLU_011_973,ACC_KEMENKOPUKM_044_231,17062411257.1,Belanja Modal,Pengadaan aset TIK,0
2023-05-08,ACC_PERT_018_691,ACC_BPS_054_405,56118207927.98,Belanja Bantuan Sosial,Bantuan program keluarga harapan,0
2023-04-02,ACC_KEMENLU_011_881,ACC_KEMENHAN_012_743,7932806213.45,Belanja Pegawai,Pembayaran gaji ke-13,0
2023-05-25,ACC_KEMENLU_011_069,ACC_SOS_027_058,16397307783.71,Belanja Pembayaran Bunga Utang,Pembayaran kupon SUN,0
2023-11-04,ACC_KEMENAG_025_445,ACC_KEMENESDM_020_296,10174175150.25,Belanja Pegawai,Tunjangan kinerja triwulan,0
2023-10-19,ACC_PERT_018_378,ACC_KEMENKOPUKM_044_620,17267072165.07,Belanja Modal,Pembayaran termin proyek resmi,0
2023-09-19,ACC_PUPR_033_825,ACC_KEMENDAG_090_897,41510128447.62,Belanja Modal,Pembayaran termin proyek resmi,0
2023-03-21,ACC_KEMENDAGRI_010_824,ACC_POLRI_060_238,39952595808.21,Belanja Subsidi,Pembayaran subsidi,0
2023-07-01,ACC_KES_024_025,ACC_KEMENDAGRI_010_156,19324577333.24,Belanja Modal,Pengadaan peralatan dan mesin,0
2023-02-26,ACC_KEMENLU_011_605,ACC_PERT_018_019,3563686567.63,Belanja Barang,Pengadaan barang operasional,0
2023-07-12,ACC_KEMENHUB_022_237,ACC_KES_024_387,15224459475.3,Belanja Modal,Pembangunan/rehabilitasi gedung,0
2023-06-02,ACC_KEMENPERIN_019_639,ACC_KEMENPAREKRAF_040_237,8457128916.43,Belanja Subsidi,Pembayaran subsidi,0
2023-02-24,ACC_BPS_054_980,ACC_KEMENESDM_020_436,3515857051.12,Belanja Modal,Pengadaan peralatan dan mesin,0
2023-07-17,ACC_KEMENPERIN_019_371,ACC_BPS_054_373,9277230752.89,Belanja Pegawai,Tunjangan kinerja triwulan,0
2023-03-28,ACC_PUPR_033_201,ACC_SOS_027_849,38103648189.45,Belanja Pembayaran Bunga Utang,Pembayaran imbal hasil obligasi,0
2023-04-28,ACC_KOMINFO_059_703,ACC_BPS_054_554,20121582591.4,Belanja Pembayaran Bunga Utang,Pembayaran imbal hasil obligasi,0
2023-10-03,ACC_BRIN_124_329,ACC_KEMENDAG_090_017,14603967547.56,Belanja Lain-lain,Cadangan risiko fiskal,0
2023-01-19,ACC_BPK_004_529,ACC_SOS_027_837,30992904851.75,Belanja Pegawai,Gaji pegawai bulan berjalan,0
2023-09-03,ACC_KEMENLU_011_763,ACC_KEMENAG_025_967,13755250890.94,Belanja Lain-lain,Belanja operasi non-rutin,0
2023-12-29,ACC_ESDM_020_670,ACC_PUPR_033_204,7795292847.8,Belanja Pembayaran Bunga Utang,Pembayaran imbal hasil obligasi,1
2023-10-12,ACC_KEU_015_969,ACC_BPS_054_196,10058461562.16,Belanja Bantuan Sosial,Transfer bantuan sosial,0
2023-02-26,ACC_KEMENDAG_090_723,ACC_BRIN_124_780,19725973224.45,Belanja Pembayaran Bunga Utang,Pembayaran kupon SUN,0
2023-10-13,ACC_KOMINFO_059_344,ACC_SOS_027_715,31059303337.87,Belanja Pegawai,Gaji pegawai bulan berjalan,0
2023-09-09,ACC_KOMINFO_059_265,ACC_PERT_018_271,3814896669.74,Belanja Pegawai,Honorarium kegiatan resmi,0
2023-07-07,ACC_KES_024_419,ACC_KEMENPAREKRAF_040_726,4802124212.78,Belanja Pegawai,Gaji pegawai bulan berjalan,0
2023-08-01,ACC_KEMENDAG_090_433,ACC_KEMENLU_011_109,67634913695.25,Belanja Subsidi,Subsidi pangan,0
2023-02-16,ACC_KEMENPAREKRAF_040_379,ACC_BRIN_124_827,8842780616.09,Belanja Modal,Pembangunan/rehabilitasi gedung,0
2023-01-27,ACC_KES_024_732,ACC_KEMENESDM_020_530,15101290413.79,Belanja Barang,Belanja internet dan komunikasi,0
2023-03-23,ACC_KEMENLU_011_428,ACC_PERT_018_584,6933295810.44,Belanja Pembayaran Bunga Utang,Pembayaran imbal hasil obligasi,0
2023-02-07,ACC_KEMENLU_011_955,ACC_KEMENHAN_012_511,9889668798.83,Belanja Pembayaran Bunga Utang,Pembayaran bunga pinjaman luar negeri,0
2023-07-20,ACC_KEMENKOPUKM_044_494,ACC_PUPR_033_200,48128823457.83,Belanja Pembayaran Bunga Utang,Pembayaran imbal hasil obligasi,0
2023-07-23,ACC_KEMENKOPUKM_044_194,ACC_POLRI_060_235,18327351917.67,Belanja Lain-lain,Belanja tak terduga,0
2023-06-08,ACC_POLRI_060_279,ACC_KEMENAG_025_816,8179892295.33,Belanja Pegawai,Gaji pegawai bulan berjalan,0
2023-07-04,ACC_ESDM_020_351,ACC_BPJS_NA_140,5262621985.92,Belanja Subsidi,Pembayaran subsidi,0
2023-04-18,ACC_KES_024_178,ACC_BRIN_124_810,4581286886.26,Belanja Lain-lain,Cadangan risiko fiskal,0
2023-03-15,ACC_KEMENHUB_022_463,ACC_BPS_054_990,13860565106.93,Belanja Barang,Belanja internet dan komunikasi,0
2023-01-17,ACC_BPK_004_196,ACC_KEMENHUB_022_327,22908627919.61,Belanja Pembayaran Bunga Utang,Pembayaran bunga SBN,0
2023-04-29,ACC_KEMENLU_011_674,ACC_KEMENDIKBUD_023_710,30225323006.81,Belanja Pembayaran Bunga Utang,Pembayaran kupon SUN,0
2023-02-14,ACC_KEMENHUB_022_314,ACC_BRIN_124_179,66698170158.73,Belanja Modal,Pengadaan aset TIK,0
2023-01-03,ACC_KEMENAG_025_214,ACC_BPK_004_854,13189208260.69,Belanja Barang,Belanja pemeliharaan rutin,0
2023-03-08,ACC_KEMENDAG_090_509,ACC_KES_024_332,25035657795.42,Belanja Lain-lain,Belanja operasi non-rutin,0
2023-11-18,ACC_BPJS_NA_004,ACC_PUPR_033_138,11067987471.77,Belanja Modal,Pembangunan infrastruktur jalan,0
2023-01-17,ACC_KEMENAG_025_052,ACC_KEMENDIKBUD_023_646,8220275159.85,Belanja Barang,Belanja internet dan komunikasi,0
2023-01-04,ACC_BRIN_124_152,ACC_KEMENPERIN_019_955,7759079824.67,Belanja Subsidi,Subsidi energi,0
2023-11-20,ACC_SOS_027_869,ACC_KEMENKOPUKM_044_168,20083039528.37,Belanja Modal,Pengadaan peralatan dan mesin,0
2023-10-23,ACC_PERT_018_461,ACC_KOMINFO_059_324,6530266399.66,Belanja Subsidi,Subsidi energi,0
2023-05-21,ACC_ESDM_020_667,ACC_PUPR_033_262,10445291093.57,Belanja Subsidi,Subsidi pangan,0
2023-09-15,ACC_KES_024_761,ACC_BRIN_124_589,13453742214.77,Belanja Pembayaran Bunga Utang,Pembayaran subsidi,1
2023-11-04,ACC_KOMINFO_059_348,ACC_KEMENESDM_020_171,17142521214.67,Belanja Modal,Pengadaan peralatan dan mesin,0
2023-11-19,ACC_KEMENPERIN_019_227,ACC_POLRI_060_444,5463792040.34,Belanja Bantuan Sosial,Bantuan pangan nontunai,0
2023-08-04,ACC_PPATK_078_581,ACC_KES_024_084,17143507051.46,Belanja Modal,Pembayaran termin proyek resmi,0
2023-12-19,ACC_KEMENLU_011_057,ACC_KEMENHUB_022_040,32752683414.84,Belanja Bantuan Sosial,Bantuan program keluarga harapan,0
2023-05-08,ACC_KEMENHUB_022_173,ACC_KEMENDAGRI_010_547,144868737236.39,Belanja Modal,Pembangunan/rehabilitasi gedung,0
2023-11-23,ACC_KEMENDIKBUD_023_117,ACC_KEMENKOPUKM_044_184,39068397997.92,Belanja Modal,Pembayaran termin proyek resmi,0
2023-04-26,ACC_BPJS_NA_162,ACC_KEMENPERIN_019_579,5022921692.44,Belanja Pembayaran Bunga Utang,Pembayaran kupon SUN,0
2023-03-07,ACC_SOS_027_070,ACC_BPS_054_809,9471731599.39,Belanja Pegawai,Tunjangan kinerja triwulan,0
2023-01-20,ACC_ESDM_020_441,ACC_KEMENAG_025_738,3771331435.57,Belanja Pegawai,Pembayaran gaji ke-13,0
2023-05-25,ACC_KEMENAG_025_557,ACC_SOS_027_395,6732732352.79,Belanja Barang,Pengadaan barang operasional,0
2023-04-01,ACC_KEMENAG_025_750,ACC_SOS_027_070,9133394054.03,Belanja Pegawai,Honorarium kegiatan resmi,0
2023-12-01,ACC_KEMENHUB_022_764,ACC_KEMENHAN_012_369,17386387209.52,Belanja Barang,Belanja pemeliharaan rutin,0
2023-06-14,ACC_POLRI_060_049,ACC_KEMENLU_011_052,24863942628.66,Belanja Bantuan Sosial,Bantuan program keluarga harapan,0
2023-10-01,ACC_KEMENAG_025_166,ACC_KEMENPERIN_019_374,9471571178.05,Belanja Barang,Belanja pemeliharaan rutin,0
2023-08-31,ACC_PUPR_033_479,ACC_PERT_018_832,15342780262.43,Belanja Pegawai,Honorarium kegiatan resmi,0
2023-03-23,ACC_KEMENLU_011_087,ACC_ESDM_020_225,23550333154.81,Belanja Pembayaran Bunga Utang,Pembayaran kupon SUN,0
2023-12-24,ACC_PUPR_033_163,ACC_KEMENLU_011_610,6133143540.26,Belanja Pegawai,Honorarium kegiatan resmi,0
2023-11-11,ACC_BPJS_NA_837,ACC_BPK_004_375,1972706927.34,Belanja Bantuan Sosial,Transfer bantuan sosial,0
2023-08-19,ACC_PPATK_078_301,ACC_KEMENPAREKRAF_040_660,100523334577.17,Belanja Modal,Pembangunan/rehabilitasi gedung,0
2023-02-07,ACC_KEMENHAN_012_453,ACC_KEU_015_471,13361326456.48,Belanja Pembayaran Bunga Utang,Pembayaran imbal hasil obligasi,0
2023-02-22,ACC_KEMENDAG_090_911,ACC_POLRI_060_224,12448328708.81,Belanja Subsidi,Subsidi pangan,0
2023-12-15,ACC_BPJS_NA_182,ACC_BRIN_124_637,29039017364.31,Belanja Subsidi,Pembayaran subsidi,0
2023-02-08,ACC_BPK_004_772,ACC_ESDM_020_894,7078760799.9,Belanja Pegawai,Honorarium kegiatan resmi,0
2023-04-07,ACC_PPATK_078_870,ACC_KEMENKOPUKM_044_442,18198655557.42,Belanja Barang,Penyewaan jasa kebersihan,0
2023-01-21,ACC_POLRI_060_551,ACC_PPATK_078_735,8828609973.07,Belanja Pegawai,Pembayaran THR,0
2023-04-09,ACC_KEMENPERIN_019_291,ACC_KEMENESDM_020_671,24615137228.09,Belanja Barang,Pengadaan barang operasional,0
2023-10-08,ACC_KOMINFO_059_043,ACC_KEMENKOPUKM_044_486,18689408910.98,Belanja Barang,Belanja ATK dan operasional kantor,0
2023-05-06,ACC_BPS_054_492,ACC_PPATK_078_509,15826102399.55,Belanja Pembayaran Bunga Utang,Pembayaran kupon SUN,0
2023-03-10,ACC_KEMENDIKBUD_023_777,ACC_KEMENHAN_012_258,17867126286.42,Belanja Modal,Pembayaran termin proyek resmi,0
2023-03-26,ACC_KEMENDIKBUD_023_049,ACC_PERT_018_495,11260253262.67,Belanja Modal,Pembayaran termin proyek resmi,0
2023-06-26,ACC_KEMENDAG_090_387,ACC_BPJS_NA_970,3690829122.7,Belanja Lain-lain,Belanja operasi non-rutin,0
2023-12-12,ACC_ESDM_020_230,ACC_KEMENDIKBUD_023_255,26527057608.54,Belanja Pembayaran Bunga Utang,Pembayaran bunga SBN,0
2023-03-13,ACC_PERT_018_261,ACC_KOMINFO_059_766,24203548228.22,Belanja Barang,Belanja ATK dan operasional kantor,0
2023-01-13,ACC_PUPR_033_888,ACC_BPK_004_208,23977770359.81,Belanja Pembayaran Bunga Utang,Pembayaran bunga SBN,0
2023-05-29,ACC_KEMENKOPUKM_044_834,ACC_PUPR_033_438,11060355074.01,Belanja Modal,Pembangunan/rehabilitasi gedung,0
2023-12-24,ACC_BPJS_NA_174,ACC_KOMINFO_059_217,263852403088.05,Belanja Subsidi,Subsidi bunga kredit program,0
2023-09-21,ACC_KEMENHAN_012_609,ACC_KEMENKOPUKM_044_629,13578498770.37,Belanja Bantuan Sosial,Bantuan sosial kebencanaan,0
2023-12-07,ACC_KEMENLU_011_448,ACC_KEMENESDM_020_248,7679510164.07,Belanja Pembayaran Bunga Utang,Pembayaran bunga SBN,0
2023-02-27,ACC_BRIN_124_302,ACC_BRIN_124_302,5996270590.02,Belanja Pegawai,Tunjangan kinerja triwulan,1
2023-04-04,ACC_KEMENHAN_012_666,ACC_KEMENPAREKRAF_040_394,103217788634.81,Belanja Pembayaran Bunga Utang,Pembayaran kupon SUN,0
2023-03-21,ACC_PERT_018_804,ACC_KEMENPAREKRAF_040_084,31614095545.94,Belanja Pembayaran Bunga Utang,Pembayaran imbal hasil obligasi,0
2023-08-20,ACC_KEMENHAN_012_093,ACC_KEMENHAN_012_093,21731406294.58,Belanja Barang,Penyewaan jasa kebersihan,1
2023-06-15,ACC_PPATK_078_159,ACC_BPJS_NA_014,16248268463.22,Belanja Pembayaran Bunga Utang,Pembayaran bunga SBN,0
2023-04-01,ACC_KEMENDAG_090_216,ACC_KEU_015_973,3096938852.38,Belanja Lain-lain,Belanja operasi non-rutin,0
2023-11-01,ACC_PUPR_033_939,ACC_PERT_018_988,11957482934.1,Belanja Pegawai,Pembayaran gaji ke-13,0
2023-05-15,ACC_KOMINFO_059_042,ACC_KOMINFO_059_042,32037525757.83,Belanja Pembayaran Bunga Utang,Pembayaran bunga pinjaman luar negeri,1
2023-02-27,ACC_BRIN_124_814,ACC_KOMINFO_059_834,32809600388.28,Belanja Barang,Penyewaan jasa kebersihan,0
2023-07-01,ACC_KEMENESDM_020_125,ACC_BPS_054_067,7958606711.97,Belanja Pembayaran Bunga Utang,Pembayaran bunga SBN,0
2023-11-10,ACC_BRIN_124_326,ACC_KEU_015_565,24600714469.62,Belanja Pembayaran Bunga Utang,Pembayaran kupon SUN,0
2023-07-23,ACC_ESDM_020_662,ACC_KEMENESDM_020_805,46430508240.81,Belanja Subsidi,Subsidi energi,0
2023-01-24,ACC_KEMENPERIN_019_368,ACC_KEU_015_212,29606212024.19,Belanja Modal,Pengadaan peralatan dan mesin,0
2023-04-26,ACC_POLRI_060_749,ACC_KEMENPERIN_019_478,20417122206.51,Belanja Pembayaran Bunga Utang,Pembayaran imbal hasil obligasi,0
2023-09-16,ACC_BPJS_NA_046,ACC_KEMENESDM_020_823,13736690870.7,Belanja Barang,Penyewaan jasa kebersihan,0
2023-11-29,ACC_BPS_054_449,ACC_KEMENLU_011_536,9548451812.7,Belanja Pegawai,Honorarium kegiatan resmi,0
2023-02-04,ACC_KEMENKOPUKM_044_536,ACC_POLRI_060_540,3742974395.1,Belanja Pegawai,Tunjangan kinerja triwulan,0
2023-08-31,ACC_KEMENKOPUKM_044_950,ACC_KEMENDAG_090_207,23154391889.49,Belanja Barang,Belanja internet dan komunikasi,0
2023-09-06,ACC_KEMENPERIN_019_994,ACC_KEMENLU_011_779,6157994220.87,Belanja Pegawai,Pembayaran gaji ke-13,0
2023-11-21,ACC_SOS_027_483,ACC_KEU_015_397,26629034699.66,Belanja Bantuan Sosial,Bantuan sosial kebencanaan,0
2023-04-13,ACC_BRIN_124_297,ACC_KEMENHAN_012_178,10663744864.97,Belanja Lain-lain,Cadangan risiko fiskal,0
2023-01-07,ACC_KEMENDAG_090_049,ACC_BRIN_124_538,22125528809.54,Belanja Pembayaran Bunga Utang,Pembayaran bunga SBN,0
2023-06-25,ACC_KEMENPAREKRAF_040_591,ACC_KES_024_002,12749961861.38,Belanja Barang,Penyewaan jasa kebersihan,0
2023-01-28,ACC_POLRI_060_333,ACC_KEMENESDM_020_001,17067368854.66,Belanja Lain-lain,Cadangan risiko fiskal,0
2023-02-04,ACC_POLRI_060_112,ACC_KEMENESDM_020_798,18561848792.46,Belanja Modal,Pembangunan/rehabilitasi gedung,0
2023-05-08,ACC_KOMINFO_059_307,ACC_ESDM_020_534,22018519282.51,Belanja Pegawai,Pembayaran gaji ke-13,0
2023-04-19,ACC_BPK_004_372,ACC_PUPR_033_357,14781718172.95,Belanja Modal,Pembangunan infrastruktur jalan,0
2023-06-18,ACC_KEMENLU_011_914,ACC_BRIN_124_534,7272578746.31,Belanja Pegawai,Honorarium kegiatan resmi,0
2023-04-10,ACC_BRIN_124_384,ACC_ESDM_020_812,30838603525.41,Belanja Barang,Pengadaan barang operasional,0
2023-06-08,ACC_KEMENESDM_020_243,ACC_KEMENPAREKRAF_040_073,35077731991.53,Belanja Pembayaran Bunga Utang,Pembayaran imbal hasil obligasi,0
2023-02-18,ACC_POLRI_060_101,ACC_BPS_054_514,17962849087.38,Belanja Modal,Pengadaan aset TIK,0
2023-08-31,ACC_KEMENLU_011_297,ACC_PPATK_078_211,29858077390.16,Belanja Pembayaran Bunga Utang,Pembayaran bunga SBN,0
2023-03-23,ACC_KEMENAG_025_656,ACC_BPJS_NA_388,7898430978.2,Belanja Bantuan Sosial,Belanja ATK dan operasional kantor,1
2023-12-21,ACC_KOMINFO_059_389,ACC_KEMENDAGRI_010_337,5317981495.65,Belanja Pembayaran Bunga Utang,Pembayaran bunga pinjaman luar negeri,0
2023-02-01,ACC_BRIN_124_074,ACC_KEMENHUB_022_171,3054940511.88,Belanja Pegawai,Pembayaran THR,0
2023-04-10,ACC_BRIN_124_658,ACC_KEMENHAN_012_009,12168629613.69,Belanja Pegawai,Pembayaran gaji ke-13,0
2023-01-29,ACC_KEMENDAG_090_893,ACC_PERT_018_114,21883962870.69,Belanja Barang,Belanja internet dan komunikasi,0
2023-06-06,ACC_PERT_018_335,ACC_KEMENDAG_090_861,47573509297.67,Belanja Subsidi,Pembayaran subsidi,0
2023-08-30,ACC_KEMENPAREKRAF_040_441,ACC_ESDM_020_945,7392193098.97,Belanja Barang,Penyewaan jasa kebersihan,0
2023-04-24,ACC_PPATK_078_062,ACC_KEMENHUB_022_874,40692413952.47,Belanja Subsidi,Subsidi energi,0
2023-12-28,ACC_BRIN_124_722,ACC_KEMENDAGRI_010_954,4696129390.73,Belanja Pegawai,Gaji pegawai bulan berjalan,0
2023-12-19,ACC_BPK_004_092,ACC_KEMENHAN_012_052,8991667994.94,Belanja Barang,Belanja ATK dan operasional kantor,0
2023-10-27,ACC_PPATK_078_098,ACC_KEMENDAG_090_236,5967649188.78,Belanja Lain-lain,Belanja operasi non-rutin,0
2023-03-08,ACC_KEMENDAGRI_010_542,ACC_KEMENHAN_012_114,18695179685.32,Belanja Pembayaran Bunga Utang,Pembayaran imbal hasil obligasi,0
2023-05-11,ACC_KEMENAG_025_474,ACC_KEMENDAG_090_697,13202015162.97,Belanja Barang,Belanja pemeliharaan rutin,0
2023-01-03,ACC_SOS_027_430,ACC_KEMENPAREKRAF_040_580,12633724565.38,Belanja Barang,Pengadaan barang operasional,0
2023-05-21,ACC_KEMENESDM_020_743,ACC_KEMENAG_025_300,10244828102.33,Belanja Modal,Pembangunan infrastruktur jalan,0
2023-01-31,ACC_KEMENPERIN_019_047,ACC_KES_024_130,12420339978.89,Belanja Pegawai,Pembayaran THR,0
2023-11-29,ACC_KOMINFO_059_622,ACC_KEMENDIKBUD_023_581,7676223456.83,Belanja Barang,Pengadaan barang operasional,0
2023-06-20,ACC_BRIN_124_383,ACC_KEMENLU_011_985,44431402247.65,Belanja Modal,Pembangunan infrastruktur jalan,0
2023-10-13,ACC_KEMENDAG_090_071,ACC_BPS_054_767,49588429596.1,Belanja Subsidi,Pembayaran subsidi,0
2023-01-26,ACC_ESDM_020_313,ACC_KOMINFO_059_126,16066395781.09,Belanja Barang,Penyewaan jasa kebersihan,0
2023-07-17,ACC_BPS_054_811,ACC_KEMENAG_025_188,13259953816.77,Belanja Bantuan Sosial,Bantuan program keluarga harapan,0
2023-01-11,ACC_ESDM_020_871,ACC_KEMENDAGRI_010_354,15264987370.07,Belanja Pembayaran Bunga Utang,Pembayaran bunga pinjaman luar negeri,0
2023-03-26,ACC_KES_024_100,ACC_KES_024_100,41542464999.04,Belanja Modal,Pembangunan/rehabilitasi gedung,1
2023-04-24,ACC_KEMENESDM_020_491,ACC_PERT_018_255,4364992017.72,Belanja Pegawai,Honorarium kegiatan resmi,0
2023-01-30,ACC_KEMENESDM_020_264,ACC_PUPR_033_610,16357157194.59,Belanja Pegawai,Gaji pegawai bulan berjalan,0
2023-07-26,ACC_KEMENKOPUKM_044_896,ACC_POLRI_060_328,8309181182.23,Belanja Pegawai,Tunjangan kinerja triwulan,0
2023-02-09,ACC_PERT_018_992,ACC_KEMENAG_025_026,36682326470.44,Belanja Pembayaran Bunga Utang,Pembayaran bunga pinjaman luar negeri,0
2023-06-16,ACC_KEMENPAREKRAF_040_700,ACC_KES_024_169,6312039905.49,Belanja Modal,Pengadaan peralatan dan mesin,0
2023-08-17,ACC_KEMENPERIN_019_979,ACC_BPS_054_609,10464353911.69,Belanja Pegawai,Pembayaran THR,0
2023-01-12,ACC_KEMENLU_011_072,ACC_BPS_054_645,18654942327.69,Belanja Barang,Belanja pemeliharaan rutin,0
2023-06-26,ACC_KEMENLU_011_282,ACC_KEU_015_133,53836386366.77,Belanja Modal,Pembayaran termin proyek resmi,0
2023-10-06,ACC_KEMENHUB_022_865,ACC_KOMINFO_059_747,19052570383.67,Belanja Barang,Penyewaan jasa kebersihan,0
2023-04-27,ACC_KEU_015_798,ACC_KEMENDAGRI_010_794,31917968214.77,Belanja Pembayaran Bunga Utang,Pembayaran bunga pinjaman luar negeri,0
2023-08-29,ACC_KEU_015_422,ACC_BRIN_124_898,14465227045.57,Belanja Barang,Pengadaan barang operasional,0
2023-02-15,ACC_KEMENESDM_020_050,ACC_PPATK_078_678,12200244864.42,Belanja Lain-lain,Belanja tak terduga,0
2023-11-26,ACC_BPK_004_785,ACC_BPJS_NA_759,25155064987.41,Belanja Pegawai,Honorarium kegiatan resmi,0
2023-07-05,ACC_KEMENDAG_090_070,ACC_ESDM_020_974,23374731071.87,Belanja Barang,Pengadaan barang operasional,0
2023-04-09,ACC_KEMENLU_011_910,ACC_KEMENDIKBUD_023_278,15008682693.26,Belanja Barang,Belanja internet dan komunikasi,0
2023-04-14,ACC_KEMENDAG_090_946,ACC_PERT_018_601,21659840411.98,Belanja Bantuan Sosial,Transfer bantuan sosial,0
2023-09-08,ACC_PUPR_033_521,ACC_KEMENDAG_090_079,50104293396.66,Belanja Pembayaran Bunga Utang,Pembayaran imbal hasil obligasi,0
2023-09-26,ACC_KEMENKOPUKM_044_226,ACC_PPATK_078_051,15645130711.03,Belanja Modal,Pembangunan infrastruktur jalan,0
2023-04-30,ACC_KEMENPERIN_019_443,ACC_KEMENDIKBUD_023_838,8761607980.43,Belanja Lain-lain,Cadangan risiko fiskal,0
2023-07-11,ACC_BPS_054_497,ACC_BRIN_124_403,7546234726.84,Belanja Barang,Belanja ATK dan operasional kantor,0
2023-04-04,ACC_KEMENDAGRI_010_452,ACC_KEMENPAREKRAF_040_965,4581009304.07,Belanja Pegawai,Honorarium kegiatan resmi,0
2023-04-02,ACC_KOMINFO_059_575,ACC_PERT_018_029,17972717876.34,Belanja Lain-lain,Belanja operasi non-rutin,0
2023-06-22,ACC_KEU_015_720,ACC_BPK_004_944,10931990605.52,Belanja Bantuan Sosial,Bansos tunai,0
2023-12-22,ACC_PPATK_078_139,ACC_PPATK_078_139,9710817396.14,Belanja Barang,Belanja ATK dan operasional kantor,1
2023-05-23,ACC_PPATK_078_828,ACC_KEU_015_351,31025236999.49,Belanja Subsidi,Subsidi pupuk,0
2023-10-26,ACC_KEMENDIKBUD_023_720,ACC_PERT_018_842,251879225337.29507,Belanja Barang,Pengadaan barang operasional,1
2023-06-01,ACC_KEMENHAN_012_215,ACC_BPJS_NA_834,5172539048.62,Belanja Pegawai,Gaji pegawai bulan berjalan,0
2023-08-20,ACC_KEMENLU_011_794,ACC_KEMENESDM_020_541,37432198842.42,Belanja Pembayaran Bunga Utang,Pembayaran imbal hasil obligasi,0
2023-11-17,ACC_KEMENHUB_022_437,ACC_KEMENPERIN_019_323,13234521017.12,Belanja Pegawai,Gaji pegawai bulan berjalan,0
2023-10-21,ACC_KEMENPERIN_019_599,ACC_PUPR_033_149,43273190106.04,Belanja Pembayaran Bunga Utang,Pembayaran bunga SBN,0
2023-07-17,ACC_KEMENESDM_020_556,ACC_KEU_015_356,36465307737.21,Belanja Subsidi,Pembayaran subsidi,0
2023-01-17,ACC_BPJS_NA_639,ACC_SOS_027_379,9020849373.72,Belanja Pegawai,Pembayaran THR,0
2023-08-02,ACC_KEMENKOPUKM_044_215,ACC_KEMENLU_011_158,6764739164.37,Belanja Pegawai,Gaji pegawai bulan berjalan,0
2023-03-26,ACC_KEMENHUB_022_267,ACC_POLRI_060_069,13905053670.04,Belanja Pegawai,Pembayaran THR,0
2023-06-10,ACC_BPJS_NA_423,ACC_ESDM_020_606,10512676983.79,Belanja Pegawai,Tunjangan kinerja triwulan,0
2023-04-25,ACC_BPJS_NA_220,ACC_BRIN_124_956,7649538787.49,Belanja Modal,Pembayaran termin proyek resmi,0
2023-12-25,ACC_KEMENDAG_090_101,ACC_BPS_054_533,15035744004.4,Belanja Pegawai,Gaji pegawai bulan berjalan,0
2023-06-29,ACC_BRIN_124_941,ACC_KEMENDIKBUD_023_341,15720939876.51,Belanja Barang,Penyewaan jasa kebersihan,0
2023-01-25,ACC_KEMENPERIN_019_386,ACC_BPJS_NA_633,10431464962.03,Belanja Modal,Pengadaan peralatan dan mesin,0
2023-06-18,ACC_BPS_054_323,ACC_SOS_027_737,21650295284.53,Belanja Subsidi,Subsidi pupuk,0
2023-02-17,ACC_PPATK_078_921,ACC_KEMENPERIN_019_825,13815861813.31,Belanja Pembayaran Bunga Utang,Pembayaran bunga SBN,0
2023-11-28,ACC_KEMENDAG_090_606,ACC_SOS_027_261,14753198938.39,Belanja Lain-lain,Belanja lainnya sesuai ketentuan,0
2023-03-10,ACC_KEMENPAREKRAF_040_472,ACC_KOMINFO_059_104,21745314511.64,Belanja Pembayaran Bunga Utang,Pembayaran bunga pinjaman luar negeri,0
2023-07-19,ACC_POLRI_060_216,ACC_KEMENDIKBUD_023_946,9640420685.68,Belanja Subsidi,Subsidi energi,0
2023-07-24,ACC_KEMENHAN_012_877,ACC_BPJS_NA_551,11785873687.53,Belanja Pembayaran Bunga Utang,Pembayaran kupon SUN,0
2023-09-13,ACC_KEMENDAG_090_992,ACC_PERT_018_766,18470650650.36,Belanja Lain-lain,Belanja lainnya sesuai ketentuan,0
2023-03-18,ACC_KEMENHUB_022_700,ACC_KEMENPAREKRAF_040_507,9998194167.76,Belanja Barang,Belanja ATK dan operasional kantor,0
2023-01-15,ACC_BPJS_NA_804,ACC_KEMENPAREKRAF_040_831,13239624406.93,Belanja Lain-lain,Cadangan risiko fiskal,0
2023-11-01,ACC_BPK_004_146,ACC_KEU_015_775,31564399562.08,Belanja Barang,Pengadaan barang operasional,0
2023-03-01,ACC_BRIN_124_311,ACC_KES_024_528,10706460816.05,Belanja Modal,Pembayaran termin proyek resmi,0
2023-09-02,ACC_KEMENAG_025_782,ACC_BRIN_124_079,17780245567.75,Belanja Modal,Pengadaan aset TIK,0
2023-06-02,ACC_ESDM_020_789,ACC_KES_024_401,8742854622.53,Belanja Modal,Pembangunan infrastruktur jalan,0
2023-04-03,ACC_KES_024_788,ACC_PPATK_078_158,6531808484.64,Belanja Modal,Pembayaran termin proyek resmi,0
2023-12-25,ACC_POLRI_060_440,ACC_KEMENESDM_020_589,4473522642.03,Belanja Bantuan Sosial,Bansos tunai,0
2023-01-18,ACC_KEMENKOPUKM_044_073,ACC_KEMENDAG_090_929,14552247802.14,Belanja Subsidi,Subsidi bunga kredit program,0
2023-01-17,ACC_KEMENKOPUKM_044_531,ACC_PUPR_033_731,9622255673.57,Belanja Lain-lain,Belanja lainnya sesuai ketentuan,0
2023-07-15,ACC_PERT_018_842,ACC_PUPR_033_202,16796437849.56,Belanja Lain-lain,Cadangan risiko fiskal,0
2023-01-11,ACC_KEMENHAN_012_859,ACC_BRIN_124_400,186631018022.93,Belanja Subsidi,Subsidi bunga kredit program,0
2023-03-21,ACC_BPS_054_007,ACC_PPATK_078_272,3131749588.36,Belanja Pegawai,Gaji pegawai bulan berjalan,0
2023-01-16,ACC_SOS_027_424,ACC_PUPR_033_524,9661862468.99,Belanja Bantuan Sosial,Transfer bantuan sosial,0
2023-09-30,ACC_ESDM_020_288,ACC_BRIN_124_809,6287085965.12,Belanja Barang,Belanja ATK dan operasional kantor,0
2023-10-10,ACC_KEMENDAGRI_010_404,ACC_KEMENDAGRI_010_404,51469816521.76,Belanja Modal,Pengadaan aset TIK,1
2023-02-24,ACC_KEMENPERIN_019_769,ACC_POLRI_060_101,39482120270.75,Belanja Barang,Pengadaan barang operasional,0
2023-08-14,ACC_KEMENHAN_012_943,ACC_KEMENDAGRI_010_463,10838773416.96,Belanja Barang,Belanja ATK dan operasional kantor,0
2023-07-18,ACC_SOS_027_814,ACC_KEMENLU_011_767,30574918372.39,Belanja Modal,Pengadaan aset TIK,0
2023-11-11,ACC_KEMENKOPUKM_044_991,ACC_POLRI_060_797,51568392198.58,Belanja Subsidi,Subsidi pangan,0
2023-09-13,ACC_BPJS_NA_442,ACC_KEMENPAREKRAF_040_496,9577844304.44,Belanja Pegawai,Pembayaran THR,0
2023-07-10,ACC_KEMENESDM_020_502,ACC_PERT_018_859,4391332209.57,Belanja Pegawai,Gaji pegawai bulan berjalan,0
2023-02-06,ACC_ESDM_020_794,ACC_BPJS_NA_137,15423429741.62,Belanja Barang,Pengadaan barang operasional,0
2023-11-16,ACC_PERT_018_840,ACC_SOS_027_916,31041665417.26,Belanja Pembayaran Bunga Utang,Pembayaran kupon SUN,0
2023-12-14,ACC_KEMENAG_025_867,ACC_KEMENPAREKRAF_040_235,6005801131.38,Belanja Subsidi,Subsidi pupuk,0
2023-10-14,ACC_BRIN_124_433,ACC_KEMENKOPUKM_044_496,11832179932.68,Belanja Lain-lain,Belanja tak terduga,0
2023-01-15,ACC_KEMENPERIN_019_415,ACC_KEMENLU_011_939,11865616556.74,Belanja Pembayaran Bunga Utang,Pembayaran imbal hasil obligasi,0
2023-01-29,ACC_KEMENPERIN_019_626,ACC_KEU_015_619,18449880169.59,Belanja Barang,Belanja ATK dan operasional kantor,0
2023-10-06,ACC_KEMENPAREKRAF_040_059,ACC_SOS_027_602,14703536025.83,Belanja Pegawai,Pembayaran THR,0
2023-07-13,ACC_KEMENKOPUKM_044_123,ACC_PUPR_033_648,16080062536.78,Belanja Pembayaran Bunga Utang,Pembayaran bunga SBN,0
2023-02-19,ACC_POLRI_060_910,ACC_KEMENESDM_020_118,8391845693.34,Belanja Bantuan Sosial,Bantuan pangan nontunai,0
2023-07-10,ACC_KEU_015_876,ACC_BPJS_NA_460,28795609447.97,Belanja Modal,Pembangunan infrastruktur jalan,0
2023-03-16,ACC_PPATK_078_295,ACC_KEMENAG_025_793,9996913225.38,Belanja Pegawai,Pembayaran gaji ke-13,0
2023-06-20,ACC_BPK_004_015,ACC_BRIN_124_211,108355006426.44,Belanja Subsidi,Subsidi bunga kredit program,0
2023-11-02,ACC_KEMENDIKBUD_023_151,ACC_BPJS_NA_141,31446301591.57,Belanja Pembayaran Bunga Utang,Pembayaran bunga SBN,0
2023-11-30,ACC_BPS_054_968,ACC_BRIN_124_521,13022389069.8,Belanja Bantuan Sosial,Bansos tunai,0
2023-05-26,ACC_KEMENPAREKRAF_040_865,ACC_KEMENHAN_012_968,56177252279.87,Belanja Barang,Belanja pemeliharaan rutin,0
2023-12-03,ACC_ESDM_020_555,ACC_KEMENHUB_022_095,32395453253.99,Belanja Pembayaran Bunga Utang,Pembayaran bunga SBN,0
2023-04-10,ACC_KEU_015_012,ACC_KEMENESDM_020_237,156363325804.46,Belanja Modal,Pengadaan peralatan dan mesin,0
2023-12-03,ACC_KEMENDIKBUD_023_480,ACC_KEMENPAREKRAF_040_647,32233667223.01,Belanja Barang,Belanja pemeliharaan rutin,0
2023-11-22,ACC_PERT_018_371,ACC_KES_024_344,4221664797.4,Belanja Pegawai,Pembayaran THR,0
2023-12-04,ACC_KEMENDAGRI_010_856,ACC_BPK_004_229,6819663608.38,Belanja Pegawai,Honorarium kegiatan resmi,0
2023-08-22,ACC_POLRI_060_675,ACC_PUPR_033_116,10062931677.21,Belanja Pegawai,Pembayaran gaji ke-13,0
2023-10-11,ACC_BPK_004_379,ACC_KEMENHUB_022_722,21260711890.6,Belanja Lain-lain,Belanja operasi non-rutin,0
2023-04-28,ACC_KEMENLU_011_237,ACC_BPK_004_309,23041330187.2,Belanja Barang,Pengadaan barang operasional,0
2023-04-10,ACC_KEMENKOPUKM_044_261,ACC_KEMENAG_025_993,45302285526.3,Belanja Modal,Pengadaan aset TIK,0
2023-06-24,ACC_KES_024_282,ACC_KEMENPAREKRAF_040_441,15241852137.49,Belanja Subsidi,Subsidi pangan,0
2023-01-07,ACC_KEMENDAGRI_010_639,ACC_SOS_027_936,8677611212.69,Belanja Subsidi,Subsidi pangan,0
2023-02-22,ACC_PPATK_078_754,ACC_KEMENESDM_020_486,8234964079.41,Belanja Barang,Pengadaan barang operasional,0
2023-12-30,ACC_SOS_027_112,ACC_KEMENLU_011_409,8886875748.28,Belanja Lain-lain,Belanja operasi non-rutin,0
2023-08-11,ACC_PUPR_033_367,ACC_KEMENHUB_022_250,19213142405.93,Belanja Pembayaran Bunga Utang,Pembayaran bunga SBN,0
2023-08-28,ACC_KES_024_380,ACC_KEMENPERIN_019_907,26101816681.53,Belanja Bantuan Sosial,Bantuan sosial kebencanaan,0
2023-10-17,ACC_KEMENESDM_020_874,ACC_KEMENDAG_090_403,70834079034.43,Belanja Modal,Pembangunan infrastruktur jalan,0
2023-10-31,ACC_KEMENHUB_022_115,ACC_KOMINFO_059_210,8371994790.64,Belanja Subsidi,Subsidi pangan,0
2023-02-08,ACC_KEMENDAGRI_010_119,ACC_KEMENHAN_012_335,10477722016.93,Belanja Pegawai,Gaji pegawai bulan berjalan,0
2023-04-14,ACC_BPK_004_074,ACC_KEMENKOPUKM_044_191,7913577380.57,Belanja Barang,Penyewaan jasa kebersihan,0
2023-01-22,ACC_KEMENHUB_022_771,ACC_KEMENPERIN_019_869,18519348748.49,Belanja Modal,Pembangunan infrastruktur jalan,0
2023-09-15,ACC_KEMENPAREKRAF_040_716,ACC_BPJS_NA_822,22087980551.68,Belanja Lain-lain,Cadangan risiko fiskal,0
2023-08-10,ACC_BPJS_NA_258,ACC_KEMENKOPUKM_044_713,101962925839.39249,Belanja Bantuan Sosial,Transfer bantuan sosial,1
2023-12-15,ACC_SOS_027_225,ACC_BRIN_124_714,14521690359.62,Belanja Pembayaran Bunga Utang,Pembayaran bunga pinjaman luar negeri,0
2023-12-19,ACC_KEU_015_623,ACC_KEMENDAGRI_010_006,7355057890.32,Belanja Pembayaran Bunga Utang,Pembayaran imbal hasil obligasi,0
2023-04-14,ACC_KEMENESDM_020_749,ACC_KEMENDAG_090_915,25220212637.41,Belanja Barang,Belanja internet dan komunikasi,0
2023-02-09,ACC_KEMENDIKBUD_023_800,ACC_KEMENHAN_012_709,17242953601.65,Belanja Modal,Pembayaran termin proyek resmi,0
2023-09-21,ACC_PUPR_033_569,ACC_PERT_018_298,6759993131.73,Belanja Pegawai,Pembayaran THR,0
2023-07-18,ACC_ESDM_020_463,ACC_BPJS_NA_437,15206690733.8,Belanja Modal,Pengadaan aset TIK,0
2023-08-30,ACC_SOS_027_281,ACC_POLRI_060_323,5237613046.51,Belanja Lain-lain,Belanja tak terduga,0
2023-10-29,ACC_KOMINFO_059_278,ACC_SOS_027_651,16979910752.21,Belanja Barang,Pembayaran gaji ke-13,1
2023-10-22,ACC_KOMINFO_059_235,ACC_KEMENKOPUKM_044_675,13310178672.48,Belanja Pembayaran Bunga Utang,Pembayaran bunga pinjaman luar negeri,0
2023-08-07,ACC_BPJS_NA_348,ACC_KEMENDAGRI_010_808,8750670305.35,Belanja Subsidi,Pembayaran subsidi,0
2023-03-20,ACC_BPS_054_748,ACC_PUPR_033_895,3375709919.22,Belanja Barang,Belanja internet dan komunikasi,0
2023-08-09,ACC_SOS_027_009,ACC_KEMENKOPUKM_044_801,60755172604.43,Belanja Barang,Belanja pemeliharaan rutin,0
2023-07-24,ACC_BRIN_124_405,ACC_KEMENAG_025_698,13195907702.94,Belanja Lain-lain,Pembangunan/rehabilitasi gedung,1
2023-05-01,ACC_KEMENPAREKRAF_040_653,ACC_KEU_015_065,18832963357.85,Belanja Pembayaran Bunga Utang,Pembayaran bunga SBN,0
2023-08-27,ACC_KEMENHUB_022_302,ACC_BPS_054_392,7969404809.04,Belanja Pegawai,Pembayaran gaji ke-13,0
2023-01-12,ACC_KEMENPAREKRAF_040_906,ACC_KEMENDIKBUD_023_921,13414987994.18,Belanja Barang,Belanja ATK dan operasional kantor,0
2023-08-05,ACC_BPJS_NA_011,ACC_KEMENAG_025_446,21616877414.81,Belanja Barang,Belanja ATK dan operasional kantor,0
2023-11-08,ACC_PPATK_078_360,ACC_ESDM_020_385,5670878939.33,Belanja Pembayaran Bunga Utang,Pembayaran bunga SBN,0
2023-09-10,ACC_KEMENLU_011_798,ACC_BRIN_124_780,15110924818.99,Belanja Barang,Belanja internet dan komunikasi,0
2023-08-23,ACC_KEMENPERIN_019_855,ACC_KEMENDAGRI_010_708,37253910107.47,Belanja Barang,Belanja internet dan komunikasi,0
2023-05-15,ACC_KEMENLU_011_022,ACC_BPS_054_477,69454197899.49,Belanja Subsidi,Subsidi pupuk,0
2023-04-13,ACC_BPJS_NA_396,ACC_BPK_004_007,32968726436.97,Belanja Lain-lain,Cadangan risiko fiskal,0
2023-02-24,ACC_KEMENLU_011_231,ACC_KEMENDAGRI_010_874,15132773936.64,Belanja Pegawai,Honorarium kegiatan resmi,0
2023-12-20,ACC_KEMENKOPUKM_044_333,ACC_ESDM_020_439,31415433618.92,Belanja Modal,Pengadaan peralatan dan mesin,0
2023-12-11,ACC_BPS_054_664,ACC_KEMENPERIN_019_428,13863060730.42,Belanja Barang,Belanja internet dan komunikasi,0
2023-10-11,ACC_KEMENDAG_090_956,ACC_BPJS_NA_923,2577041994.01,Belanja Barang,Belanja internet dan komunikasi,0
2023-08-20,ACC_KEMENDAGRI_010_463,ACC_BPJS_NA_545,5494128159.9,Belanja Pembayaran Bunga Utang,Pembayaran bunga pinjaman luar negeri,0
2023-08-12,ACC_KOMINFO_059_880,ACC_KEMENPERIN_019_270,4893097439.79,Belanja Bantuan Sosial,Bantuan pangan nontunai,0
2023-11-29,ACC_BRIN_124_085,ACC_KEMENHAN_012_621,34979809219.36,Belanja Barang,Belanja ATK dan operasional kantor,0
2023-12-11,ACC_BPJS_NA_371,ACC_KEMENESDM_020_099,41301341451.58,Belanja Subsidi,Subsidi energi,0
2023-11-23,ACC_KEMENDIKBUD_023_422,ACC_KEMENHUB_022_480,89319844274.97,Belanja Bantuan Sosial,Bantuan pangan nontunai,0
2023-03-27,ACC_BPJS_NA_382,ACC_SOS_027_392,9631875166.41,Belanja Pembayaran Bunga Utang,Pembayaran imbal hasil obligasi,0
2023-04-01,ACC_KEMENHUB_022_289,ACC_KEMENPAREKRAF_040_337,42388553067.4,Belanja Modal,Pembangunan infrastruktur jalan,0
2023-08-28,ACC_KEMENAG_025_136,ACC_BRIN_124_407,10659523020.89,Belanja Lain-lain,Belanja operasi non-rutin,0
2023-03-05,ACC_BRIN_124_635,ACC_PPATK_078_254,3051648893.93,Belanja Lain-lain,Cadangan risiko fiskal,0
2023-06-15,ACC_BPS_054_550,ACC_KEU_015_181,11573556044.07,Belanja Barang,Belanja internet dan komunikasi,0
2023-04-10,ACC_SOS_027_602,ACC_KEU_015_927,24413003463.27,Belanja Barang,Belanja pemeliharaan rutin,0
2023-03-14,ACC_ESDM_020_935,ACC_PUPR_033_938,11741175899.92,Belanja Barang,Pengadaan barang operasional,0
2023-04-06,ACC_KOMINFO_059_857,ACC_POLRI_060_103,30394558590.1,Belanja Bantuan Sosial,Bansos tunai,0
2023-04-26,ACC_KEMENDAG_090_163,ACC_BRIN_124_226,28574911537.72,Belanja Subsidi,Subsidi bunga kredit program,0
2023-07-01,ACC_ESDM_020_249,ACC_PUPR_033_318,14570239682.56,Belanja Barang,Penyewaan jasa kebersihan,0
2023-12-12,ACC_KOMINFO_059_756,ACC_KEMENHUB_022_086,70069853061.29,Belanja Subsidi,Pembayaran subsidi,0
2023-07-03,ACC_KEMENHAN_012_633,ACC_KEMENKOPUKM_044_844,13623395829.15,Belanja Subsidi,Pembayaran subsidi,0
2023-10-06,ACC_KEMENPERIN_019_649,ACC_BRIN_124_314,24636286555.97,Belanja Pegawai,Pembayaran gaji ke-13,0
2023-02-15,ACC_BPK_004_790,ACC_PPATK_078_192,18837533388.17,Belanja Pegawai,Pembayaran gaji ke-13,0
2023-10-20,ACC_KEMENLU_011_690,ACC_BPK_004_162,6723093065.63,Belanja Barang,Belanja internet dan komunikasi,0
2023-04-14,ACC_BPJS_NA_161,ACC_KEMENDAG_090_799,16077978128.41,Belanja Lain-lain,Belanja lainnya sesuai ketentuan,0
2023-04-23,ACC_KEMENLU_011_318,ACC_BPS_054_023,9919133613.38,Belanja Barang,Penyewaan jasa kebersihan,0
2023-05-15,ACC_KEMENHUB_022_118,ACC_PUPR_033_985,11762699039.52,Belanja Lain-lain,Belanja lainnya sesuai ketentuan,0
2023-04-23,ACC_PPATK_078_044,ACC_POLRI_060_128,42126447710.72,Belanja Subsidi,Subsidi energi,0
2023-09-30,ACC_KEMENPERIN_019_827,ACC_KEMENKOPUKM_044_394,8372831484.85,Belanja Pembayaran Bunga Utang,Pembayaran bunga pinjaman luar negeri,0
2023-08-07,ACC_KEMENESDM_020_443,ACC_BPJS_NA_830,36960233630.16,Belanja Modal,Pembangunan/rehabilitasi gedung,0
2023-08-16,ACC_KEMENAG_025_703,ACC_KEMENHUB_022_983,14808133324.45,Belanja Lain-lain,Belanja tak terduga,0
2023-07-09,ACC_PPATK_078_687,ACC_KOMINFO_059_290,38875071198.5,Belanja Barang,Penyewaan jasa kebersihan,0
2023-05-25,ACC_KEMENKOPUKM_044_744,ACC_PERT_018_872,17453246337.71,Belanja Subsidi,Pembayaran subsidi,0
2023-03-23,ACC_PERT_018_181,ACC_PPATK_078_499,21103504888.4,Belanja Pembayaran Bunga Utang,Pembayaran bunga SBN,0
2023-10-30,ACC_KEMENLU_011_262,ACC_PUPR_033_784,8850702266.52,Belanja Modal,Pengadaan aset TIK,0
2023-10-22,ACC_POLRI_060_512,ACC_KEMENHUB_022_689,17626262802.7,Belanja Modal,Pembangunan/rehabilitasi gedung,0
2023-08-25,ACC_ESDM_020_138,ACC_PERT_018_839,20911208038.21,Belanja Barang,Belanja internet dan komunikasi,0
2023-01-25,ACC_POLRI_060_903,ACC_KEU_015_639,15128856961.33,Belanja Modal,Pembangunan/rehabilitasi gedung,0
2023-04-03,ACC_KEMENKOPUKM_044_094,ACC_BPJS_NA_327,9214259514.79,Belanja Pembayaran Bunga Utang,Pembayaran bunga pinjaman luar negeri,0
2023-01-12,ACC_PUPR_033_035,ACC_ESDM_020_447,8268859668.1,Belanja Pegawai,Honorarium kegiatan resmi,0
2023-08-08,ACC_KEMENPERIN_019_441,ACC_PUPR_033_653,14393042296.89,Belanja Barang,Belanja internet dan komunikasi,0
2023-03-21,ACC_BRIN_124_353,ACC_KEMENDAG_090_396,10045132353.3,Belanja Bantuan Sosial,Bantuan program keluarga harapan,0
2023-11-27,ACC_KEMENAG_025_671,ACC_KEMENHUB_022_989,10585488731.5,Belanja Pegawai,Honorarium kegiatan resmi,0
2023-01-15,ACC_KES_024_313,ACC_BPJS_NA_075,20335933546.28,Belanja Barang,Penyewaan jasa kebersihan,0
2023-07-15,ACC_KEMENDIKBUD_023_843,ACC_BPK_004_029,41795189039.88,Belanja Subsidi,Subsidi energi,0
2023-03-18,ACC_KEMENDIKBUD_023_229,ACC_KES_024_962,14795528145.34,Belanja Subsidi,Subsidi pupuk,0
2023-07-22,ACC_PERT_018_984,ACC_BPS_054_966,30488508274.66,Belanja Barang,Belanja internet dan komunikasi,0
2023-11-22,ACC_KEMENHUB_022_363,ACC_KEMENLU_011_669,9044552988.23,Belanja Pegawai,Gaji pegawai bulan berjalan,0
2023-07-13,ACC_KEMENHAN_012_787,ACC_BPK_004_324,8584031072.71,Belanja Pegawai,Tunjangan kinerja triwulan,0
2023-06-02,ACC_BRIN_124_737,ACC_KEMENDAGRI_010_127,14143690611.43,Belanja Barang,Penyewaan jasa kebersihan,0
2023-09-19,ACC_KEMENHAN_012_530,ACC_KEMENDAG_090_010,5198561972.37,Belanja Pembayaran Bunga Utang,Pembayaran bunga pinjaman luar negeri,0
2023-12-06,ACC_KEMENPERIN_019_961,ACC_KEMENDIKBUD_023_052,24413658177.13,Belanja Modal,Pengadaan aset TIK,0
2023-07-25,ACC_KEMENHUB_022_799,ACC_KEMENESDM_020_475,3402417256.38,Belanja Barang,Pengadaan barang operasional,0
2023-06-02,ACC_SOS_027_514,ACC_BRIN_124_503,20921439158.31,Belanja Pembayaran Bunga Utang,Pembayaran imbal hasil obligasi,0
2023-09-17,ACC_KEMENKOPUKM_044_676,ACC_BPK_004_006,34633953525.84,Belanja Pembayaran Bunga Utang,Pembayaran bunga pinjaman luar negeri,0
2023-03-30,ACC_PUPR_033_666,ACC_BRIN_124_951,4197226864.54,Belanja Pembayaran Bunga Utang,Pembayaran imbal hasil obligasi,0
2023-06-10,ACC_KEMENLU_011_270,ACC_SOS_027_056,38107489408.53,Belanja Pembayaran Bunga Utang,Pembayaran kupon SUN,0
2023-09-29,ACC_POLRI_060_632,ACC_KEMENHUB_022_340,15668645419.82,Belanja Bantuan Sosial,Bantuan pangan nontunai,0
2023-01-08,ACC_KEU_015_344,ACC_KEMENDIKBUD_023_387,10636694862.03,Belanja Barang,Penyewaan jasa kebersihan,0
2023-02-15,ACC_KEMENDIKBUD_023_113,ACC_KEMENKOPUKM_044_091,16123459592.88,Belanja Bantuan Sosial,Bantuan program keluarga harapan,0
2023-08-06,ACC_PUPR_033_589,ACC_KEMENDAG_090_411,12393123291.39,Belanja Subsidi,Subsidi energi,0
2023-04-25,ACC_KEMENDAGRI_010_319,ACC_KEMENDIKBUD_023_369,21354520394.34,Belanja Barang,Pengadaan barang operasional,0
2023-02-17,ACC_SOS_027_703,ACC_SOS_027_703,9572183498.81,Belanja Subsidi,Subsidi pupuk,1
2023-10-23,ACC_KEMENHUB_022_177,ACC_KEU_015_341,11685549110.79,Belanja Pegawai,Gaji pegawai bulan berjalan,0
2023-12-06,ACC_KOMINFO_059_448,ACC_BRIN_124_203,20462808468.91,Belanja Pembayaran Bunga Utang,Pembayaran bunga pinjaman luar negeri,0
2023-12-30,ACC_BRIN_124_216,ACC_BPS_054_972,5439715588.66,Belanja Pembayaran Bunga Utang,Pembayaran bunga SBN,1
2023-01-23,ACC_KOMINFO_059_155,ACC_KEMENHUB_022_186,12845050602.34,Belanja Barang,Belanja pemeliharaan rutin,0
2023-01-22,ACC_KEMENESDM_020_873,ACC_KES_024_600,19905042362.84,Belanja Pembayaran Bunga Utang,Pembayaran bunga pinjaman luar negeri,0
2023-03-20,ACC_KEU_015_858,ACC_KEMENKOPUKM_044_968,13249651009.31,Belanja Pembayaran Bunga Utang,Pembayaran imbal hasil obligasi,0
2023-09-03,ACC_PUPR_033_739,ACC_KES_024_106,17714197077.33,Belanja Subsidi,Pembayaran subsidi,0
2023-10-29,ACC_PUPR_033_548,ACC_PERT_018_954,9401049102.96,Belanja Subsidi,Subsidi bunga kredit program,0
2023-02-08,ACC_KEMENHUB_022_455,ACC_KES_024_651,34990440037.22,Belanja Subsidi,Subsidi pupuk,0
2023-10-14,ACC_BPK_004_801,ACC_POLRI_060_141,113077372091.62,Belanja Subsidi,Subsidi pangan,0
2023-05-08,ACC_KEMENLU_011_287,ACC_KEMENKOPUKM_044_823,6674340034.46,Belanja Pembayaran Bunga Utang,Pembayaran kupon SUN,0
2023-09-23,ACC_BPS_054_700,ACC_KEMENDAGRI_010_386,33735062161.24,Belanja Barang,Pengadaan barang operasional,0
2023-11-19,ACC_KEMENLU_011_056,ACC_BRIN_124_831,21171544553.71,Belanja Subsidi,Pembayaran subsidi,0
2023-04-19,ACC_KEMENHUB_022_628,ACC_KEU_015_604,62915775846.98,Belanja Modal,Pembangunan infrastruktur jalan,0
2023-03-12,ACC_KES_024_911,ACC_PPATK_078_914,25336163882.11,Belanja Bantuan Sosial,Bantuan sosial kebencanaan,0
2023-04-15,ACC_PUPR_033_600,ACC_BPJS_NA_514,27545680868.04,Belanja Modal,Pembayaran termin proyek resmi,0
2023-04-04,ACC_KEMENHAN_012_810,ACC_KEMENDIKBUD_023_133,4991844199.18,Belanja Barang,Pengadaan barang operasional,0
2023-10-17,ACC_KEMENDAG_090_376,ACC_BRIN_124_769,10219631448.38,Belanja Barang,Penyewaan jasa kebersihan,0
2023-05-29,ACC_KEMENPERIN_019_088,ACC_KES_024_324,67729277508.87,Belanja Subsidi,Subsidi bunga kredit program,0
2023-10-05,ACC_KEMENKOPUKM_044_404,ACC_KEMENLU_011_082,10399231186.03,Belanja Barang,Belanja pemeliharaan rutin,0
2023-10-19,ACC_BRIN_124_453,ACC_KEU_015_715,47901141630.2,Belanja Subsidi,Subsidi pangan,0
2023-12-17,ACC_PERT_018_311,ACC_KEMENHUB_022_461,4391221156.55,Belanja Pegawai,Tunjangan kinerja triwulan,0
2023-07-13,ACC_ESDM_020_336,ACC_PPATK_078_422,37545167174.82,Belanja Pembayaran Bunga Utang,Pembayaran kupon SUN,0
2023-03-16,ACC_KEMENHUB_022_947,ACC_KEMENDAG_090_163,18597767102.01,Belanja Pembayaran Bunga Utang,Pembayaran bunga pinjaman luar negeri,0
2023-05-18,ACC_KEMENDAG_090_187,ACC_BRIN_124_910,5193415001.31,Belanja Barang,Penyewaan jasa kebersihan,0
2023-02-11,ACC_KEU_015_862,ACC_KEMENHUB_022_416,7145754059.59,Belanja Modal,Pembangunan infrastruktur jalan,0
2023-02-25,ACC_ESDM_020_253,ACC_SOS_027_634,31583547150.36,Belanja Pembayaran Bunga Utang,Pembayaran bunga SBN,0
2023-12-03,ACC_KEU_015_670,ACC_KEMENAG_025_376,52260430574.8,Belanja Modal,Pembangunan infrastruktur jalan,0
2023-10-17,ACC_KEMENLU_011_110,ACC_KEMENHUB_022_561,5641732680.62,Belanja Subsidi,Subsidi pupuk,0
2023-12-30,ACC_KES_024_565,ACC_KEMENDAG_090_979,9490992711.36,Belanja Subsidi,Subsidi energi,1
2023-07-23,ACC_PPATK_078_874,ACC_KEMENHAN_012_299,30321860385.95,Belanja Pembayaran Bunga Utang,Pembayaran bunga pinjaman luar negeri,0
2023-05-14,ACC_BPS_054_723,ACC_KEMENESDM_020_048,5411100231.26,Belanja Pegawai,Pembayaran gaji ke-13,0
2023-02-06,ACC_ESDM_020_487,ACC_PERT_018_211,10692660846.48,Belanja Modal,Pengadaan peralatan dan mesin,0
2023-05-05,ACC_BPK_004_337,ACC_KEMENPERIN_019_192,8987793782.16,Belanja Subsidi,Subsidi bunga kredit program,0
2023-06-10,ACC_KOMINFO_059_578,ACC_SOS_027_798,6571358311.69,Belanja Pegawai,Tunjangan kinerja triwulan,0
2023-07-07,ACC_BRIN_124_082,ACC_KEMENAG_025_363,15934505738.5,Belanja Modal,Pembayaran termin proyek resmi,0
2023-05-12,ACC_KEMENHUB_022_589,ACC_KEMENKOPUKM_044_601,5406572350.94,Belanja Lain-lain,Belanja lainnya sesuai ketentuan,0
2023-09-10,ACC_KEMENDAG_090_856,ACC_BRIN_124_706,7433314413.28,Belanja Pegawai,Gaji pegawai bulan berjalan,0
2023-02-04,ACC_POLRI_060_999,ACC_SOS_027_637,15082556415.01,Belanja Pegawai,Tunjangan kinerja triwulan,0
2023-02-11,ACC_PPATK_078_597,ACC_KEMENAG_025_393,39402114029.78,Belanja Subsidi,Subsidi pangan,0
2023-02-10,ACC_KEMENDAGRI_010_215,ACC_KEMENHAN_012_071,12962845468.91,Belanja Pegawai,Tunjangan kinerja triwulan,0
2023-08-24,ACC_BRIN_124_281,ACC_KEMENESDM_020_987,3416432056.77,Belanja Pegawai,Tunjangan kinerja triwulan,0
2023-11-03,ACC_SOS_027_700,ACC_KEMENDAG_090_582,5884478675.23,Belanja Bantuan Sosial,Bantuan sosial kebencanaan,0
2023-06-18,ACC_KES_024_062,ACC_KES_024_062,5424828533.4,Belanja Pegawai,Honorarium kegiatan resmi,1
2023-01-08,ACC_KEMENPAREKRAF_040_666,ACC_KEMENKOPUKM_044_548,95473325783.4,Belanja Pembayaran Bunga Utang,Pembayaran imbal hasil obligasi,0
2023-01-28,ACC_KEMENPERIN_019_708,ACC_BRIN_124_446,12662589830.2,Belanja Pegawai,Honorarium kegiatan resmi,0
2023-08-18,ACC_BPJS_NA_426,ACC_KEMENAG_025_101,20623941243.29,Belanja Pegawai,Tunjangan kinerja triwulan,0
2023-12-04,ACC_KEMENAG_025_522,ACC_KEMENHAN_012_106,27485888961.91,Belanja Modal,Pembangunan/rehabilitasi gedung,0
2023-09-28,ACC_BPS_054_900,ACC_PERT_018_188,24128224109.36,Belanja Pegawai,Gaji pegawai bulan berjalan,0
2023-05-18,ACC_KEMENDAGRI_010_343,ACC_BPK_004_105,3178666933.38,Belanja Subsidi,Subsidi energi,0
2023-08-19,ACC_BPJS_NA_317,ACC_PPATK_078_266,12336627828.34,Belanja Lain-lain,Belanja operasi non-rutin,0
2023-03-06,ACC_POLRI_060_333,ACC_KEMENHAN_012_513,31231573824.43,Belanja Barang,Belanja ATK dan operasional kantor,0
2023-01-23,ACC_BRIN_124_496,ACC_PPATK_078_621,9616144012.71,Belanja Pembayaran Bunga Utang,Pembayaran imbal hasil obligasi,0
2023-12-29,ACC_KEMENPAREKRAF_040_909,ACC_KEMENKOPUKM_044_910,5824388687.05,Belanja Pegawai,Pembayaran THR,1
2023-05-03,ACC_KEMENHAN_012_320,ACC_KEMENDAG_090_799,8693622026.47,Belanja Pegawai,Pembayaran THR,0
2023-01-10,ACC_KEMENHUB_022_520,ACC_SOS_027_917,5635197306.31,Belanja Subsidi,Subsidi energi,0
2023-02-17,ACC_KEMENESDM_020_969,ACC_KEMENPERIN_019_130,19814057344.28,Belanja Pembayaran Bunga Utang,Pembayaran bunga SBN,0
2023-05-12,ACC_POLRI_060_356,ACC_ESDM_020_054,7578288779.52,Belanja Pegawai,Pembayaran gaji ke-13,0
2023-10-17,ACC_KOMINFO_059_043,ACC_POLRI_060_586,25912710090.76,Belanja Lain-lain,Belanja lainnya sesuai ketentuan,0
2023-11-22,ACC_PPATK_078_754,ACC_KES_024_130,14206665456.82,Belanja Lain-lain,Belanja lainnya sesuai ketentuan,0
2023-01-01,ACC_KEMENDIKBUD_023_757,ACC_KEMENESDM_020_584,5138311590.01,Belanja Pegawai,Gaji pegawai bulan berjalan,0
2023-01-15,ACC_KEMENAG_025_053,ACC_KEMENLU_011_940,11153176974.88,Belanja Lain-lain,Belanja tak terduga,0
2023-04-27,ACC_PUPR_033_299,ACC_KEMENHUB_022_276,27728068122.82,Belanja Lain-lain,Cadangan risiko fiskal,0
2023-12-04,ACC_KEMENHUB_022_825,ACC_KEMENPAREKRAF_040_178,6159304635.61,Belanja Pembayaran Bunga Utang,Pembayaran bunga pinjaman luar negeri,0
2023-03-09,ACC_KEMENHAN_012_445,ACC_KEMENLU_011_445,7874771936.03,Belanja Pegawai,Tunjangan kinerja triwulan,0
2023-07-15,ACC_KEMENAG_025_602,ACC_PPATK_078_623,6938072701.02,Belanja Modal,Pembangunan/rehabilitasi gedung,0
2023-08-29,ACC_ESDM_020_838,ACC_KEMENKOPUKM_044_831,11573698668.52,Belanja Lain-lain,Belanja lainnya sesuai ketentuan,0
2023-06-02,ACC_KEMENLU_011_104,ACC_KEMENHAN_012_075,22113929230.48,Belanja Modal,Pembangunan infrastruktur jalan,0
2023-01-13,ACC_KEU_015_729,ACC_BRIN_124_834,4719961480.91,Belanja Pembayaran Bunga Utang,Pembayaran bunga pinjaman luar negeri,0
2023-03-14,ACC_KEMENPERIN_019_668,ACC_BRIN_124_589,18079483086.59,Belanja Barang,Belanja ATK dan operasional kantor,0
2023-07-01,ACC_KEMENDIKBUD_023_482,ACC_ESDM_020_456,23177412111.41,Belanja Modal,Pengadaan aset TIK,0
2023-04-22,ACC_PERT_018_962,ACC_KEMENAG_025_230,8763034547.04,Belanja Barang,Belanja internet dan komunikasi,0
2023-04-15,ACC_BRIN_124_705,ACC_ESDM_020_330,8514779449.82,Belanja Barang,Belanja pemeliharaan rutin,0
2023-12-21,ACC_KEMENHAN_012_382,ACC_PUPR_033_138,26844364622.99,Belanja Barang,Belanja ATK dan operasional kantor,0
2023-11-27,ACC_KEMENPAREKRAF_040_253,ACC_BPK_004_681,9391108488.8,Belanja Pegawai,Gaji pegawai bulan berjalan,0
2023-10-01,ACC_POLRI_060_020,ACC_KEMENHAN_012_239,25459001589.58,Belanja Lain-lain,Belanja tak terduga,0
2023-04-14,ACC_PUPR_033_682,ACC_BRIN_124_186,8796983972.0,Belanja Subsidi,Subsidi energi,0
2023-10-08,ACC_KEMENDIKBUD_023_959,ACC_KEMENHAN_012_253,14107979003.97,Belanja Barang,Belanja pemeliharaan rutin,0
2023-08-24,ACC_KEMENPAREKRAF_040_854,ACC_KEMENKOPUKM_044_465,15668845536.17,Belanja Barang,Pengadaan barang operasional,0
2023-05-22,ACC_PUPR_033_499,ACC_KEMENESDM_020_521,11417318236.9,Belanja Barang,Penyewaan jasa kebersihan,0
2023-05-19,ACC_SOS_027_276,ACC_BPJS_NA_291,25795352349.75,Belanja Modal,Pembangunan infrastruktur jalan,0
2023-04-20,ACC_KEMENESDM_020_715,ACC_POLRI_060_948,17025426172.34,Belanja Pembayaran Bunga Utang,Pembayaran imbal hasil obligasi,0
2023-02-16,ACC_KEMENAG_025_094,ACC_KEMENHUB_022_940,23310659597.63,Belanja Modal,Pembangunan infrastruktur jalan,0
2023-12-13,ACC_PERT_018_213,ACC_KEMENLU_011_436,24287826227.53,Belanja Bantuan Sosial,Bantuan program keluarga harapan,0
2023-03-14,ACC_KEMENHAN_012_516,ACC_KEMENAG_025_076,13032417586.96,Belanja Pembayaran Bunga Utang,Pembayaran bunga SBN,0
2023-10-31,ACC_KEMENDIKBUD_023_768,ACC_POLRI_060_410,15710898304.09,Belanja Barang,Belanja pemeliharaan rutin,0
2023-10-02,ACC_BPK_004_088,ACC_KEMENDIKBUD_023_723,13048493529.42,Belanja Barang,Belanja pemeliharaan rutin,0
2023-03-18,ACC_KEMENHAN_012_442,ACC_KEMENPAREKRAF_040_540,9855256213.37,Belanja Modal,Pengadaan aset TIK,0
2023-02-27,ACC_KEMENPERIN_019_713,ACC_KEU_015_737,3691901382.86,Belanja Subsidi,Subsidi pupuk,0
2023-12-28,ACC_ESDM_020_143,ACC_KEMENKOPUKM_044_352,17494084890.94,Belanja Pembayaran Bunga Utang,Pembayaran bunga pinjaman luar negeri,1
2023-02-12,ACC_BPK_004_264,ACC_KES_024_756,9110919555.51,Belanja Barang,Belanja internet dan komunikasi,0
2023-09-25,ACC_KEMENESDM_020_596,ACC_POLRI_060_016,121021957002.65509,Belanja Pegawai,Tunjangan kinerja triwulan,1
2023-02-18,ACC_ESDM_020_307,ACC_PERT_018_246,5586016418.73,Belanja Pembayaran Bunga Utang,Pembayaran bunga pinjaman luar negeri,0
2023-11-28,ACC_KEMENHAN_012_527,ACC_KEMENPERIN_019_850,11311953974.82,Belanja Modal,Pembayaran termin proyek resmi,0
2023-07-18,ACC_BRIN_124_271,ACC_BPK_004_746,38931168283.46,Belanja Barang,Belanja pemeliharaan rutin,0
2023-08-18,ACC_KEMENDAGRI_010_942,ACC_PPATK_078_952,7619576540.82,Belanja Pembayaran Bunga Utang,Pembayaran bunga SBN,0
2023-07-09,ACC_KEMENPAREKRAF_040_985,ACC_BRIN_124_564,6732460294.97,Belanja Bantuan Sosial,Bantuan program keluarga harapan,0
2023-11-09,ACC_KEMENPAREKRAF_040_851,ACC_KOMINFO_059_066,13552480019.17,Belanja Subsidi,Subsidi pupuk,0
2023-03-14,ACC_PERT_018_866,ACC_KEMENESDM_020_825,9692792640.39,Belanja Modal,Pengadaan aset TIK,0
2023-02-24,ACC_KEU_015_061,ACC_BPK_004_857,36714659100.38,Belanja Barang,Pengadaan barang operasional,0
2023-11-13,ACC_ESDM_020_783,ACC_KEMENAG_025_705,52959607849.95,Belanja Subsidi,Subsidi pupuk,0
2023-12-30,ACC_PERT_018_310,ACC_ESDM_020_782,11248025217.26,Belanja Barang,Belanja internet dan komunikasi,1
2023-01-10,ACC_PUPR_033_049,ACC_KEMENAG_025_487,5670820515.39,Belanja Bantuan Sosial,Bansos tunai,0
2023-08-07,ACC_PUPR_033_569,ACC_PERT_018_795,3640511291.73,Belanja Pembayaran Bunga Utang,Pembayaran imbal hasil obligasi,0
2023-12-15,ACC_PERT_018_271,ACC_KEMENDIKBUD_023_483,62399184295.27,Belanja Modal,Pengadaan aset TIK,0
2023-03-17,ACC_KEMENPERIN_019_158,ACC_KEMENAG_025_532,5914686242.98,Belanja Bantuan Sosial,Transfer bantuan sosial,0
2023-09-08,ACC_PPATK_078_469,ACC_BRIN_124_400,42997990588.39,Belanja Barang,Penyewaan jasa kebersihan,0
2023-11-03,ACC_KES_024_832,ACC_KOMINFO_059_052,25275170530.5,Belanja Barang,Belanja pemeliharaan rutin,0
2023-02-20,ACC_KEMENPERIN_019_393,ACC_KEMENPAREKRAF_040_653,7908115732.7,Belanja Barang,Belanja pemeliharaan rutin,0
2023-04-19,ACC_PERT_018_719,ACC_BPK_004_939,38274343719.7,Belanja Pembayaran Bunga Utang,Pembayaran kupon SUN,0
2023-12-31,ACC_KEMENPERIN_019_364,ACC_ESDM_020_971,42909559812.87,Belanja Subsidi,Subsidi pupuk,0
2023-04-04,ACC_PERT_018_492,ACC_KEMENPERIN_019_229,4502988589.75,Belanja Bantuan Sosial,Bantuan sosial kebencanaan,0
2023-01-11,ACC_POLRI_060_320,ACC_PERT_018_713,21271418891.95,Belanja Bantuan Sosial,Bantuan pangan nontunai,0
2023-07-09,ACC_KEMENKOPUKM_044_511,ACC_KEMENPERIN_019_089,3849757219.49,Belanja Pegawai,Pembayaran gaji ke-13,0
2023-07-28,ACC_KES_024_281,ACC_BPK_004_443,27782010915.76,Belanja Pembayaran Bunga Utang,Pembayaran kupon SUN,0
2023-04-15,ACC_KEMENLU_011_483,ACC_ESDM_020_147,21553255156.19,Belanja Bantuan Sosial,Transfer bantuan sosial,0
2023-10-16,ACC_KEU_015_386,ACC_KOMINFO_059_014,8502077747.56,Belanja Modal,Pembangunan infrastruktur jalan,0
2023-12-12,ACC_KEMENDIKBUD_023_698,ACC_BRIN_124_345,17432767201.34,Belanja Pembayaran Bunga Utang,Pembayaran kupon SUN,0
2023-09-27,ACC_ESDM_020_221,ACC_KEMENPERIN_019_152,44229338283.27,Belanja Lain-lain,Belanja lainnya sesuai ketentuan,0
2023-12-05,ACC_PERT_018_072,ACC_KEMENPAREKRAF_040_418,23598044898.51,Belanja Modal,Pembangunan infrastruktur jalan,0
2023-11-24,ACC_KEMENPERIN_019_988,ACC_PUPR_033_535,14963211750.6,Belanja Barang,Belanja internet dan komunikasi,0
2023-12-28,ACC_KEMENDIKBUD_023_093,ACC_SOS_027_321,31192539133.62,Belanja Pembayaran Bunga Utang,Pembayaran bunga SBN,0
2023-07-11,ACC_KEMENPAREKRAF_040_672,ACC_BRIN_124_884,8775228413.02,Belanja Pegawai,Tunjangan kinerja triwulan,0
2023-07-13,ACC_KEMENPERIN_019_380,ACC_KEMENHUB_022_403,20024704224.26,Belanja Modal,Pembayaran termin proyek resmi,0
2023-01-15,ACC_BRIN_124_778,ACC_KEMENESDM_020_297,19854316660.15,Belanja Pegawai,Pembayaran THR,0
2023-03-14,ACC_KEMENDIKBUD_023_052,ACC_BPS_054_640,31657052416.29,Belanja Lain-lain,Cadangan risiko fiskal,0
2023-11-15,ACC_PUPR_033_229,ACC_BPJS_NA_766,13996994580.7,Belanja Pembayaran Bunga Utang,Pembayaran kupon SUN,0
2023-10-21,ACC_BPK_004_743,ACC_KEMENPAREKRAF_040_753,6482718267.47,Belanja Bantuan Sosial,Bantuan program keluarga harapan,0
2023-04-15,ACC_KEMENHAN_012_266,ACC_KEMENAG_025_522,9715915523.42,Belanja Lain-lain,Belanja lainnya sesuai ketentuan,0
2023-10-22,ACC_BPS_054_668,ACC_ESDM_020_158,2712096968.98,Belanja Bantuan Sosial,Bantuan pangan nontunai,0
2023-08-01,ACC_KEMENPAREKRAF_040_820,ACC_BPK_004_101,18118607551.25,Belanja Barang,Pengadaan barang operasional,0
2023-11-20,ACC_KEMENDAG_090_751,ACC_KEMENDAG_090_751,6788081005.31,Belanja Lain-lain,Belanja operasi non-rutin,1
2023-04-19,ACC_POLRI_060_317,ACC_KOMINFO_059_168,6567845410.88,Belanja Pegawai,Gaji pegawai bulan berjalan,0
2023-08-06,ACC_BPJS_NA_222,ACC_BPJS_NA_222,22555708686.45,Belanja Pembayaran Bunga Utang,Pembayaran bunga SBN,1
2023-12-29,ACC_KEMENAG_025_466,ACC_KEMENDIKBUD_023_839,5555933923.84,Belanja Pegawai,Gaji pegawai bulan berjalan,0
2023-03-13,ACC_KEMENDIKBUD_023_838,ACC_KEU_015_030,4702265031.94,Belanja Lain-lain,Belanja operasi non-rutin,0
2023-11-09,ACC_KEMENESDM_020_365,ACC_KOMINFO_059_777,27283407723.74,Belanja Pegawai,Honorarium kegiatan resmi,0
2023-09-26,ACC_BPS_054_698,ACC_KEMENHAN_012_131,10058986302.46,Belanja Lain-lain,Belanja lainnya sesuai ketentuan,0
2023-10-17,ACC_ESDM_020_480,ACC_ESDM_020_480,105336293230.51,Belanja Pembayaran Bunga Utang,Pembayaran imbal hasil obligasi,1
2023-04-06,ACC_POLRI_060_774,ACC_KEMENHUB_022_510,8768194387.08,Belanja Subsidi,Subsidi pangan,0
2023-08-13,ACC_KEMENAG_025_412,ACC_KEMENHAN_012_735,57022390313.98,Belanja Modal,Pembangunan infrastruktur jalan,0
2023-07-11,ACC_POLRI_060_591,ACC_BRIN_124_590,21846613759.07,Belanja Barang,Belanja pemeliharaan rutin,0
2023-03-14,ACC_KOMINFO_059_869,ACC_BPS_054_468,49110850744.63,Belanja Modal,Pembangunan infrastruktur jalan,0
2023-01-26,ACC_KEMENHUB_022_210,ACC_KEMENPAREKRAF_040_604,9634964474.53,Belanja Subsidi,Subsidi energi,0
2023-11-05,ACC_KEMENHAN_012_696,ACC_KEMENHUB_022_699,101052419554.22,Belanja Modal,Pembangunan infrastruktur jalan,0
2023-12-14,ACC_KEMENPAREKRAF_040_186,ACC_POLRI_060_856,7916917291.21,Belanja Modal,Pembangunan/rehabilitasi gedung,0
2023-05-29,ACC_KEMENAG_025_731,ACC_KEMENHAN_012_122,7517060560.8,Belanja Lain-lain,Belanja operasi non-rutin,0
2023-01-26,ACC_PPATK_078_685,ACC_ESDM_020_156,18429183804.15,Belanja Pegawai,Gaji pegawai bulan berjalan,0
2023-09-30,ACC_PPATK_078_580,ACC_BPK_004_044,3668424292.29,Belanja Pembayaran Bunga Utang,Pembayaran kupon SUN,0
2023-05-03,ACC_BPJS_NA_349,ACC_PERT_018_708,5453517709.49,Belanja Pegawai,Gaji pegawai bulan berjalan,0
2023-03-30,ACC_KOMINFO_059_433,ACC_KEMENDIKBUD_023_710,16299531995.44,Belanja Barang,Belanja pemeliharaan rutin,0
2023-04-09,ACC_KEMENDAGRI_010_539,ACC_KEMENHUB_022_601,29920601619.07,Belanja Pembayaran Bunga Utang,Pembayaran bunga SBN,0
2023-07-15,ACC_PERT_018_809,ACC_KEMENLU_011_677,41267214410.85,Belanja Subsidi,Pembayaran subsidi,0
2023-01-08,ACC_KES_024_550,ACC_ESDM_020_114,37025733315.37,Belanja Subsidi,Subsidi pangan,0
2023-04-12,ACC_KEMENPERIN_019_334,ACC_BPS_054_689,48481182001.42,Belanja Subsidi,Pembayaran subsidi,0
2023-10-13,ACC_KES_024_261,ACC_POLRI_060_887,13511658475.41,Belanja Lain-lain,Belanja tak terduga,0
2023-08-19,ACC_KEMENHAN_012_472,ACC_KES_024_482,13621429606.06,Belanja Modal,Pembangunan infrastruktur jalan,0
2023-02-17,ACC_PUPR_033_109,ACC_PPATK_078_296,23841676234.82,Belanja Pegawai,Pembayaran THR,0
2023-11-21,ACC_KEMENLU_011_825,ACC_KEMENPERIN_019_785,10586566590.25,Belanja Bantuan Sosial,Bantuan sosial kebencanaan,0
2023-02-16,ACC_KEMENDAG_090_761,ACC_BPJS_NA_591,12325861917.42,Belanja Lain-lain,Belanja lainnya sesuai ketentuan,0
2023-12-08,ACC_PERT_018_860,ACC_KEMENESDM_020_792,10988004414.36,Belanja Barang,Belanja pemeliharaan rutin,0
2023-08-22,ACC_KEMENKOPUKM_044_772,ACC_KEU_015_625,7247089549.36,Belanja Bantuan Sosial,Bansos tunai,0
2023-12-15,ACC_BRIN_124_615,ACC_KEMENDIKBUD_023_124,9613193232.4,Belanja Lain-lain,Cadangan risiko fiskal,0
2023-07-06,ACC_KOMINFO_059_543,ACC_PUPR_033_668,14281872428.05,Belanja Barang,Belanja internet dan komunikasi,0
2023-08-05,ACC_KEMENDIKBUD_023_911,ACC_BPJS_NA_002,42764792021.6,Belanja Modal,Pengadaan peralatan dan mesin,0
2023-11-16,ACC_KEMENPERIN_019_711,ACC_PERT_018_356,28379077483.68,Belanja Subsidi,Pembayaran subsidi,0
2023-10-09,ACC_KEMENHAN_012_065,ACC_BPK_004_888,32344705939.58,Belanja Pembayaran Bunga Utang,Pembayaran bunga SBN,0
2023-09-06,ACC_PERT_018_769,ACC_KES_024_747,19208788613.9,Belanja Barang,Penyewaan jasa kebersihan,0
2023-03-03,ACC_KEMENLU_011_337,ACC_KEMENHAN_012_676,11908025317.72,Belanja Barang,Belanja pemeliharaan rutin,0
2023-08-06,ACC_KEMENLU_011_240,ACC_KEMENAG_025_533,16880380225.62,Belanja Lain-lain,Belanja tak terduga,0
2023-04-28,ACC_KEMENDIKBUD_023_198,ACC_KEU_015_205,10623623980.79,Belanja Modal,Pembayaran termin proyek resmi,0
2023-10-14,ACC_KES_024_982,ACC_KEMENHUB_022_805,9526213884.25,Belanja Barang,Penyewaan jasa kebersihan,0
2023-11-21,ACC_PPATK_078_442,ACC_KEMENHUB_022_804,11619257252.25,Belanja Barang,Belanja internet dan komunikasi,0
2023-03-05,ACC_KEMENHAN_012_967,ACC_POLRI_060_938,2301802319.19,Belanja Pegawai,Tunjangan kinerja triwulan,0
2023-03-01,ACC_KEMENPERIN_019_397,ACC_KOMINFO_059_257,14489913176.79,Belanja Modal,Pengadaan aset TIK,0
2023-10-16,ACC_KEMENLU_011_038,ACC_KEMENAG_025_025,17778079104.5,Belanja Lain-lain,Belanja lainnya sesuai ketentuan,0
2023-10-24,ACC_POLRI_060_158,ACC_POLRI_060_158,11938263098.14,Belanja Pegawai,Pembayaran THR,1
2023-11-24,ACC_KEMENDIKBUD_023_433,ACC_SOS_027_431,8863392201.63,Belanja Pembayaran Bunga Utang,Pembayaran bunga SBN,0
2023-03-30,ACC_KEMENDIKBUD_023_449,ACC_KEMENDAG_090_793,21736937271.89,Belanja Pembayaran Bunga Utang,Pembayaran imbal hasil obligasi,0
2023-08-22,ACC_SOS_027_643,ACC_KEMENDIKBUD_023_049,16561938305.67,Belanja Pembayaran Bunga Utang,Pembayaran imbal hasil obligasi,0
2023-11-25,ACC_KEMENHUB_022_952,ACC_KEMENAG_025_145,21446161065.85,Belanja Pembayaran Bunga Utang,Pembayaran imbal hasil obligasi,0
2023-03-02,ACC_BPJS_NA_785,ACC_KEMENKOPUKM_044_561,18299443902.25,Belanja Modal,Pengadaan aset TIK,0
2023-06-27,ACC_KEMENAG_025_293,ACC_KEMENPAREKRAF_040_046,17403315140.1,Belanja Pegawai,Tunjangan kinerja triwulan,0
2023-12-02,ACC_KEMENDAGRI_010_139,ACC_KEMENKOPUKM_044_247,11423442937.08,Belanja Modal,Pengadaan aset TIK,0
2023-03-29,ACC_KEMENAG_025_088,ACC_KEU_015_713,5558155638.48,Belanja Pegawai,Pembayaran THR,0
2023-03-30,ACC_SOS_027_476,ACC_POLRI_060_573,17476278380.97,Belanja Barang,Pengadaan barang operasional,0
2023-03-02,ACC_KEMENLU_011_698,ACC_KEMENLU_011_698,21971504351.71,Belanja Barang,Belanja ATK dan operasional kantor,1
2023-10-29,ACC_BRIN_124_415,ACC_BPJS_NA_032,24773703546.46,Belanja Barang,Belanja ATK dan operasional kantor,0
2023-11-06,ACC_KEMENDAGRI_010_631,ACC_BPS_054_383,18125850492.27,Belanja Pembayaran Bunga Utang,Pembayaran imbal hasil obligasi,0
2023-11-27,ACC_KEMENDIKBUD_023_926,ACC_KEMENHUB_022_739,7769164933.07,Belanja Modal,Pembayaran termin proyek resmi,0
2023-04-25,ACC_BPJS_NA_795,ACC_POLRI_060_549,86278247068.12,Belanja Modal,Pengadaan peralatan dan mesin,0
2023-02-04,ACC_KEMENDAG_090_644,ACC_KES_024_336,14783969729.54,Belanja Pembayaran Bunga Utang,Pembayaran kupon SUN,0
2023-05-02,ACC_BRIN_124_081,ACC_PPATK_078_685,25376440797.03,Belanja Pembayaran Bunga Utang,Pembayaran imbal hasil obligasi,0
2023-02-27,ACC_KES_024_063,ACC_KEMENHUB_022_504,12089119405.83,Belanja Subsidi,Subsidi energi,0
2023-11-18,ACC_KEMENPAREKRAF_040_913,ACC_KEMENDAGRI_010_680,6546877246.33,Belanja Barang,Penyewaan jasa kebersihan,0
2023-05-17,ACC_KOMINFO_059_461,ACC_KEMENAG_025_459,44703265782.0,Belanja Barang,Penyewaan jasa kebersihan,0
2023-12-30,ACC_PERT_018_072,ACC_PPATK_078_427,17836952159.37,Belanja Barang,Belanja ATK dan operasional kantor,0
2023-07-24,ACC_KEMENPAREKRAF_040_825,ACC_PPATK_078_337,33607522361.77,Belanja Modal,Pengadaan peralatan dan mesin,0
2023-10-02,ACC_BPK_004_007,ACC_PPATK_078_905,2260411245.99,Belanja Pegawai,Tunjangan kinerja triwulan,0
2023-02-23,ACC_POLRI_060_616,ACC_KOMINFO_059_854,28664184283.66,Belanja Pembayaran Bunga Utang,Pembayaran bunga pinjaman luar negeri,0
2023-07-22,ACC_KOMINFO_059_543,ACC_BPK_004_801,38887606004.72,Belanja Lain-lain,Cadangan risiko fiskal,0
2023-01-11,ACC_ESDM_020_417,ACC_SOS_027_766,21230791754.38,Belanja Bantuan Sosial,Transfer bantuan sosial,0
2023-05-06,ACC_KES_024_494,ACC_BRIN_124_047,17984592643.2,Belanja Modal,Pengadaan aset TIK,0
2023-04-17,ACC_KEMENPERIN_019_464,ACC_KEU_015_787,18188633742.97,Belanja Pembayaran Bunga Utang,Pembayaran bunga SBN,0
2023-09-25,ACC_KEMENPAREKRAF_040_023,ACC_KEMENHAN_012_566,17029642426.11,Belanja Pegawai,Pembayaran gaji ke-13,0
2023-08-23,ACC_KEMENDAGRI_010_996,ACC_KEMENPAREKRAF_040_059,6070160419.55,Belanja Modal,Pembangunan infrastruktur jalan,0
2023-11-07,ACC_POLRI_060_557,ACC_KEMENPAREKRAF_040_972,6405279561.44,Belanja Pembayaran Bunga Utang,Pembayaran bunga pinjaman luar negeri,0
2023-01-21,ACC_KEMENDIKBUD_023_052,ACC_POLRI_060_338,65550795745.36,Belanja Pembayaran Bunga Utang,Pembayaran kupon SUN,0
2023-06-09,ACC_BPK_004_778,ACC_KEMENAG_025_832,58903107089.10168,Belanja Bantuan Sosial,Bansos tunai,1
2023-11-21,ACC_PUPR_033_068,ACC_KEMENDIKBUD_023_506,9489233436.49,Belanja Barang,Belanja pemeliharaan rutin,0
2023-03-20,ACC_KEMENPAREKRAF_040_785,ACC_KEMENHUB_022_620,20114920946.04,Belanja Pembayaran Bunga Utang,Pembayaran bunga SBN,0
2023-06-24,ACC_KEMENDIKBUD_023_184,ACC_KEMENHAN_012_023,6483798758.72,Belanja Barang,Belanja pemeliharaan rutin,0
2023-02-28,ACC_BRIN_124_492,ACC_PERT_018_513,5551546738.1,Belanja Barang,Belanja pemeliharaan rutin,0
2023-10-20,ACC_SOS_027_467,ACC_BPJS_NA_285,11399248246.54,Belanja Bantuan Sosial,Bantuan sosial kebencanaan,0
2023-08-07,ACC_KEMENKOPUKM_044_417,ACC_KEMENDAGRI_010_918,8294211483.92,Belanja Pegawai,Gaji pegawai bulan berjalan,0
2023-12-07,ACC_KEU_015_233,ACC_BRIN_124_663,83689419271.09,Belanja Subsidi,Subsidi energi,0
2023-10-09,ACC_KEMENLU_011_041,ACC_KEMENAG_025_122,7533099628.28,Belanja Pegawai,Gaji pegawai bulan berjalan,0
2023-03-29,ACC_KEMENDAGRI_010_267,ACC_KEMENHAN_012_541,20192684036.42,Belanja Barang,Belanja internet dan komunikasi,0
2023-03-02,ACC_POLRI_060_502,ACC_PERT_018_147,3825121289.16,Belanja Lain-lain,Cadangan risiko fiskal,0
2023-10-05,ACC_BPK_004_334,ACC_POLRI_060_881,34720152981.16,Belanja Lain-lain,Belanja operasi non-rutin,0
2023-11-29,ACC_KEMENPERIN_019_998,ACC_KEMENDAGRI_010_497,4068676492.29,Belanja Lain-lain,Cadangan risiko fiskal,0
2023-11-03,ACC_PERT_018_870,ACC_KEMENPAREKRAF_040_423,4132965913.35,Belanja Bantuan Sosial,Bantuan program keluarga harapan,0
2023-02-15,ACC_KOMINFO_059_865,ACC_BPS_054_717,14924638712.15,Belanja Barang,Penyewaan jasa kebersihan,0
2023-03-15,ACC_KEMENHAN_012_553,ACC_KEMENLU_011_479,31506013561.12,Belanja Bantuan Sosial,Bantuan pangan nontunai,0
2023-04-19,ACC_KEMENKOPUKM_044_992,ACC_PERT_018_909,7699821502.18,Belanja Pegawai,Pembayaran gaji ke-13,0
2023-09-05,ACC_ESDM_020_581,ACC_KEMENAG_025_120,20586400135.17,Belanja Pembayaran Bunga Utang,Pembayaran bunga pinjaman luar negeri,0
2023-07-08,ACC_SOS_027_663,ACC_PPATK_078_286,16336042493.0,Belanja Pembayaran Bunga Utang,Pembayaran imbal hasil obligasi,0
2023-04-06,ACC_BPK_004_312,ACC_KEMENHUB_022_309,15523383115.95,Belanja Barang,Belanja pemeliharaan rutin,0
2023-05-12,ACC_KEMENLU_011_930,ACC_KOMINFO_059_965,7672404131.27,Belanja Pegawai,Tunjangan kinerja triwulan,0
2023-07-16,ACC_PPATK_078_806,ACC_ESDM_020_482,13045417307.67,Belanja Pegawai,Pembayaran THR,0
2023-06-10,ACC_KEU_015_289,ACC_PERT_018_200,6598296446.61,Belanja Barang,Belanja pemeliharaan rutin,0
2023-06-22,ACC_KEMENPAREKRAF_040_503,ACC_ESDM_020_248,25575020565.7,Belanja Bantuan Sosial,Bantuan sosial kebencanaan,0
2023-02-11,ACC_KEMENHUB_022_012,ACC_PPATK_078_833,19792995376.32,Belanja Pegawai,Honorarium kegiatan resmi,0
2023-05-11,ACC_KEMENPAREKRAF_040_115,ACC_KEMENDAG_090_218,31177019526.45,Belanja Subsidi,Subsidi bunga kredit program,0
2023-11-30,ACC_KEMENHUB_022_893,ACC_KEMENAG_025_387,74850116817.46,Belanja Modal,Pembayaran termin proyek resmi,0
2023-08-30,ACC_KEMENLU_011_408,ACC_SOS_027_457,32275428907.28,Belanja Subsidi,Subsidi energi,0
2023-05-27,ACC_PUPR_033_601,ACC_KOMINFO_059_815,13899292539.59,Belanja Pembayaran Bunga Utang,Pembayaran imbal hasil obligasi,0
2023-03-26,ACC_KEMENPAREKRAF_040_167,ACC_KEMENESDM_020_384,8629306153.42,Belanja Pegawai,Gaji pegawai bulan berjalan,0
2023-09-15,ACC_KEMENKOPUKM_044_275,ACC_PPATK_078_750,4526729790.74,Belanja Barang,Penyewaan jasa kebersihan,0
2023-08-21,ACC_POLRI_060_490,ACC_KEMENHAN_012_733,5935369274.32,Belanja Modal,Pembangunan/rehabilitasi gedung,0
2023-12-16,ACC_KEMENHUB_022_084,ACC_POLRI_060_387,6339437676.77,Belanja Pegawai,Honorarium kegiatan resmi,0
2023-12-04,ACC_KEU_015_154,ACC_BPS_054_440,15839246639.8,Belanja Pegawai,Gaji pegawai bulan berjalan,0
2023-05-01,ACC_KEMENHAN_012_993,ACC_BRIN_124_411,83314910175.76,Belanja Pembayaran Bunga Utang,Honorarium kegiatan resmi,1
2023-12-08,ACC_KEMENAG_025_640,ACC_KEMENESDM_020_986,12197783816.61,Belanja Modal,Pembangunan infrastruktur jalan,0
2023-03-12,ACC_PERT_018_801,ACC_KEMENDAG_090_031,23282471624.6,Belanja Subsidi,Subsidi bunga kredit program,0
2023-09-25,ACC_KEMENDAGRI_010_011,ACC_BRIN_124_344,15634262823.76,Belanja Modal,Pembangunan infrastruktur jalan,0
2023-01-19,ACC_KEMENPAREKRAF_040_628,ACC_PPATK_078_980,28060007287.38,Belanja Bantuan Sosial,Bantuan program keluarga harapan,0
2023-02-02,ACC_KES_024_010,ACC_KEMENLU_011_592,9359861649.3,Belanja Pembayaran Bunga Utang,Pembayaran imbal hasil obligasi,0
2023-05-05,ACC_KEMENKOPUKM_044_427,ACC_KEMENESDM_020_848,11617414974.01,Belanja Pegawai,Tunjangan kinerja triwulan,0
2023-04-07,ACC_PERT_018_496,ACC_KEMENESDM_020_787,7657016609.77,Belanja Pembayaran Bunga Utang,Pembayaran imbal hasil obligasi,0
2023-01-08,ACC_BPS_054_208,ACC_KEMENESDM_020_914,96527746719.42,Belanja Modal,Pembangunan infrastruktur jalan,0
2023-02-02,ACC_KEMENAG_025_513,ACC_KEMENLU_011_204,30887646754.03,Belanja Subsidi,Pembayaran subsidi,0
2023-10-01,ACC_KES_024_689,ACC_PERT_018_850,20609611321.58,Belanja Barang,Penyewaan jasa kebersihan,0
2023-05-16,ACC_BPK_004_387,ACC_KEMENDAGRI_010_025,24040085657.78,Belanja Bantuan Sosial,Bantuan pangan nontunai,0
2023-06-27,ACC_KEMENESDM_020_885,ACC_KEMENDAG_090_095,9610840737.01,Belanja Subsidi,Subsidi bunga kredit program,0
2023-05-26,ACC_KEMENPERIN_019_893,ACC_KEMENESDM_020_953,7351412377.33,Belanja Lain-lain,Belanja operasi non-rutin,0
2023-05-15,ACC_POLRI_060_846,ACC_KEMENKOPUKM_044_747,18410992992.08,Belanja Bantuan Sosial,Bantuan pangan nontunai,0
2023-12-11,ACC_PPATK_078_160,ACC_KEMENAG_025_550,17930272929.21,Belanja Barang,Belanja internet dan komunikasi,0
2023-03-17,ACC_KEMENKOPUKM_044_657,ACC_BPS_054_741,21470333112.24,Belanja Modal,Pembayaran gaji ke-13,1
2023-12-28,ACC_PERT_018_269,ACC_KEU_015_840,8288933160.21,Belanja Lain-lain,Belanja tak terduga,1
2023-02-02,ACC_PPATK_078_377,ACC_BPK_004_214,21192738936.7,Belanja Pembayaran Bunga Utang,Pembayaran imbal hasil obligasi,0
2023-07-29,ACC_PPATK_078_946,ACC_BPJS_NA_029,12967320150.87,Belanja Pembayaran Bunga Utang,Pembayaran bunga SBN,0
2023-08-14,ACC_KOMINFO_059_558,ACC_PERT_018_067,204322527353.91,Belanja Subsidi,Subsidi pangan,0
2023-11-19,ACC_SOS_027_023,ACC_KES_024_999,10555394122.08,Belanja Bantuan Sosial,Bantuan program keluarga harapan,0
2023-02-23,ACC_KEMENHUB_022_138,ACC_PUPR_033_473,9872044841.74,Belanja Barang,Pengadaan barang operasional,0
2023-02-10,ACC_KEMENLU_011_610,ACC_KEMENDIKBUD_023_695,11992794096.34,Belanja Lain-lain,Belanja lainnya sesuai ketentuan,0
2023-08-03,ACC_SOS_027_886,ACC_POLRI_060_612,20665878330.36,Belanja Barang,Belanja internet dan komunikasi,0
2023-09-15,ACC_ESDM_020_480,ACC_KES_024_888,9622797975.3,Belanja Modal,Pengadaan aset TIK,0
2023-05-16,ACC_KEMENDAG_090_059,ACC_BPK_004_705,10779640399.33,Belanja Pegawai,Tunjangan kinerja triwulan,0
2023-09-17,ACC_PPATK_078_373,ACC_KEMENDAG_090_973,50904627173.84,Belanja Subsidi,Subsidi pangan,0
2023-08-04,ACC_KEMENESDM_020_511,ACC_ESDM_020_581,25932808084.92,Belanja Subsidi,Subsidi energi,0
2023-01-30,ACC_KEMENDIKBUD_023_585,ACC_PERT_018_262,12682410594.01,Belanja Barang,Pengadaan barang operasional,0
2023-10-20,ACC_PUPR_033_207,ACC_BRIN_124_333,38120828730.98,Belanja Barang,Penyewaan jasa kebersihan,0
2023-02-16,ACC_KEMENDAGRI_010_622,ACC_KEMENPAREKRAF_040_200,54313185223.85,Belanja Subsidi,Subsidi pangan,0
2023-12-19,ACC_KEMENHUB_022_157,ACC_POLRI_060_261,112859366615.37,Belanja Pembayaran Bunga Utang,Pembayaran kupon SUN,0
2023-05-11,ACC_ESDM_020_579,ACC_BPJS_NA_455,13951592452.9,Belanja Pegawai,Pembayaran gaji ke-13,0
2023-01-30,ACC_PERT_018_359,ACC_KEMENAG_025_850,56005866653.83,Belanja Pembayaran Bunga Utang,Pembayaran kupon SUN,0
2023-11-12,ACC_KEMENESDM_020_486,ACC_PPATK_078_808,30537872863.26,Belanja Subsidi,Subsidi pupuk,0
2023-05-23,ACC_BPS_054_993,ACC_KEMENDIKBUD_023_937,20861288970.44,Belanja Bantuan Sosial,Bantuan sosial kebencanaan,0
2023-12-31,ACC_KEMENDAG_090_090,ACC_KEMENHAN_012_720,5870204013.3,Belanja Modal,Pengadaan aset TIK,0
2023-09-27,ACC_KEMENHUB_022_104,ACC_BPK_004_452,24383592350.83,Belanja Barang,Pengadaan barang operasional,0
2023-12-05,ACC_KEMENKOPUKM_044_687,ACC_KEMENDAG_090_566,68650830966.88,Belanja Subsidi,Subsidi bunga kredit program,0
2023-02-22,ACC_BPS_054_077,ACC_POLRI_060_718,65098376748.85,Belanja Subsidi,Subsidi energi,0
2023-10-29,ACC_KEMENDAG_090_822,ACC_KEU_015_842,21843444803.09,Belanja Modal,Pembayaran termin proyek resmi,0
2023-11-29,ACC_KEMENDIKBUD_023_947,ACC_ESDM_020_306,8983759090.35,Belanja Pegawai,Honorarium kegiatan resmi,0
2023-09-14,ACC_KEMENDAG_090_296,ACC_KEMENPAREKRAF_040_928,36400620842.36,Belanja Modal,Pembangunan infrastruktur jalan,0
2023-07-02,ACC_KEU_015_435,ACC_BPJS_NA_107,18733265208.0,Belanja Subsidi,Subsidi pangan,0
2023-03-27,ACC_KEMENPAREKRAF_040_836,ACC_KEMENDAG_090_843,9901244299.36,Belanja Subsidi,Pembayaran subsidi,0
2023-02-28,ACC_BPS_054_403,ACC_KEMENDAG_090_540,14886767750.01,Belanja Pegawai,Pembayaran gaji ke-13,0
2023-01-24,ACC_BPK_004_624,ACC_KEU_015_812,182514008205.84436,Belanja Pembayaran Bunga Utang,Pembayaran imbal hasil obligasi,1
2023-10-15,ACC_KOMINFO_059_434,ACC_BPS_054_937,5694618117.26,Belanja Pegawai,Pembayaran gaji ke-13,0
2023-07-08,ACC_BPS_054_578,ACC_KEMENLU_011_810,45925343813.24,Belanja Modal,Pengadaan peralatan dan mesin,0
2023-08-21,ACC_PERT_018_255,ACC_BPJS_NA_476,24857136488.59,Belanja Pembayaran Bunga Utang,Pembayaran kupon SUN,0
2023-06-19,ACC_KEMENLU_011_317,ACC_BPK_004_174,9637308671.9,Belanja Pembayaran Bunga Utang,Pembayaran imbal hasil obligasi,0
2023-09-26,ACC_KES_024_631,ACC_BPS_054_811,20091922892.75,Belanja Barang,Belanja ATK dan operasional kantor,0
2023-02-26,ACC_KEMENDIKBUD_023_711,ACC_KEMENPERIN_019_529,7152169332.96,Belanja Subsidi,Subsidi bunga kredit program,0
2023-09-26,ACC_KEMENDAG_090_303,ACC_KEMENESDM_020_087,25499172262.83,Belanja Pembayaran Bunga Utang,Pembayaran imbal hasil obligasi,0
2023-01-29,ACC_BPS_054_022,ACC_KOMINFO_059_833,27843323000.6,Belanja Modal,Pembayaran termin proyek resmi,0
2023-06-12,ACC_PERT_018_685,ACC_ESDM_020_141,23772270383.12,Belanja Barang,Penyewaan jasa kebersihan,0
2023-07-17,ACC_SOS_027_840,ACC_KEMENESDM_020_228,27566554368.04,Belanja Lain-lain,Belanja operasi non-rutin,0
2023-03-27,ACC_KEMENPERIN_019_397,ACC_KEMENKOPUKM_044_253,2376058122.44,Belanja Bantuan Sosial,Bantuan pangan nontunai,0
2023-02-02,ACC_BPJS_NA_260,ACC_KEMENPERIN_019_234,16031859446.02,Belanja Pembayaran Bunga Utang,Pembayaran kupon SUN,0
2023-05-24,ACC_KOMINFO_059_024,ACC_KEMENDAGRI_010_965,10335797615.78,Belanja Pembayaran Bunga Utang,Pembayaran bunga SBN,0
2023-11-29,ACC_ESDM_020_175,ACC_PUPR_033_844,5854582704.74,Belanja Lain-lain,Belanja lainnya sesuai ketentuan,0
2023-08-19,ACC_PERT_018_883,ACC_SOS_027_828,52104260560.42,Belanja Modal,Pembangunan/rehabilitasi gedung,0
2023-08-05,ACC_POLRI_060_568,ACC_ESDM_020_031,19986168612.41,Belanja Modal,Pengadaan aset TIK,0
2023-01-18,ACC_PPATK_078_913,ACC_KEU_015_738,19631447796.62,Belanja Pembayaran Bunga Utang,Pembayaran bunga pinjaman luar negeri,0
2023-12-31,ACC_KES_024_566,ACC_ESDM_020_245,39407402206.68,Belanja Modal,Pembayaran termin proyek resmi,1
2023-06-09,ACC_KEMENPAREKRAF_040_596,ACC_KOMINFO_059_114,2587838866.39,Belanja Bantuan Sosial,Bantuan pangan nontunai,0
2023-06-15,ACC_BPS_054_703,ACC_KEMENDAG_090_175,7415427927.87,Belanja Subsidi,Subsidi pangan,0
2023-07-25,ACC_KEMENHAN_012_617,ACC_KEMENKOPUKM_044_318,327538494342.16925,Belanja Modal,Pembayaran termin proyek resmi,1
2023-01-13,ACC_KEMENDAGRI_010_675,ACC_KES_024_555,26854518498.64,Belanja Barang,Belanja ATK dan operasional kantor,0
2023-11-03,ACC_PUPR_033_950,ACC_POLRI_060_144,27389929864.3,Belanja Modal,Pengadaan aset TIK,0
2023-10-28,ACC_KES_024_676,ACC_KEMENHUB_022_169,19628971956.06,Belanja Pegawai,Pembayaran THR,0
2023-10-23,ACC_PERT_018_467,ACC_KOMINFO_059_235,28895993654.77,Belanja Barang,Penyewaan jasa kebersihan,0
2023-08-22,ACC_KEMENLU_011_368,ACC_KEU_015_695,14561541039.11,Belanja Pegawai,Gaji pegawai bulan berjalan,0
2023-08-11,ACC_BPJS_NA_592,ACC_BPK_004_746,11793636433.79,Belanja Barang,Belanja pemeliharaan rutin,0
2023-12-28,ACC_KEMENKOPUKM_044_646,ACC_BPK_004_732,7860007308.77,Belanja Pegawai,Gaji pegawai bulan berjalan,1
2023-05-07,ACC_KOMINFO_059_457,ACC_KEMENKOPUKM_044_135,7316640588.08,Belanja Lain-lain,Belanja lainnya sesuai ketentuan,0
2023-03-05,ACC_KEMENDIKBUD_023_491,ACC_BRIN_124_647,8237802391.69,Belanja Pembayaran Bunga Utang,Pembayaran bunga pinjaman luar negeri,0
2023-04-20,ACC_KEMENPAREKRAF_040_221,ACC_KEMENLU_011_370,11455834812.03,Belanja Lain-lain,Cadangan risiko fiskal,0
2023-01-04,ACC_KEMENDAGRI_010_244,ACC_PERT_018_902,42770912585.07,Belanja Modal,Pembayaran termin proyek resmi,0
2023-12-31,ACC_PPATK_078_483,ACC_KEMENHUB_022_543,35608263063.5,Belanja Pegawai,Pembayaran gaji ke-13,1
2023-07-26,ACC_SOS_027_619,ACC_POLRI_060_146,4426222903.31,Belanja Modal,Pengadaan aset TIK,0
2023-09-04,ACC_KEMENESDM_020_163,ACC_KEMENDAG_090_884,6797727686.25,Belanja Barang,Belanja ATK dan operasional kantor,0
2023-02-04,ACC_KEMENHAN_012_284,ACC_PUPR_033_359,14290278172.38,Belanja Pembayaran Bunga Utang,Pengadaan aset TIK,1
2023-11-04,ACC_SOS_027_163,ACC_BPK_004_609,5401735687.77,Belanja Pembayaran Bunga Utang,Pembayaran kupon SUN,0
2023-02-24,ACC_KEMENDAGRI_010_983,ACC_KEU_015_333,13871737699.74,Belanja Barang,Belanja ATK dan operasional kantor,0
2023-12-02,ACC_POLRI_060_409,ACC_KEMENAG_025_503,18291568176.97,Belanja Modal,Pembayaran termin proyek resmi,0
2023-10-30,ACC_KEMENLU_011_464,ACC_BPK_004_235,16587727451.18,Belanja Modal,Pembayaran termin proyek resmi,0
2023-05-15,ACC_PUPR_033_001,ACC_KEMENAG_025_561,12717270937.48,Belanja Pembayaran Bunga Utang,Pembayaran kupon SUN,0
2023-01-26,ACC_BPJS_NA_855,ACC_KEMENPERIN_019_429,45661009395.48,Belanja Barang,Belanja ATK dan operasional kantor,0
2023-12-17,ACC_KEMENHAN_012_416,ACC_KES_024_886,28133157409.32,Belanja Pegawai,Tunjangan kinerja triwulan,0
2023-02-20,ACC_PERT_018_081,ACC_KEMENPAREKRAF_040_036,5145833385.68,Belanja Pegawai,Gaji pegawai bulan berjalan,0
2023-06-17,ACC_BRIN_124_481,ACC_KEMENPERIN_019_468,211515099132.7474,Belanja Pembayaran Bunga Utang,Pembayaran imbal hasil obligasi,1
2023-07-16,ACC_KEMENESDM_020_471,ACC_PUPR_033_621,10342462719.73,Belanja Subsidi,Pembayaran subsidi,0
2023-01-19,ACC_KEMENHAN_012_127,ACC_KEMENESDM_020_205,10307669088.26,Belanja Lain-lain,Belanja tak terduga,0
2023-07-26,ACC_BPJS_NA_464,ACC_KEMENHUB_022_280,12270469084.32,Belanja Pembayaran Bunga Utang,Pembayaran bunga SBN,0
2023-08-24,ACC_ESDM_020_685,ACC_KEMENPAREKRAF_040_158,24729458551.27,Belanja Barang,Belanja ATK dan operasional kantor,0
2023-11-07,ACC_KEMENDAGRI_010_403,ACC_KEMENHUB_022_669,12980185672.82,Belanja Lain-lain,Cadangan risiko fiskal,0
2023-12-24,ACC_KEMENKOPUKM_044_255,ACC_PPATK_078_208,29508561116.96,Belanja Barang,Belanja ATK dan operasional kantor,0
2023-12-14,ACC_KEU_015_839,ACC_BPJS_NA_478,28713165757.2,Belanja Pembayaran Bunga Utang,Pembayaran kupon SUN,0
2023-01-24,ACC_KEMENHAN_012_756,ACC_PPATK_078_423,20332913187.61,Belanja Barang,Belanja ATK dan operasional kantor,0
2023-04-03,ACC_POLRI_060_812,ACC_PUPR_033_133,63084049083.89,Belanja Modal,Pengadaan aset TIK,0
2023-07-30,ACC_BPJS_NA_666,ACC_KEMENKOPUKM_044_293,16607740589.1,Belanja Pegawai,Pembayaran gaji ke-13,0
2023-04-25,ACC_KEMENDAG_090_949,ACC_KEMENHUB_022_670,33170696188.67,Belanja Lain-lain,Belanja operasi non-rutin,0
2023-10-24,ACC_KOMINFO_059_362,ACC_KEMENAG_025_589,5145940084.9,Belanja Pegawai,Tunjangan kinerja triwulan,0
2023-05-07,ACC_KEMENHUB_022_197,ACC_KEMENHAN_012_221,23083448764.676228,Belanja Subsidi,Subsidi bunga kredit program,1
2023-11-16,ACC_PPATK_078_394,ACC_KEMENKOPUKM_044_269,4075019763.61,Belanja Subsidi,Subsidi bunga kredit program,0
2023-06-12,ACC_KEMENPERIN_019_061,ACC_KEMENHUB_022_438,13638755185.33,Belanja Subsidi,Subsidi energi,0
2023-05-29,ACC_KES_024_716,ACC_KEMENDIKBUD_023_779,23692654811.91,Belanja Pembayaran Bunga Utang,Pembayaran bunga pinjaman luar negeri,0
2023-07-13,ACC_KEMENKOPUKM_044_482,ACC_KEMENDAG_090_899,8301293985.95,Belanja Barang,Penyewaan jasa kebersihan,0
2023-07-31,ACC_KEMENHUB_022_665,ACC_KEMENHAN_012_670,26933605483.06,Belanja Barang,Gaji pegawai bulan berjalan,1
2023-05-19,ACC_KEU_015_221,ACC_KEMENESDM_020_273,13589419622.15,Belanja Barang,Belanja internet dan komunikasi,0
2023-10-31,ACC_KEMENLU_011_276,ACC_PPATK_078_514,2755487646.61,Belanja Lain-lain,Belanja tak terduga,0
2023-05-10,ACC_KEU_015_505,ACC_KEMENPERIN_019_590,35221427282.51,Belanja Pembayaran Bunga Utang,Pembayaran imbal hasil obligasi,0
2023-05-08,ACC_KEMENPERIN_019_503,ACC_BPK_004_200,56915394279.7671,Belanja Modal,Pembangunan/rehabilitasi gedung,1
2023-01-31,ACC_PPATK_078_502,ACC_KES_024_650,31912776091.36,Belanja Modal,Pembangunan infrastruktur jalan,0
2023-05-28,ACC_KEMENLU_011_970,ACC_KOMINFO_059_029,11974135779.38,Belanja Subsidi,Subsidi pupuk,0
2023-06-11,ACC_BRIN_124_869,ACC_KEMENPAREKRAF_040_852,10555008938.83,Belanja Modal,Pembangunan infrastruktur jalan,0
2023-12-30,ACC_ESDM_020_466,ACC_KEMENPERIN_019_243,38519372215.19,Belanja Barang,Penyewaan jasa kebersihan,0
2023-08-09,ACC_KEMENDAGRI_010_473,ACC_BPS_054_959,15713570872.35,Belanja Barang,Penyewaan jasa kebersihan,0
2023-01-10,ACC_SOS_027_923,ACC_KEMENDIKBUD_023_012,7328238966.35,Belanja Bantuan Sosial,Transfer bantuan sosial,0
2023-07-11,ACC_PUPR_033_762,ACC_ESDM_020_114,16499999212.31,Belanja Pegawai,Tunjangan kinerja triwulan,0
2023-08-17,ACC_PUPR_033_815,ACC_KOMINFO_059_607,16387665389.76,Belanja Bantuan Sosial,Transfer bantuan sosial,0
2023-03-17,ACC_KEMENPAREKRAF_040_891,ACC_KOMINFO_059_502,7449626295.1,Belanja Pegawai,Gaji pegawai bulan berjalan,0
2023-01-01,ACC_PUPR_033_435,ACC_KEMENAG_025_838,17474693253.97,Belanja Pegawai,Pembayaran THR,0
2023-05-13,ACC_BRIN_124_985,ACC_KEMENPAREKRAF_040_086,14169216069.23,Belanja Pegawai,Pembayaran gaji ke-13,0
2023-05-06,ACC_KEMENPERIN_019_175,ACC_BPJS_NA_763,6883353019.82,Belanja Pembayaran Bunga Utang,Pembayaran imbal hasil obligasi,0
2023-04-15,ACC_PUPR_033_578,ACC_KEMENHAN_012_443,18008932495.49,Belanja Lain-lain,Belanja tak terduga,0
2023-12-09,ACC_KEMENPERIN_019_354,ACC_BPJS_NA_075,10160142187.14,Belanja Barang,Pengadaan barang operasional,0
2023-10-09,ACC_KEU_015_578,ACC_KOMINFO_059_637,30810886506.69,Belanja Modal,Pengadaan aset TIK,0
2023-12-01,ACC_KES_024_778,ACC_KEMENKOPUKM_044_783,19782405083.41,Belanja Barang,Pengadaan barang operasional,0
2023-07-04,ACC_KEMENHAN_012_727,ACC_KEMENHAN_012_727,3196391286.35,Belanja Lain-lain,Belanja operasi non-rutin,1
2023-10-19,ACC_KEMENHAN_012_560,ACC_KEMENHAN_012_560,8342566352.03,Belanja Pegawai,Gaji pegawai bulan berjalan,1
2023-04-05,ACC_KEMENPERIN_019_326,ACC_POLRI_060_074,9442611485.83,Belanja Lain-lain,Belanja lainnya sesuai ketentuan,0
2023-09-11,ACC_PPATK_078_221,ACC_KES_024_262,9227653169.88,Belanja Barang,Penyewaan jasa kebersihan,0
2023-12-10,ACC_KES_024_989,ACC_KOMINFO_059_771,4396098508.72,Belanja Pegawai,Pembayaran gaji ke-13,0
2023-11-17,ACC_SOS_027_820,ACC_PPATK_078_747,8355271271.93,Belanja Pegawai,Tunjangan kinerja triwulan,0
2023-11-28,ACC_KEMENHUB_022_398,ACC_KEMENLU_011_345,6510176486.76,Belanja Subsidi,Subsidi energi,0
2023-04-25,ACC_KOMINFO_059_313,ACC_KEMENDIKBUD_023_228,12684817137.87,Belanja Pegawai,Tunjangan kinerja triwulan,0
2023-09-02,ACC_KEMENAG_025_818,ACC_KEMENESDM_020_526,67890668932.48,Belanja Subsidi,Subsidi energi,0
2023-03-07,ACC_KEMENHUB_022_167,ACC_PPATK_078_585,2818895752.17,Belanja Pegawai,Pembayaran gaji ke-13,0
2023-11-06,ACC_BPS_054_409,ACC_PPATK_078_112,12538774850.71,Belanja Barang,Pengadaan barang operasional,0
2023-04-15,ACC_KEMENESDM_020_324,ACC_KEMENAG_025_793,7857521773.87,Belanja Barang,Penyewaan jasa kebersihan,0
2023-05-03,ACC_BRIN_124_730,ACC_KEMENKOPUKM_044_889,17891398883.36,Belanja Barang,Belanja pemeliharaan rutin,0
2023-09-15,ACC_SOS_027_486,ACC_PERT_018_517,23732250581.85,Belanja Bantuan Sosial,Bansos tunai,0
2023-06-29,ACC_KEMENHUB_022_342,ACC_KEMENLU_011_133,11156596661.6,Belanja Modal,Pembangunan infrastruktur jalan,0
2023-05-18,ACC_KEMENDAGRI_010_208,ACC_BRIN_124_637,42595093330.9,Belanja Barang,Belanja ATK dan operasional kantor,0
2023-11-03,ACC_KEMENHUB_022_266,ACC_KEMENPERIN_019_646,34063988159.13,Belanja Pembayaran Bunga Utang,Pembayaran kupon SUN,0
2023-07-06,ACC_KEMENHAN_012_831,ACC_KEMENDAGRI_010_367,11362781764.8,Belanja Pembayaran Bunga Utang,Pembayaran imbal hasil obligasi,0
2023-11-03,ACC_KEMENHAN_012_946,ACC_BPS_054_132,18510497890.12,Belanja Barang,Belanja pemeliharaan rutin,0
2023-03-11,ACC_PPATK_078_171,ACC_KEMENDAGRI_010_366,13737994321.35,Belanja Pegawai,Pembayaran gaji ke-13,0
2023-06-30,ACC_BPK_004_019,ACC_KEMENAG_025_226,9996363257.25,Belanja Subsidi,Subsidi pupuk,0
2023-08-10,ACC_KOMINFO_059_615,ACC_KEMENLU_011_054,23834349245.34,Belanja Modal,Pembangunan infrastruktur jalan,0
2023-11-14,ACC_PPATK_078_867,ACC_POLRI_060_349,10492558668.17,Belanja Pegawai,Honorarium kegiatan resmi,0
2023-12-26,ACC_KEMENKOPUKM_044_915,ACC_KEMENLU_011_823,20706966020.85,Belanja Barang,Pengadaan barang operasional,0
2023-05-14,ACC_PPATK_078_641,ACC_PUPR_033_008,25693080335.32,Belanja Pembayaran Bunga Utang,Pembayaran imbal hasil obligasi,0
2023-08-23,ACC_KEMENPERIN_019_083,ACC_KEU_015_093,10971828383.26,Belanja Barang,Belanja internet dan komunikasi,0
2023-11-08,ACC_ESDM_020_268,ACC_KEMENDAG_090_417,17842669358.51,Belanja Lain-lain,Belanja lainnya sesuai ketentuan,0
2023-01-10,ACC_KEMENDAG_090_799,ACC_BPK_004_316,11583789767.08,Belanja Pembayaran Bunga Utang,Pembayaran bunga pinjaman luar negeri,0
2023-11-02,ACC_KEMENDAGRI_010_805,ACC_KEU_015_210,5064528301.8,Belanja Pegawai,Honorarium kegiatan resmi,0
2023-08-04,ACC_KEMENHUB_022_717,ACC_KEMENDIKBUD_023_925,5064049615.21,Belanja Barang,Belanja internet dan komunikasi,0
2023-03-21,ACC_KEMENAG_025_779,ACC_ESDM_020_480,8791020199.44,Belanja Pembayaran Bunga Utang,Pembayaran bunga SBN,0
2023-01-13,ACC_PUPR_033_202,ACC_KEMENKOPUKM_044_741,23029475385.53,Belanja Barang,Penyewaan jasa kebersihan,0
2023-01-01,ACC_ESDM_020_319,ACC_POLRI_060_217,19132573992.23,Belanja Subsidi,Subsidi bunga kredit program,0
2023-11-08,ACC_KEMENAG_025_080,ACC_BPK_004_677,11565877484.11,Belanja Barang,Belanja ATK dan operasional kantor,0
2023-01-12,ACC_POLRI_060_401,ACC_KEMENDAG_090_816,9996990806.36,Belanja Bantuan Sosial,Transfer bantuan sosial,0
2023-09-25,ACC_KEMENAG_025_917,ACC_KEMENLU_011_298,4540280121.35,Belanja Modal,Pembangunan infrastruktur jalan,0
2023-02-03,ACC_KOMINFO_059_775,ACC_PPATK_078_365,16575257431.88,Belanja Lain-lain,Belanja lainnya sesuai ketentuan,0
2023-08-22,ACC_PPATK_078_059,ACC_KEMENDAGRI_010_251,22903923880.62,Belanja Bantuan Sosial,Bantuan program keluarga harapan,0
2023-09-08,ACC_PERT_018_390,ACC_KEMENPAREKRAF_040_180,3496717315.58,Belanja Subsidi,Subsidi pupuk,0
2023-04-03,ACC_SOS_027_256,ACC_KEMENPERIN_019_766,38931389715.58,Belanja Barang,Penyewaan jasa kebersihan,0
2023-11-05,ACC_PUPR_033_059,ACC_PPATK_078_069,16350517978.05,Belanja Modal,Pembangunan infrastruktur jalan,0
2023-11-18,ACC_KEMENLU_011_909,ACC_KES_024_318,19840909565.18,Belanja Pegawai,Gaji pegawai bulan berjalan,0
2023-07-16,ACC_KEMENDAGRI_010_899,ACC_KEMENHAN_012_293,5974605402.63,Belanja Barang,Belanja pemeliharaan rutin,0
2023-08-10,ACC_BPS_054_786,ACC_SOS_027_890,16432952432.47,Belanja Pembayaran Bunga Utang,Pembayaran bunga pinjaman luar negeri,0
2023-06-03,ACC_PPATK_078_816,ACC_KEMENESDM_020_424,12820702231.1,Belanja Pembayaran Bunga Utang,Pembayaran bunga SBN,0
2023-12-27,ACC_KEMENESDM_020_638,ACC_KEMENLU_011_159,7755798160.23,Belanja Pegawai,Gaji pegawai bulan berjalan,1
2023-05-20,ACC_KEMENDAG_090_176,ACC_KEMENDIKBUD_023_927,10209271470.16,Belanja Modal,Pembayaran termin proyek resmi,0
2023-11-23,ACC_KEMENDAGRI_010_884,ACC_KEMENHUB_022_182,70217414262.96,Belanja Subsidi,Subsidi pupuk,0
2023-07-22,ACC_ESDM_020_967,ACC_KEMENDAGRI_010_029,5234018233.02,Belanja Subsidi,Subsidi pupuk,0
2023-07-30,ACC_BPJS_NA_184,ACC_BPK_004_095,58054182980.25,Belanja Pembayaran Bunga Utang,Pembayaran bunga pinjaman luar negeri,0
2023-08-25,ACC_PUPR_033_353,ACC_BRIN_124_930,10626278596.76,Belanja Pegawai,Pembayaran THR,0
2023-05-19,ACC_KEMENKOPUKM_044_637,ACC_KEMENPERIN_019_716,27210475810.47,Belanja Barang,Belanja internet dan komunikasi,0
2023-10-25,ACC_KEMENDIKBUD_023_525,ACC_KES_024_908,3185077702.52,Belanja Lain-lain,Belanja tak terduga,0
2023-12-21,ACC_BPS_054_893,ACC_KEMENDAG_090_680,31183124962.59,Belanja Modal,Pengadaan aset TIK,0
2023-06-27,ACC_ESDM_020_809,ACC_KEMENDAGRI_010_813,24502221569.74,Belanja Pembayaran Bunga Utang,Pembayaran bunga SBN,0
2023-02-16,ACC_KEMENPAREKRAF_040_005,ACC_KEMENAG_025_972,47815142534.37,Belanja Subsidi,Pembayaran subsidi,0
2023-05-30,ACC_KEMENHUB_022_806,ACC_KEMENLU_011_243,8729182246.95,Belanja Pembayaran Bunga Utang,Pembayaran imbal hasil obligasi,0
2023-06-19,ACC_KES_024_379,ACC_KEMENLU_011_594,17685868006.13,Belanja Barang,Belanja internet dan komunikasi,0
2023-11-10,ACC_BPS_054_146,ACC_BPJS_NA_323,2730643165.88,Belanja Pembayaran Bunga Utang,Pembayaran bunga pinjaman luar negeri,0
2023-02-27,ACC_ESDM_020_492,ACC_KEMENPAREKRAF_040_575,35454910199.36,Belanja Modal,Pembangunan infrastruktur jalan,0
2023-10-07,ACC_KOMINFO_059_072,ACC_KEMENPAREKRAF_040_521,14184977175.61,Belanja Modal,Pengadaan aset TIK,0
2023-03-03,ACC_KEMENESDM_020_254,ACC_KEMENAG_025_966,17997322030.43,Belanja Modal,Pengadaan peralatan dan mesin,0
2023-09-02,ACC_KEMENHUB_022_877,ACC_KEMENPERIN_019_170,47770804025.01,Belanja Modal,Pembangunan infrastruktur jalan,0
2023-01-17,ACC_BPK_004_882,ACC_KES_024_341,40579247103.05,Belanja Subsidi,Subsidi bunga kredit program,0
2023-04-17,ACC_BPS_054_816,ACC_KEMENDAGRI_010_940,20560935545.0,Belanja Subsidi,Subsidi pupuk,0
2023-04-18,ACC_KES_024_821,ACC_SOS_027_398,14119925739.06,Belanja Pegawai,Pembayaran THR,0
2023-04-26,ACC_BPS_054_841,ACC_KEMENHAN_012_586,14092898352.02,Belanja Lain-lain,Cadangan risiko fiskal,0
2023-08-23,ACC_KOMINFO_059_553,ACC_KEMENDAGRI_010_181,11597486927.28,Belanja Pembayaran Bunga Utang,Pembayaran imbal hasil obligasi,0
2023-02-28,ACC_KEMENPERIN_019_857,ACC_KEMENESDM_020_761,8762137065.78,Belanja Modal,Pembayaran termin proyek resmi,0
2023-05-14,ACC_KEMENDAG_090_421,ACC_PERT_018_213,15612467728.02,Belanja Subsidi,Subsidi bunga kredit program,0
2023-12-14,ACC_KEMENPERIN_019_166,ACC_KEMENKOPUKM_044_937,12484196998.25,Belanja Pembayaran Bunga Utang,Pembayaran bunga pinjaman luar negeri,0
2023-03-06,ACC_KEMENKOPUKM_044_221,ACC_PUPR_033_308,9822968613.99,Belanja Subsidi,Subsidi energi,0
2023-07-04,ACC_KOMINFO_059_719,ACC_BRIN_124_466,21437909080.84,Belanja Pembayaran Bunga Utang,Pembayaran imbal hasil obligasi,0
2023-10-10,ACC_ESDM_020_920,ACC_PPATK_078_227,7987428045.4,Belanja Pembayaran Bunga Utang,Pembayaran bunga SBN,0
2023-08-31,ACC_SOS_027_530,ACC_PPATK_078_589,7722028537.38,Belanja Pegawai,Gaji pegawai bulan berjalan,0
2023-08-10,ACC_BPK_004_927,ACC_KEMENPERIN_019_092,16849253557.82,Belanja Pegawai,Tunjangan kinerja triwulan,0
2023-04-02,ACC_KEMENDAG_090_192,ACC_KEU_015_077,23853620676.69,Belanja Pembayaran Bunga Utang,Pembayaran imbal hasil obligasi,0
2023-10-07,ACC_BPJS_NA_019,ACC_SOS_027_595,20487690105.1,Belanja Pembayaran Bunga Utang,Pembayaran imbal hasil obligasi,0
2023-09-22,ACC_KEMENKOPUKM_044_112,ACC_KEMENPAREKRAF_040_763,10650225283.17,Belanja Subsidi,Pembayaran subsidi,0
2023-10-31,ACC_KEMENDAGRI_010_703,ACC_KOMINFO_059_325,6934130013.19,Belanja Pembayaran Bunga Utang,Pembayaran bunga pinjaman luar negeri,0
2023-06-19,ACC_KOMINFO_059_375,ACC_KEMENHUB_022_557,9936977961.1,Belanja Modal,Pembangunan infrastruktur jalan,0
2023-05-14,ACC_POLRI_060_391,ACC_KEMENHUB_022_549,30288229798.6,Belanja Bantuan Sosial,Bantuan program keluarga harapan,0
2023-02-07,ACC_KEMENPERIN_019_699,ACC_PPATK_078_385,10606701761.71,Belanja Barang,Belanja ATK dan operasional kantor,0
2023-12-29,ACC_BPJS_NA_208,ACC_BRIN_124_937,11504911348.84,Belanja Barang,Pengadaan barang operasional,0
2023-07-16,ACC_KEMENLU_011_980,ACC_KEMENAG_025_654,14945197793.75,Belanja Pegawai,Pembayaran gaji ke-13,0
2023-07-05,ACC_PUPR_033_484,ACC_POLRI_060_680,15796169772.2,Belanja Pembayaran Bunga Utang,Penyaluran hibah pemerintah pusat,1
2023-01-05,ACC_PUPR_033_589,ACC_KEMENDAG_090_160,16153278978.29,Belanja Pegawai,Tunjangan kinerja triwulan,0
2023-12-29,ACC_BPJS_NA_640,ACC_KEMENPERIN_019_767,1511197412.16,Belanja Bantuan Sosial,Bantuan pangan nontunai,1
2023-08-27,ACC_PUPR_033_207,ACC_KEMENKOPUKM_044_318,16619461776.15,Belanja Pembayaran Bunga Utang,Pembayaran bunga SBN,0
2023-08-22,ACC_KES_024_701,ACC_KEMENLU_011_044,22946644107.59,Belanja Subsidi,Subsidi bunga kredit program,0
2023-05-22,ACC_BRIN_124_648,ACC_KEMENHAN_012_176,11242326334.62,Belanja Pembayaran Bunga Utang,Pembayaran bunga SBN,0
2023-12-10,ACC_KEU_015_177,ACC_KEMENDAG_090_383,14470258079.42,Belanja Pegawai,Pembayaran THR,0
2023-05-21,ACC_BPK_004_457,ACC_KEMENLU_011_440,57574463604.28,Belanja Subsidi,Subsidi pupuk,0
2023-04-07,ACC_BPJS_NA_656,ACC_SOS_027_008,4550146816.97,Belanja Pegawai,Honorarium kegiatan resmi,0
2023-06-22,ACC_KEMENPAREKRAF_040_735,ACC_KEMENPERIN_019_552,86424850728.2,Belanja Subsidi,Subsidi pupuk,0
2023-06-04,ACC_KES_024_175,ACC_PERT_018_848,10940487670.51,Belanja Barang,Belanja ATK dan operasional kantor,0
2023-11-07,ACC_KEMENDIKBUD_023_993,ACC_KEMENKOPUKM_044_300,3541861625.37,Belanja Lain-lain,Belanja lainnya sesuai ketentuan,0
2023-08-20,ACC_PUPR_033_955,ACC_BPK_004_605,6045293010.23,Belanja Barang,Belanja internet dan komunikasi,0
2023-10-05,ACC_KEMENDAG_090_353,ACC_KEMENDAGRI_010_999,15275737362.53,Belanja Pembayaran Bunga Utang,Pembayaran kupon SUN,0
2023-11-23,ACC_KEMENLU_011_712,ACC_PPATK_078_485,20738118507.07,Belanja Lain-lain,Belanja tak terduga,0
2023-03-17,ACC_KEU_015_164,ACC_KEMENHAN_012_372,15531903281.65,Belanja Pegawai,Honorarium kegiatan resmi,0
2023-06-11,ACC_KEMENHAN_012_068,ACC_KEMENESDM_020_344,15061631335.12,Belanja Subsidi,Subsidi bunga kredit program,0
2023-09-16,ACC_BPK_004_307,ACC_KEMENDIKBUD_023_847,28997792894.98,Belanja Pembayaran Bunga Utang,Pembayaran imbal hasil obligasi,0
2023-05-03,ACC_PUPR_033_187,ACC_KEMENESDM_020_774,20628430502.27,Belanja Pembayaran Bunga Utang,Pembayaran imbal hasil obligasi,0
2023-03-01,ACC_KEMENLU_011_406,ACC_KEU_015_408,13586390895.1,Belanja Pegawai,Pembayaran gaji ke-13,0
2023-11-23,ACC_POLRI_060_170,ACC_BPK_004_039,20930696438.32,Belanja Barang,Belanja ATK dan operasional kantor,0
2023-02-17,ACC_KEMENDAGRI_010_381,ACC_KEMENLU_011_057,6828200483.98,Belanja Barang,Belanja ATK dan operasional kantor,0
2023-06-28,ACC_KES_024_844,ACC_PPATK_078_574,10361438278.38,Belanja Modal,Pengadaan aset TIK,0
2023-02-06,ACC_KEMENDIKBUD_023_646,ACC_BRIN_124_455,6638314196.14,Belanja Subsidi,Subsidi pupuk,0
2023-01-04,ACC_KEMENESDM_020_533,ACC_BRIN_124_927,17192808401.05,Belanja Pembayaran Bunga Utang,Pembayaran bunga pinjaman luar negeri,0
2023-01-25,ACC_BPS_054_999,ACC_BPK_004_655,13480601675.14,Belanja Pembayaran Bunga Utang,Pembayaran bunga pinjaman luar negeri,0
2023-07-04,ACC_BPS_054_554,ACC_KEMENDAG_090_431,23042030577.88,Belanja Pegawai,Pembayaran gaji ke-13,0
2023-11-20,ACC_KEMENDAGRI_010_565,ACC_KEMENKOPUKM_044_596,11560416813.03,Belanja Pegawai,Pembayaran gaji ke-13,0
2023-10-13,ACC_ESDM_020_088,ACC_KOMINFO_059_747,55253570006.82,Belanja Subsidi,Subsidi energi,0
2023-10-19,ACC_KEMENAG_025_550,ACC_KEMENHUB_022_976,25733646717.12,Belanja Pembayaran Bunga Utang,Pembayaran bunga pinjaman luar negeri,0
2023-08-28,ACC_ESDM_020_143,ACC_KEMENDAG_090_861,6253497735.06,Belanja Subsidi,Subsidi pupuk,0
2023-02-18,ACC_ESDM_020_277,ACC_BPS_054_271,3820706175.88,Belanja Pegawai,Tunjangan kinerja triwulan,0
2023-03-04,ACC_KEMENESDM_020_708,ACC_KEMENAG_025_027,13473814085.02,Belanja Modal,Pengadaan peralatan dan mesin,0
2023-12-31,ACC_KEMENDAGRI_010_309,ACC_KES_024_052,16662902891.06,Belanja Barang,Belanja internet dan komunikasi,1
2023-12-29,ACC_KEMENHUB_022_043,ACC_PPATK_078_647,25181223569.44,Belanja Bantuan Sosial,Transfer bantuan sosial,0
2023-09-17,ACC_PERT_018_197,ACC_KEMENDAGRI_010_645,11892229833.46,Belanja Pegawai,Tunjangan kinerja triwulan,0
2023-09-12,ACC_PPATK_078_514,ACC_KEU_015_707,11089012004.92,Belanja Modal,Pembangunan/rehabilitasi gedung,0
2023-07-17,ACC_BPS_054_299,ACC_KEMENDAG_090_757,3751310263.87,Belanja Lain-lain,Belanja operasi non-rutin,0
2023-01-26,ACC_PPATK_078_594,ACC_KEMENESDM_020_595,7192369888.56,Belanja Pegawai,Honorarium kegiatan resmi,0
2023-04-10,ACC_ESDM_020_256,ACC_KOMINFO_059_479,12820865496.52,Belanja Barang,Pengadaan barang operasional,0
2023-04-15,ACC_ESDM_020_617,ACC_PERT_018_837,46210069880.39,Belanja Modal,Pembayaran termin proyek resmi,0
2023-09-16,ACC_KEMENPERIN_019_723,ACC_POLRI_060_412,16729993487.48,Belanja Pembayaran Bunga Utang,Pembayaran bunga pinjaman luar negeri,0
2023-10-28,ACC_KEMENPERIN_019_763,ACC_BPK_004_331,15935956854.39,Belanja Pegawai,Tunjangan kinerja triwulan,0
2023-01-09,ACC_BRIN_124_401,ACC_KEU_015_374,15485487771.53,Belanja Pembayaran Bunga Utang,Pembayaran imbal hasil obligasi,0
2023-10-09,ACC_KES_024_791,ACC_BPJS_NA_030,19614107590.65,Belanja Modal,Pengadaan aset TIK,0
2023-08-05,ACC_ESDM_020_320,ACC_KEMENDIKBUD_023_918,9155987390.18,Belanja Pegawai,Pembayaran gaji ke-13,0
2023-05-28,ACC_KEMENPAREKRAF_040_617,ACC_BPJS_NA_047,29584555000.62,Belanja Pembayaran Bunga Utang,Pembayaran imbal hasil obligasi,0
2023-05-09,ACC_PERT_018_770,ACC_KEMENLU_011_314,5848837503.96,Belanja Barang,Belanja pemeliharaan rutin,0
2023-01-27,ACC_KEMENPAREKRAF_040_029,ACC_ESDM_020_271,12731900158.98,Belanja Lain-lain,Belanja tak terduga,0
2023-09-10,ACC_KOMINFO_059_385,ACC_BPK_004_060,17116233633.73,Belanja Pembayaran Bunga Utang,Pembayaran bunga SBN,0
2023-02-21,ACC_BPS_054_572,ACC_KEU_015_546,20043264552.63,Belanja Pegawai,Honorarium kegiatan resmi,0
2023-03-30,ACC_BPS_054_828,ACC_BPK_004_922,21859678194.18,Belanja Subsidi,Subsidi energi,0
2023-10-05,ACC_KOMINFO_059_477,ACC_KES_024_417,31799872331.94,Belanja Barang,Belanja ATK dan operasional kantor,0
2023-08-25,ACC_KEMENKOPUKM_044_803,ACC_KEMENPERIN_019_619,41090789200.82,Belanja Pembayaran Bunga Utang,Pembayaran kupon SUN,0
2023-04-21,ACC_BPJS_NA_090,ACC_KEMENDAGRI_010_763,17847094565.67,Belanja Pembayaran Bunga Utang,Pembayaran kupon SUN,0
2023-08-12,ACC_BPK_004_101,ACC_BPS_054_132,33512735726.9,Belanja Modal,Pengadaan aset TIK,0
2023-10-20,ACC_PUPR_033_816,ACC_KEMENPERIN_019_711,2805032334.1,Belanja Barang,Belanja pemeliharaan rutin,0
2023-09-07,ACC_PPATK_078_652,ACC_KEMENDAGRI_010_149,57267994323.85,Belanja Pembayaran Bunga Utang,Pembayaran kupon SUN,0
2023-03-19,ACC_KEMENPERIN_019_226,ACC_PPATK_078_162,5364743016.27,Belanja Barang,Belanja internet dan komunikasi,0
2023-05-12,ACC_KEMENPERIN_019_448,ACC_KEMENHUB_022_884,13620984980.35,Belanja Modal,Pembangunan infrastruktur jalan,0
2023-07-06,ACC_KEMENESDM_020_949,ACC_BPJS_NA_243,3675021328.72,Belanja Barang,Pengadaan barang operasional,0
2023-01-10,ACC_KEMENDIKBUD_023_963,ACC_SOS_027_678,6296111092.03,Belanja Pembayaran Bunga Utang,Pembayaran kupon SUN,0
2023-01-28,ACC_KEMENKOPUKM_044_026,ACC_PUPR_033_266,9218425489.67,Belanja Pegawai,Tunjangan kinerja triwulan,0
2023-11-07,ACC_KEMENDIKBUD_023_322,ACC_KEMENHUB_022_579,20100121090.21,Belanja Modal,Pengadaan aset TIK,0
2023-06-05,ACC_PPATK_078_849,ACC_PUPR_033_668,5803229559.66,Belanja Pegawai,Pembayaran gaji ke-13,0
2023-03-28,ACC_KEMENLU_011_020,ACC_KEMENDIKBUD_023_269,13989201103.65,Belanja Modal,Pembayaran termin proyek resmi,0
2023-11-02,ACC_KOMINFO_059_028,ACC_KEMENDAG_090_467,30695229338.12,Belanja Subsidi,Subsidi pangan,0
2023-04-11,ACC_KEMENLU_011_551,ACC_KEMENDAG_090_802,6379455202.95,Belanja Barang,Penyewaan jasa kebersihan,0
2023-08-21,ACC_KEMENKOPUKM_044_778,ACC_PERT_018_598,8100417785.35,Belanja Pembayaran Bunga Utang,Pembayaran kupon SUN,0
2023-08-02,ACC_KEMENDAG_090_108,ACC_KEMENPERIN_019_165,2837485186.09,Belanja Barang,Pengadaan barang operasional,0
2023-12-29,ACC_BPJS_NA_424,ACC_KEMENDIKBUD_023_613,14259055626.16,Belanja Lain-lain,Belanja tak terduga,0
2023-03-01,ACC_KEMENKOPUKM_044_482,ACC_KEMENESDM_020_250,46081605948.25,Belanja Subsidi,Subsidi pangan,0
2023-02-02,ACC_KES_024_044,ACC_PPATK_078_509,22472078290.89,Belanja Bantuan Sosial,Bantuan sosial kebencanaan,0
2023-12-11,ACC_SOS_027_292,ACC_PERT_018_849,20184723223.47,Belanja Barang,Belanja internet dan komunikasi,0
2023-12-31,ACC_BPJS_NA_204,ACC_KEMENHUB_022_684,37298899096.54,Belanja Pembayaran Bunga Utang,Pembayaran bunga pinjaman luar negeri,1
2023-05-01,ACC_KEMENLU_011_945,ACC_BPS_054_756,50498281232.23,Belanja Subsidi,Subsidi bunga kredit program,0
2023-04-01,ACC_KEMENKOPUKM_044_200,ACC_KEU_015_586,7817058552.04,Belanja Barang,Belanja ATK dan operasional kantor,0
2023-10-03,ACC_KEMENKOPUKM_044_840,ACC_KEMENAG_025_841,53121600284.63,Belanja Barang,Belanja ATK dan operasional kantor,0
2023-01-08,ACC_KEMENKOPUKM_044_013,ACC_KES_024_725,6465385815.6,Belanja Lain-lain,Cadangan risiko fiskal,0
2023-10-18,ACC_KEMENDAGRI_010_535,ACC_BPJS_NA_302,12735892070.17,Belanja Barang,Belanja ATK dan operasional kantor,0
2023-11-16,ACC_BPJS_NA_505,ACC_PPATK_078_308,20019587573.5,Belanja Modal,Pembayaran termin proyek resmi,0
2023-11-21,ACC_KES_024_579,ACC_SOS_027_761,11832706685.27,Belanja Subsidi,Subsidi pangan,0
2023-11-30,ACC_KEMENESDM_020_284,ACC_KEMENHAN_012_475,4618372143.54,Belanja Pegawai,Gaji pegawai bulan berjalan,0
2023-03-08,ACC_KEMENDIKBUD_023_420,ACC_BPJS_NA_614,19917788216.07,Belanja Barang,Belanja pemeliharaan rutin,0
2023-02-16,ACC_PPATK_078_222,ACC_KEMENDIKBUD_023_533,14123360645.54,Belanja Barang,Belanja internet dan komunikasi,0
2023-06-08,ACC_PERT_018_889,ACC_KEMENLU_011_884,5752771534.66,Belanja Subsidi,Subsidi pupuk,0
2023-03-18,ACC_KEMENLU_011_597,ACC_PUPR_033_558,13735855361.0,Belanja Pegawai,Tunjangan kinerja triwulan,0
2023-02-16,ACC_KEMENDAGRI_010_213,ACC_KEMENAG_025_479,26947380819.75,Belanja Pembayaran Bunga Utang,Pembayaran bunga pinjaman luar negeri,0
2023-01-06,ACC_PERT_018_821,ACC_ESDM_020_144,3319610293.68,Belanja Barang,Belanja ATK dan operasional kantor,0
2023-03-14,ACC_BPJS_NA_686,ACC_PUPR_033_232,27502111284.01,Belanja Lain-lain,Belanja operasi non-rutin,0
2023-04-26,ACC_KEMENDAG_090_538,ACC_PPATK_078_565,58207534857.03,Belanja Subsidi,Subsidi pangan,0
2023-01-19,ACC_KEMENDAG_090_815,ACC_KEMENESDM_020_392,12312293914.14,Belanja Pembayaran Bunga Utang,Pembayaran bunga pinjaman luar negeri,0
2023-08-15,ACC_SOS_027_864,ACC_ESDM_020_186,9094153071.39,Belanja Pegawai,Tunjangan kinerja triwulan,0
2023-09-30,ACC_KEU_015_160,ACC_KEMENPERIN_019_870,11760508728.4,Belanja Bantuan Sosial,Bantuan pangan nontunai,0
2023-04-30,ACC_KEU_015_706,ACC_KEMENKOPUKM_044_468,6774802152.61,Belanja Pembayaran Bunga Utang,Pembayaran kupon SUN,0
2023-01-01,ACC_KEMENPAREKRAF_040_058,ACC_KEMENHUB_022_093,8010893304.27,Belanja Modal,Pembayaran termin proyek resmi,0
2023-04-13,ACC_KEMENPERIN_019_562,ACC_KEMENPAREKRAF_040_374,3201062766.44,Belanja Subsidi,Subsidi energi,0
2023-03-29,ACC_KOMINFO_059_020,ACC_KEMENAG_025_014,16593769490.15,Belanja Pembayaran Bunga Utang,Pembayaran kupon SUN,0
2023-06-04,ACC_KEMENKOPUKM_044_590,ACC_BPS_054_078,14732599365.88,Belanja Subsidi,Subsidi pangan,0
2023-02-02,ACC_KES_024_812,ACC_KEMENPERIN_019_788,7141748801.76,Belanja Pembayaran Bunga Utang,Pembayaran bunga SBN,0
2023-01-24,ACC_BPK_004_726,ACC_KEMENHUB_022_070,35953771608.25,Belanja Pembayaran Bunga Utang,Pembayaran imbal hasil obligasi,0
2023-04-14,ACC_KEMENPERIN_019_727,ACC_KEMENESDM_020_054,3178374911.57,Belanja Pegawai,Pembayaran gaji ke-13,0
2023-11-13,ACC_KOMINFO_059_198,ACC_PUPR_033_216,3276424776.64,Belanja Pegawai,Tunjangan kinerja triwulan,0
2023-11-28,ACC_ESDM_020_696,ACC_PUPR_033_027,5767152184.2,Belanja Barang,Penyewaan jasa kebersihan,0
2023-11-29,ACC_PUPR_033_373,ACC_ESDM_020_616,14562066542.48,Belanja Pegawai,Gaji pegawai bulan berjalan,0
2023-11-01,ACC_BRIN_124_169,ACC_KEMENAG_025_628,23666763665.81,Belanja Lain-lain,Cadangan risiko fiskal,0
2023-07-13,ACC_KEMENDAGRI_010_896,ACC_KES_024_612,12693766579.37,Belanja Barang,Pengadaan barang operasional,0
2023-01-19,ACC_SOS_027_682,ACC_BPS_054_786,22152553744.28,Belanja Subsidi,Subsidi energi,0
2023-06-26,ACC_PERT_018_342,ACC_BRIN_124_013,7522032267.68,Belanja Lain-lain,Cadangan risiko fiskal,0
2023-09-22,ACC_KEMENPERIN_019_088,ACC_BRIN_124_940,10845496822.9,Belanja Pegawai,Pembayaran gaji ke-13,0
2023-04-04,ACC_KEMENAG_025_967,ACC_KEMENHUB_022_763,9854808111.6,Belanja Modal,Pengadaan peralatan dan mesin,0
2023-08-20,ACC_KEMENKOPUKM_044_046,ACC_PPATK_078_886,26799615927.06,Belanja Subsidi,Subsidi pupuk,0
2023-11-24,ACC_KEMENHAN_012_003,ACC_PUPR_033_028,43775276688.32,Belanja Subsidi,Pembayaran subsidi,0
2023-12-09,ACC_KEMENDAG_090_914,ACC_KEMENDAGRI_010_931,25633428945.22,Belanja Pembayaran Bunga Utang,Pembayaran imbal hasil obligasi,0
2023-11-27,ACC_KEMENLU_011_250,ACC_KES_024_571,17065230235.47,Belanja Subsidi,Subsidi pangan,0
2023-08-27,ACC_KEMENHUB_022_234,ACC_KES_024_303,8732125948.3,Belanja Pegawai,Honorarium kegiatan resmi,0
2023-12-28,ACC_KEMENPAREKRAF_040_857,ACC_ESDM_020_801,19379308880.5,Belanja Barang,Pengadaan barang operasional,0
2023-12-01,ACC_BPJS_NA_016,ACC_POLRI_060_556,4103630347.05,Belanja Lain-lain,Cadangan risiko fiskal,0
2023-09-17,ACC_KEMENDIKBUD_023_824,ACC_BPS_054_320,34427507196.13,Belanja Pembayaran Bunga Utang,Pembayaran bunga pinjaman luar negeri,0
2023-04-05,ACC_BPJS_NA_568,ACC_KOMINFO_059_544,30823257658.06,Belanja Barang,Belanja internet dan komunikasi,0
2023-07-19,ACC_PUPR_033_846,ACC_SOS_027_673,15304802597.44,Belanja Barang,Belanja internet dan komunikasi,0
2023-11-07,ACC_PPATK_078_588,ACC_KEMENESDM_020_953,44929292528.89,Belanja Pegawai,Pembayaran gaji ke-13,0
2023-03-19,ACC_KES_024_542,ACC_KEMENPAREKRAF_040_285,13212243790.78,Belanja Pegawai,Pembayaran gaji ke-13,0
2023-02-10,ACC_BPJS_NA_998,ACC_KEMENDAG_090_282,3810428482.84,Belanja Pembayaran Bunga Utang,Pembayaran kupon SUN,0
2023-03-02,ACC_KEMENPERIN_019_480,ACC_KEMENDAGRI_010_780,16085172219.03,Belanja Modal,Pembangunan/rehabilitasi gedung,0
2023-05-27,ACC_KEMENDIKBUD_023_940,ACC_KEMENAG_025_752,23605690951.61,Belanja Modal,Pembangunan infrastruktur jalan,0
2023-06-15,ACC_KEMENHAN_012_939,ACC_ESDM_020_762,18808558045.26,Belanja Bantuan Sosial,Bantuan sosial kebencanaan,0
2023-05-14,ACC_KEMENAG_025_985,ACC_KEMENPAREKRAF_040_791,35531004575.49,Belanja Pembayaran Bunga Utang,Pembayaran kupon SUN,0
2023-04-13,ACC_KEMENPAREKRAF_040_226,ACC_PERT_018_902,12749817628.93,Belanja Barang,Belanja internet dan komunikasi,0
2023-11-02,ACC_BPK_004_254,ACC_BPJS_NA_180,9273131219.65,Belanja Pembayaran Bunga Utang,Pembayaran imbal hasil obligasi,0
2023-02-03,ACC_KOMINFO_059_236,ACC_KEU_015_463,57491135825.07551,Belanja Pegawai,Gaji pegawai bulan berjalan,1
2023-11-09,ACC_KEU_015_483,ACC_KEMENKOPUKM_044_430,19716272790.43,Belanja Lain-lain,Belanja lainnya sesuai ketentuan,0
2023-03-27,ACC_PPATK_078_133,ACC_KOMINFO_059_351,18415746683.67,Belanja Lain-lain,Belanja operasi non-rutin,0
2023-03-25,ACC_BPS_054_993,ACC_PUPR_033_464,8060758860.08,Belanja Lain-lain,Cadangan risiko fiskal,0
2023-06-15,ACC_KEMENHAN_012_293,ACC_KEMENHUB_022_509,29629310725.72,Belanja Modal,Pengadaan peralatan dan mesin,0
2023-06-19,ACC_KEU_015_598,ACC_KEMENESDM_020_645,9231487993.53,Belanja Barang,Belanja ATK dan operasional kantor,0
2023-01-15,ACC_BPJS_NA_735,ACC_KEMENDAG_090_379,32300410872.85,Belanja Barang,Penyewaan jasa kebersihan,0
2023-09-07,ACC_KES_024_949,ACC_KEMENDAG_090_409,11790095739.34,Belanja Modal,Pembangunan/rehabilitasi gedung,0
2023-06-15,ACC_KEMENDIKBUD_023_150,ACC_KEMENHUB_022_875,24720055496.99,Belanja Subsidi,Subsidi bunga kredit program,0
2023-03-09,ACC_KEU_015_733,ACC_SOS_027_783,47221061228.23,Belanja Pembayaran Bunga Utang,Pembayaran imbal hasil obligasi,0
2023-04-10,ACC_KEMENDAGRI_010_252,ACC_KEMENLU_011_982,13254425094.27,Belanja Barang,Belanja internet dan komunikasi,0
2023-06-22,ACC_KEMENPERIN_019_875,ACC_KEU_015_201,10226483630.62,Belanja Pembayaran Bunga Utang,Pembayaran bunga pinjaman luar negeri,0
2023-09-13,ACC_KOMINFO_059_012,ACC_KEMENDAGRI_010_892,31100550697.25,Belanja Pembayaran Bunga Utang,Pembayaran imbal hasil obligasi,0
2023-06-21,ACC_BRIN_124_608,ACC_KEMENPAREKRAF_040_818,75085364849.23,Belanja Pembayaran Bunga Utang,Pembayaran kupon SUN,0
2023-03-05,ACC_PUPR_033_509,ACC_KEMENESDM_020_132,106812295213.04,Belanja Modal,Pengadaan peralatan dan mesin,0
2023-09-29,ACC_KEMENPAREKRAF_040_319,ACC_ESDM_020_844,11995725320.57,Belanja Modal,Pengadaan aset TIK,0
2023-06-29,ACC_KEMENHUB_022_058,ACC_KEMENDAGRI_010_480,7394160685.14,Belanja Lain-lain,Belanja operasi non-rutin,0
2023-03-20,ACC_BPS_054_460,ACC_PPATK_078_061,25637136815.23,Belanja Lain-lain,Belanja lainnya sesuai ketentuan,0
2023-01-20,ACC_KEMENDIKBUD_023_969,ACC_KEMENDAG_090_315,20315133857.66,Belanja Pembayaran Bunga Utang,Pembayaran imbal hasil obligasi,0
2023-06-10,ACC_KEMENHUB_022_614,ACC_KEU_015_888,19362555528.74,Belanja Pegawai,Tunjangan kinerja triwulan,0
2023-07-06,ACC_KEMENAG_025_518,ACC_BRIN_124_865,12462467702.27,Belanja Barang,Penyewaan jasa kebersihan,0
2023-05-18,ACC_KEMENHAN_012_051,ACC_KES_024_403,16241169608.7,Belanja Pembayaran Bunga Utang,Pembayaran bunga pinjaman luar negeri,0
2023-02-11,ACC_POLRI_060_731,ACC_KEU_015_057,2797602692.68,Belanja Bantuan Sosial,Bantuan pangan nontunai,0
2023-09-05,ACC_KEMENLU_011_678,ACC_KEMENESDM_020_062,17413486053.01,Belanja Modal,Pembangunan infrastruktur jalan,0
2023-01-26,ACC_PERT_018_410,ACC_KEMENAG_025_758,2908979362.17,Belanja Lain-lain,Belanja operasi non-rutin,0
2023-11-13,ACC_PERT_018_532,ACC_KEMENPERIN_019_106,9343606260.32,Belanja Pembayaran Bunga Utang,Pembayaran bunga SBN,0
2023-08-12,ACC_KEMENDAG_090_926,ACC_BPJS_NA_264,10178630525.57,Belanja Subsidi,Subsidi bunga kredit program,0
2023-10-01,ACC_BPJS_NA_706,ACC_PUPR_033_944,34005590017.11,Belanja Modal,Pembangunan/rehabilitasi gedung,0
2023-12-16,ACC_BPS_054_476,ACC_KES_024_356,18349689849.79,Belanja Modal,Pengadaan aset TIK,0
2023-09-21,ACC_BPK_004_138,ACC_KEMENHAN_012_816,8233038828.43,Belanja Lain-lain,Belanja operasi non-rutin,0
2023-04-29,ACC_KEMENDAG_090_655,ACC_KOMINFO_059_081,16855759900.14,Belanja Pembayaran Bunga Utang,Pembayaran imbal hasil obligasi,0
2023-12-18,ACC_PERT_018_870,ACC_SOS_027_407,12775741194.22,Belanja Barang,Penyewaan jasa kebersihan,0
2023-03-21,ACC_PUPR_033_016,ACC_KOMINFO_059_360,19383599173.14,Belanja Barang,Pengadaan barang operasional,0
2023-07-13,ACC_KEMENKOPUKM_044_502,ACC_KEMENDIKBUD_023_141,29921084371.34,Belanja Modal,Pembayaran termin proyek resmi,0
2023-07-28,ACC_KEMENPAREKRAF_040_475,ACC_KEMENDIKBUD_023_413,21214726654.73,Belanja Lain-lain,Belanja tak terduga,0
2023-12-08,ACC_KOMINFO_059_371,ACC_KEMENDAGRI_010_832,14636211895.03,Belanja Modal,Pengadaan aset TIK,0
2023-07-26,ACC_PPATK_078_255,ACC_KEMENDIKBUD_023_353,15338364135.66,Belanja Bantuan Sosial,Bantuan pangan nontunai,0
2023-12-09,ACC_KEMENDAGRI_010_358,ACC_ESDM_020_608,51378875259.27,Belanja Barang,Pengadaan barang operasional,0
2023-04-28,ACC_KEMENDIKBUD_023_005,ACC_BRIN_124_444,15407168475.4,Belanja Subsidi,Subsidi energi,0
2023-01-21,ACC_KOMINFO_059_664,ACC_PPATK_078_640,44503129540.91,Belanja Barang,Pengadaan barang operasional,0
2023-12-26,ACC_KEMENKOPUKM_044_623,ACC_KEMENLU_011_469,11114237810.18,Belanja Pegawai,Pembayaran gaji ke-13,0
2023-07-07,ACC_SOS_027_057,ACC_KEU_015_251,6611311918.08,Belanja Bantuan Sosial,Bantuan pangan nontunai,0
2023-03-11,ACC_PUPR_033_924,ACC_BRIN_124_351,87912161129.33,Belanja Subsidi,Subsidi pupuk,0
2023-10-25,ACC_KES_024_663,ACC_KEMENDAGRI_010_838,15730035396.1,Belanja Barang,Belanja pemeliharaan rutin,0
2023-11-12,ACC_PUPR_033_247,ACC_SOS_027_434,11866733250.75,Belanja Barang,Belanja internet dan komunikasi,0
2023-04-13,ACC_BRIN_124_943,ACC_PPATK_078_963,2475478902.86,Belanja Pembayaran Bunga Utang,Pembayaran imbal hasil obligasi,0
2023-10-27,ACC_KEU_015_403,ACC_KEMENAG_025_955,17971071371.42,Belanja Pegawai,Honorarium kegiatan resmi,0
2023-04-18,ACC_KEMENESDM_020_303,ACC_KOMINFO_059_770,44337662225.56,Belanja Lain-lain,Cadangan risiko fiskal,0
2023-06-09,ACC_KOMINFO_059_961,ACC_KEMENDAG_090_166,43490320290.05,Belanja Modal,Pembangunan/rehabilitasi gedung,0
2023-05-18,ACC_KEMENHUB_022_368,ACC_KEMENDAGRI_010_443,9441286199.97,Belanja Lain-lain,Belanja operasi non-rutin,0
2023-11-04,ACC_BRIN_124_650,ACC_SOS_027_174,68062487921.57,Belanja Pembayaran Bunga Utang,Pembayaran imbal hasil obligasi,0
2023-06-20,ACC_ESDM_020_154,ACC_PERT_018_695,22774058265.08,Belanja Pembayaran Bunga Utang,Pembayaran imbal hasil obligasi,0
2023-12-27,ACC_SOS_027_202,ACC_KEU_015_762,76242894013.0,Belanja Barang,Belanja internet dan komunikasi,1
2023-01-21,ACC_KEMENHUB_022_152,ACC_KEMENDIKBUD_023_102,13630347515.99,Belanja Pembayaran Bunga Utang,Pembayaran bunga SBN,0
2023-05-05,ACC_KOMINFO_059_770,ACC_KEMENHUB_022_834,8045462847.01,Belanja Modal,Pembangunan/rehabilitasi gedung,0
2023-08-24,ACC_KEMENHUB_022_162,ACC_KEMENDAGRI_010_554,4533297166.65,Belanja Subsidi,Subsidi bunga kredit program,0
2023-05-05,ACC_ESDM_020_682,ACC_BPJS_NA_559,6205581112.73,Belanja Subsidi,Subsidi bunga kredit program,0
2023-11-01,ACC_KEMENAG_025_124,ACC_BPK_004_805,36588531827.47,Belanja Pembayaran Bunga Utang,Pembayaran bunga pinjaman luar negeri,0
2023-12-21,ACC_KES_024_093,ACC_KEMENDAG_090_042,8091500764.5,Belanja Pembayaran Bunga Utang,Pembayaran imbal hasil obligasi,0
2023-04-17,ACC_KEMENHUB_022_328,ACC_KEMENKOPUKM_044_065,7726269696.87,Belanja Bantuan Sosial,Transfer bantuan sosial,0
2023-01-24,ACC_ESDM_020_540,ACC_ESDM_020_540,7514331912.64,Belanja Pegawai,Pembayaran THR,1
2023-08-17,ACC_BRIN_124_020,ACC_PUPR_033_003,3626567348.1,Belanja Pegawai,Gaji pegawai bulan berjalan,0
2023-01-03,ACC_KEMENLU_011_193,ACC_PUPR_033_585,28486839526.28,Belanja Pembayaran Bunga Utang,Pembayaran bunga SBN,0
2023-12-31,ACC_BPS_054_666,ACC_KEMENLU_011_209,21954809891.14,Belanja Modal,Pengadaan peralatan dan mesin,1
2023-01-13,ACC_BPJS_NA_581,ACC_KEMENPERIN_019_937,20842985410.5,Belanja Pembayaran Bunga Utang,Pembayaran kupon SUN,0
2023-03-30,ACC_KEMENPERIN_019_512,ACC_KEMENHAN_012_047,10628390140.78,Belanja Lain-lain,Cadangan risiko fiskal,0
2023-05-06,ACC_KEMENDAGRI_010_134,ACC_KOMINFO_059_667,50900978392.54,Belanja Modal,Pembangunan infrastruktur jalan,0
2023-11-14,ACC_KES_024_436,ACC_KEMENKOPUKM_044_176,136701849330.50172,Belanja Subsidi,Subsidi pupuk,1
2023-10-19,ACC_ESDM_020_398,ACC_KES_024_624,27659028020.84,Belanja Pembayaran Bunga Utang,Pembayaran kupon SUN,0
2023-04-20,ACC_SOS_027_370,ACC_KEMENKOPUKM_044_579,21262380823.34,Belanja Modal,Pembangunan/rehabilitasi gedung,0
2023-11-21,ACC_BRIN_124_522,ACC_KEMENESDM_020_489,23274178426.18,Belanja Pembayaran Bunga Utang,Pembayaran kupon SUN,0
2023-12-21,ACC_KEMENPAREKRAF_040_947,ACC_BPK_004_288,73707311644.89,Belanja Subsidi,Subsidi energi,0
2023-11-22,ACC_ESDM_020_168,ACC_KEMENPERIN_019_950,12423693838.95,Belanja Pembayaran Bunga Utang,Pembayaran imbal hasil obligasi,0
2023-07-09,ACC_KEMENHAN_012_490,ACC_KEMENLU_011_355,3098168775.29,Belanja Pegawai,Tunjangan kinerja triwulan,0
2023-05-27,ACC_BPJS_NA_939,ACC_BRIN_124_780,39099664058.26,Belanja Modal,Pembangunan/rehabilitasi gedung,0
2023-09-13,ACC_KEMENDAGRI_010_396,ACC_KEMENKOPUKM_044_731,12023022282.85,Belanja Pembayaran Bunga Utang,Pembayaran kupon SUN,0
2023-06-05,ACC_KEU_015_663,ACC_KES_024_176,8393857208.13,Belanja Subsidi,Subsidi pangan,0
2023-04-17,ACC_SOS_027_424,ACC_KEMENHAN_012_134,9359538453.37,Belanja Pegawai,Pembayaran THR,0
2023-08-24,ACC_KEMENKOPUKM_044_752,ACC_PERT_018_882,9907522985.41,Belanja Pembayaran Bunga Utang,Pembayaran imbal hasil obligasi,0
2023-02-04,ACC_KEMENHAN_012_559,ACC_KEMENPERIN_019_214,13800352112.71,Belanja Pembayaran Bunga Utang,Pembayaran bunga pinjaman luar negeri,0
2023-05-05,ACC_KEMENDIKBUD_023_110,ACC_SOS_027_549,8108553865.02,Belanja Pegawai,Pembayaran THR,0
2023-12-13,ACC_BPJS_NA_744,ACC_SOS_027_828,4916250325.09,Belanja Barang,Penyewaan jasa kebersihan,0
2023-01-30,ACC_KEMENHUB_022_115,ACC_KEMENHUB_022_115,9969253995.19,Belanja Pembayaran Bunga Utang,Pembayaran bunga SBN,1
2023-03-24,ACC_KEMENDAG_090_539,ACC_KEMENHUB_022_729,6928020008.23,Belanja Barang,Belanja pemeliharaan rutin,0
2023-09-16,ACC_KEMENLU_011_778,ACC_KEMENAG_025_463,25965837419.93,Belanja Barang,Belanja pemeliharaan rutin,0
2023-05-08,ACC_BPK_004_723,ACC_KEMENPERIN_019_523,6227471240.98,Belanja Pegawai,Belanja lainnya sesuai ketentuan,1
2023-02-19,ACC_KEMENHUB_022_922,ACC_KEMENHUB_022_922,16636768379.98,Belanja Pembayaran Bunga Utang,Pembayaran kupon SUN,1
2023-01-16,ACC_KEMENLU_011_439,ACC_KES_024_846,20915829615.13,Belanja Pembayaran Bunga Utang,Pembayaran imbal hasil obligasi,0
2023-09-05,ACC_KOMINFO_059_273,ACC_BPJS_NA_623,7030732732.99,Belanja Subsidi,Subsidi pupuk,0
2023-12-02,ACC_BPS_054_349,ACC_KEMENAG_025_484,5431902361.36,Belanja Lain-lain,Cadangan risiko fiskal,0
2023-01-10,ACC_KEMENHUB_022_233,ACC_BPJS_NA_036,7829567120.05,Belanja Lain-lain,Pembayaran gaji ke-13,1
2023-01-04,ACC_PERT_018_044,ACC_BRIN_124_568,21077458002.27,Belanja Pembayaran Bunga Utang,Pembayaran bunga SBN,0
2023-06-23,ACC_PPATK_078_255,ACC_BPJS_NA_466,20686560491.46,Belanja Modal,Pembangunan infrastruktur jalan,0
2023-12-01,ACC_KEMENPAREKRAF_040_502,ACC_SOS_027_441,6095866215.46,Belanja Pembayaran Bunga Utang,Pembayaran kupon SUN,0
2023-02-05,ACC_KEMENDAGRI_010_417,ACC_KEMENHUB_022_159,18142625645.63,Belanja Pembayaran Bunga Utang,Pembayaran bunga SBN,0
2023-03-13,ACC_KEMENKOPUKM_044_248,ACC_PERT_018_101,11296938115.8,Belanja Barang,Penyewaan jasa kebersihan,0
2023-10-05,ACC_KEMENLU_011_529,ACC_KES_024_263,9521000932.43,Belanja Pegawai,Pembayaran gaji ke-13,0
2023-05-08,ACC_SOS_027_293,ACC_BRIN_124_294,44240824155.06,Belanja Barang,Belanja internet dan komunikasi,0
2023-06-30,ACC_KEMENLU_011_235,ACC_KEMENDAGRI_010_952,48492245645.73,Belanja Subsidi,Subsidi pangan,0
2023-01-08,ACC_KEMENESDM_020_443,ACC_BRIN_124_941,24197280627.37,Belanja Subsidi,Pembayaran subsidi,0
2023-11-18,ACC_KES_024_005,ACC_KOMINFO_059_594,28567087282.8,Belanja Subsidi,Subsidi energi,0
2023-04-28,ACC_KEMENAG_025_593,ACC_KEMENESDM_020_976,16311763482.75,Belanja Modal,Pembayaran kupon SUN,1
2023-07-26,ACC_ESDM_020_623,ACC_BRIN_124_303,12445558033.18,Belanja Subsidi,Subsidi energi,0
2023-02-12,ACC_KEMENKOPUKM_044_859,ACC_KEMENHUB_022_285,7984995712.45,Belanja Subsidi,Subsidi bunga kredit program,0
2023-04-27,ACC_KEMENLU_011_070,ACC_KEMENPERIN_019_898,22601295148.82,Belanja Pegawai,Pembayaran gaji ke-13,0
2023-05-12,ACC_KEMENKOPUKM_044_568,ACC_KOMINFO_059_989,9954968242.53,Belanja Pembayaran Bunga Utang,Pembayaran bunga pinjaman luar negeri,0
2023-06-25,ACC_BRIN_124_171,ACC_KEMENDAGRI_010_475,2053027538.24,Belanja Bantuan Sosial,Bantuan pangan nontunai,0
2023-05-09,ACC_KEMENAG_025_057,ACC_BRIN_124_181,13185669273.81,Belanja Subsidi,Subsidi bunga kredit program,0
2023-04-14,ACC_BPS_054_895,ACC_BPJS_NA_567,57201853868.3,Belanja Modal,Pembangunan/rehabilitasi gedung,0
2023-06-05,ACC_KES_024_565,ACC_KEMENAG_025_442,3453420173.37,Belanja Barang,Pengadaan barang operasional,0
2023-09-07,ACC_KEMENPERIN_019_945,ACC_KEMENDIKBUD_023_810,7467024732.43,Belanja Pembayaran Bunga Utang,Pembayaran kupon SUN,0
2023-07-30,ACC_ESDM_020_025,ACC_KEMENDAG_090_806,22398060194.02,Belanja Pembayaran Bunga Utang,Pembayaran bunga SBN,0
2023-02-22,ACC_KEMENHAN_012_928,ACC_KEMENHUB_022_106,35381210373.51,Belanja Subsidi,Pembayaran subsidi,0
2023-06-25,ACC_KEU_015_551,ACC_BPJS_NA_168,25779726194.13,Belanja Pembayaran Bunga Utang,Pembayaran imbal hasil obligasi,0
2023-12-30,ACC_SOS_027_987,ACC_KEMENDAG_090_210,128122339245.33,Belanja Bantuan Sosial,Transfer bantuan sosial,1
2023-11-15,ACC_BPK_004_049,ACC_BPS_054_115,8094257563.79,Belanja Pegawai,Pembayaran gaji ke-13,0
2023-03-12,ACC_KEMENLU_011_519,ACC_KEMENESDM_020_712,3912705161.06,Belanja Barang,Penyewaan jasa kebersihan,0
2023-05-18,ACC_BPJS_NA_754,ACC_KEMENLU_011_967,62722726104.53,Belanja Subsidi,Subsidi pangan,0
2023-07-04,ACC_KEMENLU_011_603,ACC_BPS_054_248,26041897913.08,Belanja Pegawai,Pembayaran gaji ke-13,0
2023-09-06,ACC_KOMINFO_059_638,ACC_BRIN_124_923,31633576181.13,Belanja Modal,Pengadaan peralatan dan mesin,0
2023-07-30,ACC_KEMENPAREKRAF_040_426,ACC_ESDM_020_771,79135498210.19601,Belanja Pembayaran Bunga Utang,Pembayaran bunga pinjaman luar negeri,1
2023-07-10,ACC_KEMENHUB_022_081,ACC_KEMENLU_011_927,6800843204.82,Belanja Barang,Penyewaan jasa kebersihan,0
2023-12-22,ACC_BPS_054_309,ACC_ESDM_020_855,4146803735.31,Belanja Pegawai,Honorarium kegiatan resmi,0
2023-12-11,ACC_BRIN_124_310,ACC_ESDM_020_953,13220281057.33,Belanja Modal,Pengadaan peralatan dan mesin,0
2023-02-17,ACC_KEU_015_477,ACC_KES_024_269,8875520769.14,Belanja Pegawai,Gaji pegawai bulan berjalan,0
2023-01-16,ACC_ESDM_020_606,ACC_ESDM_020_606,13873271736.04,Belanja Pembayaran Bunga Utang,Pembayaran kupon SUN,1
2023-09-26,ACC_BRIN_124_414,ACC_BPS_054_025,3902144925.27,Belanja Bantuan Sosial,Bansos tunai,0
2023-02-28,ACC_KES_024_725,ACC_ESDM_020_668,77395499062.7,Belanja Subsidi,Subsidi pangan,0
2023-02-26,ACC_KEMENKOPUKM_044_697,ACC_BPJS_NA_971,16694297258.7,Belanja Pembayaran Bunga Utang,Pembayaran kupon SUN,0
2023-12-08,ACC_KEMENPERIN_019_805,ACC_PERT_018_852,9553402530.56,Belanja Lain-lain,Belanja operasi non-rutin,0
2023-12-06,ACC_KEMENDIKBUD_023_013,ACC_BPS_054_303,9440334463.54,Belanja Barang,Belanja internet dan komunikasi,0
2023-06-09,ACC_KEMENKOPUKM_044_154,ACC_KEMENLU_011_754,6911157357.57,Belanja Pembayaran Bunga Utang,Pembayaran imbal hasil obligasi,0
2023-06-17,ACC_BPK_004_214,ACC_PERT_018_150,9965762733.5,Belanja Barang,Belanja pemeliharaan rutin,0
2023-04-30,ACC_KEMENPERIN_019_956,ACC_KEU_015_253,4290238810.78,Belanja Modal,Pembangunan infrastruktur jalan,0
2023-03-22,ACC_KEMENPAREKRAF_040_289,ACC_PPATK_078_543,28231382912.0,Belanja Barang,Belanja ATK dan operasional kantor,0
2023-02-05,ACC_BPJS_NA_961,ACC_BPJS_NA_961,8110516104.44,Belanja Pegawai,Honorarium kegiatan resmi,1
2023-01-22,ACC_BPS_054_997,ACC_KEMENHUB_022_584,3255238174.92,Belanja Modal,Pembangunan infrastruktur jalan,0
2023-08-18,ACC_KEMENHAN_012_107,ACC_PUPR_033_720,10956973422.74,Belanja Pegawai,Gaji pegawai bulan berjalan,0
2023-12-04,ACC_KEMENAG_025_301,ACC_KEMENPAREKRAF_040_378,10676933693.95,Belanja Pembayaran Bunga Utang,Pembayaran imbal hasil obligasi,0
2023-06-01,ACC_SOS_027_476,ACC_KEMENAG_025_266,8755626663.54,Belanja Pegawai,Pembayaran THR,0
2023-08-26,ACC_BPJS_NA_199,ACC_KES_024_500,7513982951.07,Belanja Pegawai,Tunjangan kinerja triwulan,0
2023-10-23,ACC_PPATK_078_868,ACC_KEMENDIKBUD_023_511,11516862143.86,Belanja Pegawai,Honorarium kegiatan resmi,0
2023-08-08,ACC_KEMENKOPUKM_044_766,ACC_KEMENDIKBUD_023_453,8116598713.11,Belanja Barang,Pengadaan barang operasional,0
2023-12-24,ACC_KEMENDIKBUD_023_386,ACC_KEMENPERIN_019_619,25729049654.41,Belanja Pembayaran Bunga Utang,Pembayaran bunga SBN,0
2023-03-23,ACC_BPK_004_566,ACC_KEMENPAREKRAF_040_752,11447864081.84,Belanja Lain-lain,Belanja lainnya sesuai ketentuan,0
2023-07-28,ACC_BRIN_124_165,ACC_KEMENESDM_020_878,3786085545.8,Belanja Lain-lain,Cadangan risiko fiskal,0
2023-04-12,ACC_KEMENPERIN_019_963,ACC_PUPR_033_869,23129265320.51,Belanja Modal,Pembangunan/rehabilitasi gedung,0
2023-06-20,ACC_KEMENHUB_022_077,ACC_KEU_015_048,6118825707.73,Belanja Pegawai,Pembayaran THR,0
2023-03-25,ACC_KEMENKOPUKM_044_522,ACC_KEMENDIKBUD_023_029,16963316721.14,Belanja Pegawai,Pembayaran THR,0
2023-04-26,ACC_KEMENAG_025_490,ACC_PPATK_078_781,82130434343.04,Belanja Subsidi,Subsidi bunga kredit program,0
2023-02-22,ACC_BPS_054_730,ACC_KEMENHAN_012_860,20091022864.01,Belanja Pembayaran Bunga Utang,Pembayaran imbal hasil obligasi,0
2023-02-13,ACC_KEMENDAG_090_156,ACC_PERT_018_002,28154718937.24,Belanja Modal,Pembayaran termin proyek resmi,0
2023-02-04,ACC_BPJS_NA_075,ACC_KEMENPERIN_019_944,9454858884.6,Belanja Lain-lain,Cadangan risiko fiskal,0
2023-03-16,ACC_PPATK_078_329,ACC_PPATK_078_329,13875832599.58,Belanja Pegawai,Honorarium kegiatan resmi,1
2023-06-13,ACC_PUPR_033_480,ACC_KEMENESDM_020_455,23474397413.3,Belanja Subsidi,Subsidi pangan,0
2023-06-21,ACC_KEMENAG_025_254,ACC_PERT_018_722,10681805966.87,Belanja Barang,Belanja internet dan komunikasi,0
2023-04-16,ACC_PUPR_033_844,ACC_BRIN_124_808,4163964888.12,Belanja Pegawai,Honorarium kegiatan resmi,0
2023-03-06,ACC_PPATK_078_963,ACC_KEMENPERIN_019_475,3315535173.22,Belanja Pegawai,Gaji pegawai bulan berjalan,0
2023-04-03,ACC_KEMENDAG_090_865,ACC_KEMENPAREKRAF_040_426,75795128913.8,Belanja Subsidi,Pembayaran subsidi,0
2023-04-16,ACC_ESDM_020_133,ACC_KEMENDIKBUD_023_434,36519824494.76,Belanja Barang,Pengadaan barang operasional,0
2023-04-01,ACC_POLRI_060_748,ACC_ESDM_020_474,22560676002.01,Belanja Pembayaran Bunga Utang,Pembayaran imbal hasil obligasi,0
2023-12-22,ACC_POLRI_060_680,ACC_KEU_015_193,67952950884.88,Belanja Pembayaran Bunga Utang,Pembayaran bunga SBN,0
2023-09-15,ACC_KEMENPERIN_019_065,ACC_PERT_018_991,9929958340.97,Belanja Subsidi,Subsidi pupuk,0
2023-05-30,ACC_PPATK_078_362,ACC_ESDM_020_146,15290303869.89,Belanja Pembayaran Bunga Utang,Pembayaran kupon SUN,0
2023-03-03,ACC_KEMENHAN_012_597,ACC_PERT_018_464,6552702631.64,Belanja Pegawai,Honorarium kegiatan resmi,0
2023-10-24,ACC_BPJS_NA_171,ACC_BPK_004_213,12713665589.53,Belanja Pembayaran Bunga Utang,Pembayaran kupon SUN,0
2023-01-27,ACC_PERT_018_068,ACC_KEMENDIKBUD_023_790,6357394225.02,Belanja Pegawai,Gaji pegawai bulan berjalan,0
2023-04-19,ACC_KEMENDAGRI_010_074,ACC_KES_024_578,19291009967.39,Belanja Subsidi,Subsidi energi,0
2023-08-25,ACC_KEMENPERIN_019_727,ACC_ESDM_020_366,6636876783.84,Belanja Pegawai,Pembayaran THR,0
2023-05-29,ACC_BPS_054_830,ACC_KEMENLU_011_906,30427746324.68,Belanja Lain-lain,Belanja tak terduga,0
2023-10-22,ACC_BRIN_124_792,ACC_KEMENKOPUKM_044_893,78726105980.30904,Belanja Barang,Belanja ATK dan operasional kantor,1
2023-03-02,ACC_KOMINFO_059_937,ACC_KEMENAG_025_389,13994979067.16,Belanja Barang,Penyewaan jasa kebersihan,0
2023-02-14,ACC_PUPR_033_344,ACC_KEMENESDM_020_757,22360165340.71,Belanja Subsidi,Subsidi bunga kredit program,0
2023-04-17,ACC_SOS_027_027,ACC_PUPR_033_193,10525001940.96,Belanja Lain-lain,Belanja tak terduga,0
2023-10-09,ACC_KEMENKOPUKM_044_633,ACC_KEMENLU_011_792,5733300143.24,Belanja Bantuan Sosial,Bantuan program keluarga harapan,0
2023-10-04,ACC_KEMENDAG_090_606,ACC_KEMENPAREKRAF_040_431,29738405216.56,Belanja Barang,Belanja internet dan komunikasi,0
2023-06-12,ACC_BPK_004_787,ACC_KEMENLU_011_910,16746476299.78,Belanja Modal,Pengadaan aset TIK,0
2023-12-03,ACC_KEMENPAREKRAF_040_379,ACC_POLRI_060_324,35281209866.85,Belanja Modal,Pengadaan peralatan dan mesin,0
2023-03-07,ACC_KEMENDIKBUD_023_843,ACC_BPS_054_557,28934136420.91,Belanja Modal,Pembayaran termin proyek resmi,0
2023-03-08,ACC_KEMENDAG_090_453,ACC_KEMENKOPUKM_044_259,8023387926.15,Belanja Barang,Belanja pemeliharaan rutin,0
2023-10-07,ACC_BRIN_124_344,ACC_KEMENDAGRI_010_017,26101531687.96,Belanja Lain-lain,Belanja lainnya sesuai ketentuan,0
2023-06-21,ACC_SOS_027_919,ACC_KEMENHUB_022_774,23989577586.26,Belanja Pembayaran Bunga Utang,Pembayaran imbal hasil obligasi,0
2023-01-29,ACC_BPS_054_775,ACC_KEMENPERIN_019_221,19891848208.2,Belanja Pegawai,Honorarium kegiatan resmi,0
2023-10-06,ACC_KEMENDAGRI_010_353,ACC_POLRI_060_392,11794052243.76,Belanja Barang,Penyewaan jasa kebersihan,0
2023-10-07,ACC_SOS_027_730,ACC_POLRI_060_175,40782208246.28,Belanja Lain-lain,Belanja operasi non-rutin,0
2023-09-09,ACC_KEMENKOPUKM_044_295,ACC_BRIN_124_451,9332603823.07,Belanja Lain-lain,Belanja tak terduga,0
2023-12-29,ACC_PPATK_078_728,ACC_BRIN_124_982,5109507671.52,Belanja Subsidi,Subsidi pupuk,1
2023-02-13,ACC_KOMINFO_059_091,ACC_KEMENDIKBUD_023_929,12350653112.11,Belanja Pegawai,Penyewaan jasa kebersihan,1
2023-03-24,ACC_BRIN_124_333,ACC_BPJS_NA_507,15080995497.79,Belanja Pembayaran Bunga Utang,Pembayaran bunga pinjaman luar negeri,0
2023-01-21,ACC_KEMENDAGRI_010_228,ACC_KEMENHUB_022_376,23621888723.15,Belanja Pegawai,Gaji pegawai bulan berjalan,0
2023-02-19,ACC_BRIN_124_607,ACC_KEU_015_791,46505079242.11,Belanja Pegawai,Gaji pegawai bulan berjalan,0
2023-05-12,ACC_KEU_015_505,ACC_BPS_054_910,30960695164.82,Belanja Subsidi,Pembayaran subsidi,0
2023-08-12,ACC_KEMENDIKBUD_023_974,ACC_SOS_027_175,4018983119.23,Belanja Subsidi,Subsidi pangan,0
2023-03-31,ACC_KEMENHAN_012_920,ACC_BPK_004_241,100717483952.91,Belanja Modal,Pembangunan/rehabilitasi gedung,0
2023-11-30,ACC_POLRI_060_725,ACC_KOMINFO_059_410,4523592198.57,Belanja Pegawai,Gaji pegawai bulan berjalan,0
2023-02-09,ACC_KEU_015_452,ACC_KEMENPERIN_019_676,39158972455.98,Belanja Pembayaran Bunga Utang,Pembayaran bunga SBN,0
2023-04-26,ACC_PUPR_033_052,ACC_KEMENPERIN_019_376,4435209578.05,Belanja Pegawai,Tunjangan kinerja triwulan,0
2023-05-22,ACC_KEMENPERIN_019_086,ACC_KEMENESDM_020_464,14548444183.87,Belanja Subsidi,Pembayaran subsidi,0
2023-03-02,ACC_BPJS_NA_530,ACC_SOS_027_598,2846967092.18,Belanja Pegawai,Gaji pegawai bulan berjalan,0
2023-08-18,ACC_KEMENPERIN_019_640,ACC_ESDM_020_616,7620830134.41,Belanja Bantuan Sosial,Bantuan program keluarga harapan,0
2023-11-03,ACC_BRIN_124_548,ACC_KEMENESDM_020_327,7798539261.84,Belanja Pegawai,Pembayaran gaji ke-13,0
2023-10-27,ACC_PERT_018_526,ACC_SOS_027_749,9650752217.2,Belanja Pegawai,Tunjangan kinerja triwulan,0
2023-04-20,ACC_POLRI_060_709,ACC_KEMENDAG_090_378,43476274647.67,Belanja Modal,Pengadaan aset TIK,0
2023-11-09,ACC_BRIN_124_538,ACC_KES_024_774,27339270352.11,Belanja Barang,Belanja pemeliharaan rutin,0
2023-03-04,ACC_POLRI_060_748,ACC_BPS_054_448,3499893070.1,Belanja Pegawai,Honorarium kegiatan resmi,0
2023-10-02,ACC_POLRI_060_530,ACC_PERT_018_592,16370289431.51,Belanja Subsidi,Pembayaran subsidi,0
2023-10-25,ACC_POLRI_060_832,ACC_PUPR_033_182,8042582482.92,Belanja Pembayaran Bunga Utang,Pembayaran kupon SUN,0
2023-07-24,ACC_KEMENLU_011_873,ACC_KEMENDAGRI_010_199,33046042554.14,Belanja Pembayaran Bunga Utang,Pembayaran bunga SBN,0
2023-05-02,ACC_POLRI_060_556,ACC_PERT_018_451,4503727288.63,Belanja Bantuan Sosial,Bantuan program keluarga harapan,0
2023-07-23,ACC_KES_024_979,ACC_KEMENPAREKRAF_040_458,34786245826.56,Belanja Barang,Belanja ATK dan operasional kantor,0
2023-07-20,ACC_KEMENPERIN_019_059,ACC_KEMENLU_011_887,10960813555.57,Belanja Pegawai,Tunjangan kinerja triwulan,0
2023-04-29,ACC_KEMENESDM_020_553,ACC_KEMENPAREKRAF_040_399,12615809136.15,Belanja Subsidi,Pembayaran subsidi,0
2023-05-14,ACC_ESDM_020_693,ACC_KEMENHUB_022_916,20873675441.17,Belanja Bantuan Sosial,Bantuan program keluarga harapan,0
2023-03-13,ACC_KOMINFO_059_498,ACC_KEMENPERIN_019_625,6149812585.59,Belanja Barang,Pengadaan barang operasional,0
2023-05-27,ACC_KEMENKOPUKM_044_327,ACC_BPJS_NA_415,11787900649.92,Belanja Barang,Penyewaan jasa kebersihan,0
2023-04-13,ACC_SOS_027_636,ACC_PUPR_033_757,7476330132.69,Belanja Pembayaran Bunga Utang,Pembayaran bunga SBN,0
2023-12-14,ACC_KES_024_050,ACC_KEMENAG_025_916,18395546728.02,Belanja Modal,Pembangunan/rehabilitasi gedung,0
2023-12-31,ACC_KEMENKOPUKM_044_968,ACC_KEU_015_800,12148386805.47,Belanja Pembayaran Bunga Utang,Pembayaran kupon SUN,1
2023-11-18,ACC_ESDM_020_544,ACC_KEMENESDM_020_557,10273988633.85,Belanja Pegawai,Gaji pegawai bulan berjalan,0
2023-03-25,ACC_PUPR_033_166,ACC_BRIN_124_316,17528325146.91,Belanja Modal,Pengadaan aset TIK,0
2023-06-13,ACC_POLRI_060_321,ACC_ESDM_020_846,5144683277.52,Belanja Lain-lain,Cadangan risiko fiskal,0
2023-06-01,ACC_KEMENLU_011_644,ACC_KEMENAG_025_626,109496433031.9,Belanja Subsidi,Pembayaran subsidi,0
2023-05-15,ACC_KEMENDIKBUD_023_234,ACC_BPJS_NA_141,47945219128.57,Belanja Pembayaran Bunga Utang,Pembayaran kupon SUN,0
2023-02-12,ACC_KEMENPAREKRAF_040_057,ACC_BPS_054_932,13224624557.3,Belanja Lain-lain,Belanja operasi non-rutin,0
2023-03-12,ACC_PPATK_078_716,ACC_KES_024_665,28546518152.88,Belanja Pembayaran Bunga Utang,Pembayaran bunga pinjaman luar negeri,0
2023-09-17,ACC_KEU_015_874,ACC_KEMENLU_011_228,14585025535.65,Belanja Modal,Pengadaan aset TIK,0
2023-09-03,ACC_SOS_027_272,ACC_KEMENAG_025_403,28728772709.2,Belanja Pembayaran Bunga Utang,Pembayaran imbal hasil obligasi,0
2023-01-18,ACC_KEMENDAGRI_010_442,ACC_BRIN_124_172,14447483353.15,Belanja Lain-lain,Cadangan risiko fiskal,0
2023-01-05,ACC_KEMENLU_011_618,ACC_PUPR_033_278,38385162901.75,Belanja Modal,Pembayaran termin proyek resmi,0
2023-08-26,ACC_KEMENHAN_012_269,ACC_KEMENHUB_022_833,5473400339.17,Belanja Pegawai,Honorarium kegiatan resmi,0
2023-12-02,ACC_KES_024_051,ACC_KEMENKOPUKM_044_079,10087226196.1,Belanja Subsidi,Subsidi bunga kredit program,0
2023-04-16,ACC_KEMENESDM_020_501,ACC_KOMINFO_059_575,8636639397.57,Belanja Lain-lain,Belanja tak terduga,0
2023-05-08,ACC_KEMENHUB_022_695,ACC_PUPR_033_755,18924289693.82,Belanja Pegawai,Pembayaran THR,0
2023-08-08,ACC_BRIN_124_071,ACC_KOMINFO_059_969,8157882549.3,Belanja Pegawai,Honorarium kegiatan resmi,0
2023-02-16,ACC_BPJS_NA_591,ACC_KEMENLU_011_422,11600662478.09,Belanja Lain-lain,Belanja lainnya sesuai ketentuan,0
2023-05-10,ACC_KEMENESDM_020_456,ACC_BPJS_NA_639,7897033706.44,Belanja Bantuan Sosial,Bantuan pangan nontunai,0
2023-09-19,ACC_KEMENPAREKRAF_040_244,ACC_KES_024_474,16649319889.34,Belanja Barang,Belanja pemeliharaan rutin,0
2023-02-06,ACC_PPATK_078_654,ACC_KOMINFO_059_549,15527989227.6,Belanja Pembayaran Bunga Utang,Pembayaran bunga pinjaman luar negeri,0
2023-03-24,ACC_PUPR_033_934,ACC_KOMINFO_059_288,16082812845.54,Belanja Barang,Pengadaan barang operasional,0
2023-08-03,ACC_PPATK_078_281,ACC_KEMENAG_025_732,3243038511.34,Belanja Pegawai,Tunjangan kinerja triwulan,0
2023-04-14,ACC_KEMENPAREKRAF_040_034,ACC_KEMENLU_011_102,19615263273.88,Belanja Barang,Pengadaan barang operasional,0
2023-11-21,ACC_KEMENHUB_022_944,ACC_KEMENESDM_020_808,48564191814.79,Belanja Barang,Penyewaan jasa kebersihan,0
2023-03-04,ACC_KEMENPAREKRAF_040_560,ACC_KEMENHUB_022_087,6105047055.49,Belanja Subsidi,Subsidi pangan,0
2023-11-30,ACC_KEU_015_952,ACC_PUPR_033_786,8138594965.42,Belanja Barang,Penyewaan jasa kebersihan,0
2023-03-18,ACC_PUPR_033_954,ACC_KEMENDAGRI_010_733,43832399253.76,Belanja Subsidi,Pembayaran subsidi,0
2023-01-28,ACC_KEMENLU_011_361,ACC_SOS_027_077,28185311837.5,Belanja Pembayaran Bunga Utang,Pembayaran bunga pinjaman luar negeri,0
2023-03-17,ACC_KEMENESDM_020_245,ACC_BRIN_124_122,10818723117.6,Belanja Subsidi,Subsidi pupuk,0
2023-09-07,ACC_KEMENKOPUKM_044_569,ACC_KEMENKOPUKM_044_569,1864553382.94,Belanja Lain-lain,Belanja tak terduga,1
2023-10-06,ACC_PPATK_078_273,ACC_KEMENAG_025_464,4839536571.11,Belanja Pembayaran Bunga Utang,Pembayaran bunga pinjaman luar negeri,0
2023-06-07,ACC_KES_024_249,ACC_PUPR_033_698,19323970668.22,Belanja Pegawai,Tunjangan kinerja triwulan,0
2023-01-15,ACC_KEMENPAREKRAF_040_370,ACC_KEMENESDM_020_304,8877927559.85,Belanja Lain-lain,Belanja lainnya sesuai ketentuan,0
2023-04-23,ACC_KEMENPAREKRAF_040_680,ACC_KEMENPERIN_019_865,11285598882.84,Belanja Barang,Pengadaan barang operasional,0
2023-06-05,ACC_BPK_004_354,ACC_BPJS_NA_623,9512947069.16,Belanja Pembayaran Bunga Utang,Pembayaran bunga pinjaman luar negeri,0
2023-02-17,ACC_KEU_015_927,ACC_PERT_018_420,18644051702.56,Belanja Pembayaran Bunga Utang,Pembayaran bunga SBN,0
2023-05-31,ACC_KEMENDAG_090_444,ACC_SOS_027_767,17796605578.2,Belanja Subsidi,Subsidi pangan,0
2023-08-06,ACC_KEMENPERIN_019_030,ACC_PERT_018_473,15191756414.38,Belanja Modal,Pembangunan infrastruktur jalan,0
2023-12-03,ACC_KES_024_908,ACC_SOS_027_861,22848658097.01,Belanja Pembayaran Bunga Utang,Pembayaran bunga SBN,0
2023-10-07,ACC_KEMENPAREKRAF_040_116,ACC_KEMENPERIN_019_269,13484312051.51,Belanja Pegawai,Pembayaran gaji ke-13,0
2023-07-01,ACC_BPK_004_034,ACC_KES_024_796,8237501543.18,Belanja Barang,Belanja ATK dan operasional kantor,0
2023-09-06,ACC_BPS_054_111,ACC_KEMENDAGRI_010_094,7617755413.97,Belanja Modal,Pengadaan aset TIK,0
2023-04-02,ACC_KEMENDAGRI_010_376,ACC_SOS_027_724,6588633461.38,Belanja Pembayaran Bunga Utang,Pembayaran bunga pinjaman luar negeri,0
2023-07-21,ACC_KEMENDAGRI_010_445,ACC_KOMINFO_059_919,9270067814.43,Belanja Barang,Pengadaan barang operasional,0
2023-05-14,ACC_KEMENAG_025_842,ACC_PERT_018_066,24821380109.35,Belanja Pembayaran Bunga Utang,Pembayaran imbal hasil obligasi,0
2023-01-28,ACC_KES_024_924,ACC_SOS_027_629,4095118969.55,Belanja Pegawai,Honorarium kegiatan resmi,0
2023-11-21,ACC_ESDM_020_626,ACC_BPS_054_075,28339171748.36,Belanja Subsidi,Subsidi energi,0
2023-02-28,ACC_BPJS_NA_386,ACC_KEMENHAN_012_015,12824505264.75,Belanja Pembayaran Bunga Utang,Pembayaran bunga pinjaman luar negeri,0
2023-02-04,ACC_KEMENKOPUKM_044_162,ACC_BPK_004_757,4413587498.21,Belanja Pegawai,Pembayaran gaji ke-13,0
2023-01-19,ACC_PUPR_033_964,ACC_ESDM_020_792,16211681804.31,Belanja Modal,Pembayaran termin proyek resmi,0
2023-05-27,ACC_KEMENESDM_020_374,ACC_KEMENPERIN_019_688,26733059936.55,Belanja Pembayaran Bunga Utang,Pembayaran kupon SUN,0
2023-06-24,ACC_PERT_018_494,ACC_KEU_015_559,12049663877.74,Belanja Barang,Belanja pemeliharaan rutin,0
2023-12-16,ACC_KES_024_657,ACC_KEU_015_042,8603624396.81,Belanja Pegawai,Gaji pegawai bulan berjalan,0
2023-09-30,ACC_PERT_018_977,ACC_KES_024_014,56474382333.04,Belanja Modal,Pembangunan infrastruktur jalan,0
2023-12-26,ACC_KEMENDAG_090_295,ACC_BPS_054_183,11836074743.28,Belanja Bantuan Sosial,Bantuan program keluarga harapan,0
2023-02-06,ACC_BPJS_NA_014,ACC_ESDM_020_923,36391353380.92,Belanja Subsidi,Subsidi energi,0
2023-02-17,ACC_ESDM_020_569,ACC_KEMENESDM_020_587,53560855654.46,Belanja Modal,Pembangunan/rehabilitasi gedung,0
2023-10-29,ACC_KEMENDIKBUD_023_955,ACC_KEMENKOPUKM_044_930,28715315056.43,Belanja Pembayaran Bunga Utang,Pembayaran kupon SUN,0
2023-04-04,ACC_BPK_004_394,ACC_PERT_018_410,14605999144.05,Belanja Modal,Pembangunan infrastruktur jalan,0
2023-08-19,ACC_BPJS_NA_008,ACC_PUPR_033_444,17469621154.48,Belanja Subsidi,Subsidi pupuk,0
2023-12-27,ACC_PERT_018_909,ACC_BPJS_NA_599,6444757982.09,Belanja Pegawai,Pembayaran THR,0
2023-08-29,ACC_KEMENPERIN_019_923,ACC_KES_024_832,24633744626.45,Belanja Pembayaran Bunga Utang,Pembayaran imbal hasil obligasi,0
2023-07-31,ACC_KEMENHAN_012_286,ACC_BPS_054_749,11226993149.36,Belanja Pembayaran Bunga Utang,Pembayaran bunga SBN,0
2023-07-08,ACC_KEMENHUB_022_081,ACC_BPK_004_108,5308349528.86,Belanja Pegawai,Tunjangan kinerja triwulan,0
2023-02-12,ACC_SOS_027_699,ACC_KEMENDIKBUD_023_302,16815982809.54,Belanja Pegawai,Gaji pegawai bulan berjalan,0
2023-02-08,ACC_KEMENPERIN_019_732,ACC_KEMENHAN_012_307,5160239398.83,Belanja Barang,Belanja internet dan komunikasi,0
2023-05-13,ACC_KEMENDIKBUD_023_823,ACC_BPK_004_741,9530341975.04,Belanja Lain-lain,Belanja operasi non-rutin,0
2023-06-13,ACC_KEMENESDM_020_290,ACC_BRIN_124_378,58257256961.5,Belanja Modal,Pengadaan peralatan dan mesin,0
2023-12-11,ACC_POLRI_060_658,ACC_PUPR_033_764,22108583428.59,Belanja Modal,Pengadaan peralatan dan mesin,0
2023-11-02,ACC_SOS_027_072,ACC_ESDM_020_219,24435388375.34,Belanja Pegawai,Pembayaran THR,0
2023-09-26,ACC_KEMENPAREKRAF_040_020,ACC_PERT_018_578,21447482187.86,Belanja Pegawai,Tunjangan kinerja triwulan,0
2023-05-27,ACC_BRIN_124_429,ACC_PUPR_033_165,23524164399.76,Belanja Lain-lain,Belanja lainnya sesuai ketentuan,0
2023-08-31,ACC_KEMENESDM_020_439,ACC_KEMENHAN_012_743,12183588439.47,Belanja Barang,Penyewaan jasa kebersihan,0
2023-10-10,ACC_KOMINFO_059_263,ACC_BPS_054_643,9289474075.8,Belanja Barang,Penyewaan jasa kebersihan,0
2023-04-05,ACC_KEMENDAGRI_010_142,ACC_KEMENDAGRI_010_142,36194093921.2,Belanja Barang,Belanja pemeliharaan rutin,1
2023-03-22,ACC_PUPR_033_274,ACC_SOS_027_276,9427862841.25,Belanja Pembayaran Bunga Utang,Pembayaran bunga SBN,0
2023-10-15,ACC_KEMENHUB_022_124,ACC_PERT_018_876,11429969145.08,Belanja Subsidi,Subsidi energi,0
2023-06-29,ACC_KEU_015_097,ACC_KEMENPAREKRAF_040_191,7531531457.67,Belanja Bantuan Sosial,Bantuan sosial kebencanaan,0
2023-12-03,ACC_SOS_027_722,ACC_KES_024_116,9169152614.34,Belanja Pembayaran Bunga Utang,Pembayaran bunga pinjaman luar negeri,0
2023-11-24,ACC_PPATK_078_909,ACC_KEMENKOPUKM_044_407,31206939664.44,Belanja Pembayaran Bunga Utang,Pembayaran imbal hasil obligasi,0
2023-01-23,ACC_BPS_054_105,ACC_KOMINFO_059_675,7280707386.44,Belanja Barang,Penyewaan jasa kebersihan,0
2023-10-16,ACC_BPK_004_558,ACC_SOS_027_593,24115643089.03,Belanja Barang,Penyewaan jasa kebersihan,0
2023-08-29,ACC_BPK_004_018,ACC_SOS_027_768,6801247233.83,Belanja Pembayaran Bunga Utang,Pembayaran bunga pinjaman luar negeri,0
2023-10-04,ACC_PPATK_078_424,ACC_BPS_054_476,28835422723.14,Belanja Pembayaran Bunga Utang,Pembayaran bunga pinjaman luar negeri,0
2023-11-08,ACC_KEMENLU_011_363,ACC_BPK_004_383,12835852902.94,Belanja Pegawai,Gaji pegawai bulan berjalan,0
2023-07-03,ACC_KEMENPAREKRAF_040_194,ACC_KEMENAG_025_462,10392371741.85,Belanja Bantuan Sosial,Bantuan program keluarga harapan,0
2023-07-29,ACC_PUPR_033_960,ACC_BPS_054_184,5778398482.77,Belanja Pegawai,Tunjangan kinerja triwulan,0
2023-12-22,ACC_KOMINFO_059_041,ACC_KEMENPERIN_019_484,69528105697.28,Belanja Pembayaran Bunga Utang,Pembayaran kupon SUN,0
2023-02-15,ACC_PERT_018_440,ACC_KEMENLU_011_671,47817899318.38,Belanja Modal,Pembangunan/rehabilitasi gedung,0
2023-11-29,ACC_ESDM_020_438,ACC_KEMENKOPUKM_044_136,23922305099.59,Belanja Pembayaran Bunga Utang,Pembayaran bunga pinjaman luar negeri,0
2023-03-19,ACC_KEMENESDM_020_928,ACC_KEMENHAN_012_956,34042233228.14,Belanja Lain-lain,Cadangan risiko fiskal,0
2023-04-30,ACC_KOMINFO_059_281,ACC_KEMENDAGRI_010_308,4474992084.43,Belanja Bantuan Sosial,Bansos tunai,0
2023-10-21,ACC_PUPR_033_432,ACC_BPJS_NA_052,15584610553.69,Belanja Modal,Pembangunan infrastruktur jalan,0
2023-01-28,ACC_PUPR_033_469,ACC_POLRI_060_912,27703327420.49,Belanja Modal,Pengadaan peralatan dan mesin,0
2023-09-06,ACC_SOS_027_611,ACC_KEMENKOPUKM_044_820,18079451678.61,Belanja Barang,Belanja pemeliharaan rutin,0
2023-05-20,ACC_BPS_054_595,ACC_PERT_018_560,17982791567.35,Belanja Subsidi,Subsidi bunga kredit program,0
2023-03-20,ACC_BPK_004_385,ACC_KEMENDAG_090_834,18329660708.75,Belanja Pembayaran Bunga Utang,Pembayaran bunga pinjaman luar negeri,0
2023-08-02,ACC_KEMENESDM_020_025,ACC_KEMENPERIN_019_450,17807366909.54,Belanja Modal,Pengadaan peralatan dan mesin,0
2023-04-04,ACC_KEMENAG_025_719,ACC_KEMENHUB_022_947,8968376037.18,Belanja Pegawai,Tunjangan kinerja triwulan,0
2023-06-27,ACC_KES_024_967,ACC_BPS_054_378,3852192103.74,Belanja Pegawai,Pembayaran gaji ke-13,0
2023-02-08,ACC_KEMENPAREKRAF_040_458,ACC_KOMINFO_059_364,4666871494.35,Belanja Modal,Pembangunan infrastruktur jalan,0
2023-08-20,ACC_KEMENPAREKRAF_040_039,ACC_KEMENKOPUKM_044_964,3542659151.53,Belanja Barang,Penyewaan jasa kebersihan,0
2023-03-06,ACC_KEU_015_228,ACC_PPATK_078_754,4496462726.43,Belanja Pegawai,Pembayaran THR,0
2023-10-31,ACC_PPATK_078_853,ACC_BPK_004_555,10196728348.79,Belanja Bantuan Sosial,Bansos tunai,0
2023-10-26,ACC_KEMENDAGRI_010_099,ACC_BPS_054_616,45364307505.65,Belanja Subsidi,Subsidi pupuk,0
2023-12-28,ACC_BPK_004_112,ACC_KEMENAG_025_453,7392088187.9,Belanja Barang,Belanja ATK dan operasional kantor,0
2023-08-27,ACC_KEMENAG_025_984,ACC_KEU_015_253,19737171912.65,Belanja Lain-lain,Belanja operasi non-rutin,0
2023-02-18,ACC_PUPR_033_422,ACC_KEMENPAREKRAF_040_303,45185057317.03,Belanja Pembayaran Bunga Utang,Pembayaran bunga SBN,0
2023-06-06,ACC_BPS_054_806,ACC_KEMENDIKBUD_023_125,16373164719.36,Belanja Pegawai,Pembayaran THR,0
2023-06-10,ACC_KEMENPAREKRAF_040_541,ACC_BPJS_NA_626,16144809065.55,Belanja Barang,Pengadaan barang operasional,0
2023-06-22,ACC_KEMENKOPUKM_044_776,ACC_KEMENPAREKRAF_040_854,7444946778.6,Belanja Barang,Belanja ATK dan operasional kantor,0
2023-01-02,ACC_KES_024_233,ACC_KEMENHUB_022_369,10193300473.8,Belanja Pembayaran Bunga Utang,Pembayaran bunga SBN,0
2023-06-29,ACC_BPJS_NA_725,ACC_PPATK_078_293,12431152805.33,Belanja Subsidi,Subsidi pangan,0
2023-06-24,ACC_KOMINFO_059_123,ACC_ESDM_020_227,10178815107.09,Belanja Pembayaran Bunga Utang,Pembayaran imbal hasil obligasi,0
2023-05-26,ACC_KEMENDAG_090_632,ACC_BPK_004_065,79209662964.49,Belanja Subsidi,Pembayaran subsidi,0
2023-04-16,ACC_KEU_015_925,ACC_KEMENPAREKRAF_040_991,12574526396.84,Belanja Pegawai,Honorarium kegiatan resmi,0
2023-06-08,ACC_PERT_018_265,ACC_BPJS_NA_468,7864448791.83,Belanja Modal,Pengadaan aset TIK,0
2023-06-04,ACC_KEMENAG_025_013,ACC_PPATK_078_297,9728019442.98,Belanja Subsidi,Subsidi pupuk,0
2023-09-02,ACC_KEU_015_300,ACC_KEMENKOPUKM_044_362,5188639820.22,Belanja Pegawai,Pembayaran THR,0
2023-01-09,ACC_ESDM_020_386,ACC_BPJS_NA_759,19472770236.34,Belanja Lain-lain,Belanja operasi non-rutin,0
2023-08-23,ACC_PERT_018_593,ACC_KEMENHAN_012_356,37835148015.65,Belanja Pembayaran Bunga Utang,Pembayaran kupon SUN,0
2023-01-16,ACC_BPJS_NA_993,ACC_KEMENESDM_020_045,14578728780.74,Belanja Barang,Pengadaan barang operasional,0
2023-09-07,ACC_KEMENESDM_020_396,ACC_KES_024_446,2012698907.04,Belanja Lain-lain,Belanja operasi non-rutin,0
2023-10-25,ACC_BPJS_NA_851,ACC_KEMENDAGRI_010_965,11771152692.12,Belanja Subsidi,Subsidi pupuk,0
2023-04-26,ACC_PUPR_033_305,ACC_KEMENDAG_090_746,12792489732.63,Belanja Subsidi,Subsidi pangan,0
2023-12-14,ACC_POLRI_060_240,ACC_BPJS_NA_570,17704939949.02,Belanja Pembayaran Bunga Utang,Pembayaran bunga pinjaman luar negeri,0
2023-12-30,ACC_BRIN_124_718,ACC_KES_024_310,7803188049.06,Belanja Barang,Belanja internet dan komunikasi,1
2023-05-14,ACC_KEMENDAGRI_010_267,ACC_PPATK_078_333,8854139274.06,Belanja Pegawai,Gaji pegawai bulan berjalan,0
2023-09-04,ACC_KEMENDIKBUD_023_036,ACC_BRIN_124_401,37713177100.07,Belanja Pembayaran Bunga Utang,Pembayaran imbal hasil obligasi,0
2023-04-12,ACC_PUPR_033_775,ACC_SOS_027_271,10319884247.1,Belanja Barang,Belanja pemeliharaan rutin,0
2023-09-07,ACC_KEMENHAN_012_834,ACC_KEMENKOPUKM_044_317,9346183375.43,Belanja Lain-lain,Belanja lainnya sesuai ketentuan,0
2023-12-04,ACC_KEMENHAN_012_307,ACC_PERT_018_428,25376217856.72,Belanja Subsidi,Subsidi pupuk,0
2023-03-23,ACC_BPJS_NA_009,ACC_KES_024_497,5238121635.65,Belanja Pegawai,Pembayaran gaji ke-13,0
2023-02-18,ACC_BPJS_NA_821,ACC_KOMINFO_059_440,38501267397.87,Belanja Lain-lain,Belanja tak terduga,0
2023-09-02,ACC_KEMENDAGRI_010_255,ACC_BPK_004_033,32233522890.89,Belanja Lain-lain,Belanja lainnya sesuai ketentuan,0
2023-02-23,ACC_KEMENESDM_020_821,ACC_KEMENPAREKRAF_040_049,3372546091.13,Belanja Barang,Belanja internet dan komunikasi,0
2023-12-25,ACC_BPJS_NA_602,ACC_KOMINFO_059_346,38572900881.4,Belanja Barang,Belanja ATK dan operasional kantor,0
2023-09-01,ACC_KEMENDAGRI_010_661,ACC_KEMENHAN_012_146,15445483332.32,Belanja Subsidi,Subsidi bunga kredit program,0
2023-12-05,ACC_KEMENDIKBUD_023_111,ACC_BRIN_124_620,10303170088.12,Belanja Subsidi,Subsidi pangan,0
2023-02-19,ACC_POLRI_060_014,ACC_PUPR_033_134,25066666780.6,Belanja Subsidi,Pembayaran subsidi,0
2023-11-10,ACC_KEMENHAN_012_606,ACC_KEMENKOPUKM_044_297,11301210847.59,Belanja Subsidi,Subsidi pangan,0
2023-06-13,ACC_KEMENDIKBUD_023_832,ACC_SOS_027_497,3770131211.97,Belanja Pegawai,Pembayaran THR,0
2023-09-27,ACC_BPJS_NA_287,ACC_KEMENHUB_022_066,36941722850.43,Belanja Modal,Pembangunan infrastruktur jalan,0
2023-07-12,ACC_KEMENDAG_090_055,ACC_KEMENKOPUKM_044_980,17484470942.96,Belanja Pembayaran Bunga Utang,Pembayaran imbal hasil obligasi,0
2023-05-11,ACC_BRIN_124_837,ACC_BPJS_NA_102,8356495136.3,Belanja Pegawai,Gaji pegawai bulan berjalan,0
2023-10-23,ACC_KOMINFO_059_806,ACC_KEMENKOPUKM_044_422,43358187199.94,Belanja Pembayaran Bunga Utang,Pembayaran bunga SBN,0
2023-10-21,ACC_KES_024_400,ACC_KEMENLU_011_636,12771365487.65,Belanja Pembayaran Bunga Utang,Pembayaran bunga pinjaman luar negeri,0
2023-09-12,ACC_KEMENDAG_090_609,ACC_KES_024_006,19095391984.62,Belanja Pegawai,Gaji pegawai bulan berjalan,0
2023-02-16,ACC_PERT_018_099,ACC_POLRI_060_526,21249023248.57,Belanja Modal,Pembayaran termin proyek resmi,0
2023-06-03,ACC_BPJS_NA_115,ACC_ESDM_020_396,9703722918.79,Belanja Pegawai,Pembayaran THR,0
2023-08-02,ACC_ESDM_020_745,ACC_KOMINFO_059_683,12449923174.84,Belanja Pegawai,Pembayaran gaji ke-13,0
2023-05-06,ACC_KEMENESDM_020_853,ACC_KEU_015_853,27387057385.25,Belanja Bantuan Sosial,Bantuan pangan nontunai,0
2023-08-19,ACC_BPS_054_201,ACC_BRIN_124_885,4926939710.28,Belanja Barang,Belanja internet dan komunikasi,0
2023-03-13,ACC_ESDM_020_492,ACC_KEMENPAREKRAF_040_226,23834040331.48,Belanja Pembayaran Bunga Utang,Pembayaran imbal hasil obligasi,0
2023-06-01,ACC_BPS_054_224,ACC_KEMENKOPUKM_044_504,157993871602.66,Belanja Subsidi,Pembayaran subsidi,0
2023-02-13,ACC_KEMENDAG_090_697,ACC_KOMINFO_059_504,10221812451.28,Belanja Pegawai,Gaji pegawai bulan berjalan,0
2023-07-29,ACC_KEU_015_023,ACC_BPK_004_636,7595517157.88,Belanja Modal,Pembangunan infrastruktur jalan,0
2023-02-09,ACC_KEMENESDM_020_303,ACC_KEMENDAGRI_010_681,56158278730.58,Belanja Pembayaran Bunga Utang,Pembayaran kupon SUN,0
2023-09-01,ACC_KEMENAG_025_836,ACC_KEMENDAGRI_010_280,11726185577.28,Belanja Subsidi,Subsidi bunga kredit program,0
2023-02-14,ACC_KEMENPAREKRAF_040_898,ACC_KEMENAG_025_540,24434602967.85,Belanja Barang,Belanja internet dan komunikasi,0
2023-12-25,ACC_KEMENHUB_022_550,ACC_KEMENKOPUKM_044_931,23760406064.78,Belanja Pegawai,Pembayaran THR,0
2023-12-16,ACC_KEMENDAG_090_821,ACC_KEMENAG_025_766,4235613293.2,Belanja Pembayaran Bunga Utang,Pembayaran bunga pinjaman luar negeri,0
2023-04-24,ACC_KEMENDAG_090_772,ACC_PERT_018_517,27482648306.07,Belanja Bantuan Sosial,Bantuan pangan nontunai,0
2023-05-03,ACC_BPK_004_685,ACC_KEMENPAREKRAF_040_336,10390905322.28,Belanja Barang,Penyewaan jasa kebersihan,0
2023-01-26,ACC_KEMENDAG_090_939,ACC_PUPR_033_804,33224994936.46,Belanja Pembayaran Bunga Utang,Pembayaran bunga pinjaman luar negeri,0
2023-05-02,ACC_KEMENHAN_012_230,ACC_KEMENDAG_090_059,13924176307.38,Belanja Barang,Belanja pemeliharaan rutin,0
2023-04-30,ACC_PERT_018_430,ACC_KEMENPERIN_019_937,7208292811.32,Belanja Bantuan Sosial,Bansos tunai,0
2023-12-08,ACC_BPJS_NA_146,ACC_KEMENHUB_022_524,24499547716.87,Belanja Pegawai,Honorarium kegiatan resmi,0
2023-11-29,ACC_PERT_018_822,ACC_BPJS_NA_413,9535507750.18,Belanja Lain-lain,Belanja tak terduga,0
2023-05-17,ACC_PERT_018_191,ACC_BPK_004_973,45320010138.12,Belanja Pembayaran Bunga Utang,Pembayaran bunga SBN,0
2023-04-21,ACC_PUPR_033_744,ACC_KEMENDAGRI_010_673,91143014984.39,Belanja Modal,Pembangunan infrastruktur jalan,0
2023-01-19,ACC_ESDM_020_290,ACC_KEMENKOPUKM_044_974,10973581392.42,Belanja Pegawai,Honorarium kegiatan resmi,0
2023-12-05,ACC_KEMENHAN_012_510,ACC_PERT_018_819,22552046020.91,Belanja Pembayaran Bunga Utang,Pembayaran bunga pinjaman luar negeri,0
2023-12-12,ACC_KEMENHUB_022_081,ACC_BPJS_NA_374,26897605822.54,Belanja Modal,Pembayaran termin proyek resmi,0
2023-05-27,ACC_BRIN_124_481,ACC_KEMENDAGRI_010_435,2578584765.8,Belanja Pegawai,Honorarium kegiatan resmi,0
2023-06-20,ACC_ESDM_020_069,ACC_KEMENHAN_012_606,12678780514.99,Belanja Barang,Belanja pemeliharaan rutin,0
2023-10-01,ACC_KEMENHUB_022_298,ACC_PERT_018_051,19635873691.59,Belanja Pembayaran Bunga Utang,Pembayaran imbal hasil obligasi,0
2023-07-31,ACC_SOS_027_656,ACC_KEU_015_357,21846747949.14,Belanja Pegawai,Pembayaran THR,0
2023-04-08,ACC_KEMENPAREKRAF_040_685,ACC_ESDM_020_150,23587862420.97,Belanja Subsidi,Subsidi pangan,0
2023-02-28,ACC_KEMENDAGRI_010_446,ACC_ESDM_020_113,3762381459.3,Belanja Barang,Pengadaan barang operasional,0
2023-03-01,ACC_PPATK_078_329,ACC_KEMENHUB_022_728,15102496245.58,Belanja Barang,Belanja internet dan komunikasi,0
2023-02-24,ACC_KEMENDAGRI_010_885,ACC_KEMENESDM_020_720,11113021885.37,Belanja Subsidi,Subsidi bunga kredit program,0
2023-06-26,ACC_KEMENPAREKRAF_040_575,ACC_KEMENDAG_090_429,15365880130.1,Belanja Pegawai,Pembayaran gaji ke-13,0
2023-06-16,ACC_BRIN_124_225,ACC_ESDM_020_577,12060879719.31,Belanja Modal,Pembangunan infrastruktur jalan,0
2023-06-22,ACC_PPATK_078_794,ACC_KEMENKOPUKM_044_028,31477785710.56,Belanja Barang,Penyewaan jasa kebersihan,0
2023-05-14,ACC_BPJS_NA_027,ACC_SOS_027_550,20092269371.53,Belanja Pembayaran Bunga Utang,Tunjangan kinerja triwulan,1
2023-04-09,ACC_PUPR_033_899,ACC_ESDM_020_190,10447086742.51,Belanja Pegawai,Belanja ATK dan operasional kantor,1
2023-01-30,ACC_SOS_027_725,ACC_KEMENDAG_090_038,8999558845.48,Belanja Pegawai,Gaji pegawai bulan berjalan,0
2023-01-21,ACC_KEMENLU_011_145,ACC_KEMENPERIN_019_499,24345331920.55,Belanja Subsidi,Subsidi energi,0
2023-11-12,ACC_KEMENKOPUKM_044_166,ACC_KEMENHAN_012_652,7119381942.58,Belanja Lain-lain,Belanja lainnya sesuai ketentuan,0
2023-11-10,ACC_KEMENDAGRI_010_771,ACC_PUPR_033_255,32507819097.92,Belanja Pembayaran Bunga Utang,Pembayaran bunga pinjaman luar negeri,0
2023-01-23,ACC_KEMENAG_025_905,ACC_KEMENDIKBUD_023_758,18451196301.43,Belanja Lain-lain,Belanja tak terduga,0
2023-11-14,ACC_POLRI_060_599,ACC_KOMINFO_059_219,25702023422.29,Belanja Barang,Pengadaan barang operasional,0
2023-12-22,ACC_KES_024_460,ACC_KEMENHUB_022_503,3796536525.36,Belanja Pembayaran Bunga Utang,Belanja ATK dan operasional kantor,1
2023-12-18,ACC_BRIN_124_690,ACC_KES_024_148,7533924761.07,Belanja Pegawai,Pembayaran gaji ke-13,0
2023-12-17,ACC_KEMENLU_011_186,ACC_KOMINFO_059_415,15821497239.69,Belanja Pegawai,Pembayaran THR,0
2023-07-10,ACC_KEMENDAGRI_010_079,ACC_KEMENPERIN_019_717,15124132047.48,Belanja Barang,Belanja internet dan komunikasi,0
2023-09-29,ACC_KEMENDIKBUD_023_544,ACC_PUPR_033_450,9867919553.04,Belanja Lain-lain,Cadangan risiko fiskal,0
2023-10-04,ACC_KEMENLU_011_312,ACC_ESDM_020_814,5578277720.45,Belanja Barang,Belanja pemeliharaan rutin,0
2023-08-08,ACC_KEMENHAN_012_046,ACC_KEMENLU_011_236,17014076371.66,Belanja Modal,Pembangunan/rehabilitasi gedung,0
2023-03-12,ACC_KEU_015_520,ACC_KEMENDAG_090_969,7954837041.23,Belanja Pegawai,Honorarium kegiatan resmi,0
2023-02-21,ACC_KEMENHAN_012_045,ACC_KEMENDAG_090_293,20195079186.87,Belanja Pegawai,Pembayaran THR,0
2023-09-19,ACC_KEMENHUB_022_580,ACC_KES_024_179,11170075529.12,Belanja Barang,Belanja ATK dan operasional kantor,0
2023-07-05,ACC_PPATK_078_953,ACC_KEMENKOPUKM_044_201,22153193714.74,Belanja Pembayaran Bunga Utang,Pembayaran kupon SUN,0
2023-09-01,ACC_KEMENKOPUKM_044_868,ACC_KEMENDAG_090_258,18660790715.05,Belanja Bantuan Sosial,Bansos tunai,0
2023-11-24,ACC_PPATK_078_941,ACC_BPS_054_490,29268284182.07,Belanja Pegawai,Pembayaran THR,0
2023-02-01,ACC_ESDM_020_610,ACC_KEMENAG_025_043,22997780310.05,Belanja Barang,Belanja internet dan komunikasi,0
2023-11-30,ACC_KES_024_822,ACC_ESDM_020_559,21255854747.75,Belanja Pembayaran Bunga Utang,Pembayaran bunga pinjaman luar negeri,0
2023-01-19,ACC_KEMENDAG_090_347,ACC_KEMENPAREKRAF_040_905,24463085221.7,Belanja Barang,Belanja internet dan komunikasi,0
2023-04-17,ACC_KEMENDAGRI_010_092,ACC_KES_024_820,18138236693.01,Belanja Barang,Belanja internet dan komunikasi,0
2023-03-19,ACC_KEMENLU_011_167,ACC_KES_024_090,19557142121.15,Belanja Modal,Pembayaran termin proyek resmi,0
2023-07-27,ACC_BPS_054_724,ACC_KEMENESDM_020_271,30178841252.66,Belanja Pembayaran Bunga Utang,Pembayaran imbal hasil obligasi,0
2023-03-05,ACC_BPS_054_524,ACC_PERT_018_722,46736692240.6,Belanja Modal,Pembangunan infrastruktur jalan,0
2023-09-13,ACC_KEMENKOPUKM_044_463,ACC_BPJS_NA_101,8847892955.32,Belanja Pembayaran Bunga Utang,Pembayaran bunga pinjaman luar negeri,0
2023-09-06,ACC_KOMINFO_059_105,ACC_PERT_018_694,26745880660.96,Belanja Barang,Belanja pemeliharaan rutin,0
2023-06-18,ACC_KEMENDAG_090_420,ACC_KEMENHUB_022_047,32729895846.08,Belanja Subsidi,Subsidi pangan,0
2023-05-24,ACC_PUPR_033_890,ACC_KEMENDAG_090_028,7256673986.66,Belanja Pegawai,Pembayaran gaji ke-13,0
2023-10-05,ACC_KEMENDAG_090_553,ACC_KEMENPAREKRAF_040_844,2281785524.05,Belanja Barang,Belanja internet dan komunikasi,0
2023-12-23,ACC_PPATK_078_111,ACC_KEMENKOPUKM_044_692,15860412803.97,Belanja Bantuan Sosial,Bansos tunai,0
2023-07-26,ACC_KEU_015_234,ACC_ESDM_020_024,19603903265.18,Belanja Pegawai,Honorarium kegiatan resmi,0
2023-01-10,ACC_KEMENDAG_090_017,ACC_KEMENESDM_020_245,7780377415.75,Belanja Modal,Pengadaan aset TIK,0
2023-04-22,ACC_SOS_027_717,ACC_KEMENESDM_020_539,149875805629.8,Belanja Modal,Pembangunan/rehabilitasi gedung,0
2023-08-28,ACC_BPS_054_585,ACC_PERT_018_027,6888180033.98,Belanja Pegawai,Pembayaran THR,0
2023-03-22,ACC_BPJS_NA_596,ACC_KEMENESDM_020_199,28285832034.24,Belanja Subsidi,Subsidi energi,0
2023-03-25,ACC_KEU_015_300,ACC_SOS_027_935,12749506526.88,Belanja Pegawai,Honorarium kegiatan resmi,0
2023-10-08,ACC_KEMENPAREKRAF_040_059,ACC_KES_024_909,13517429358.81,Belanja Lain-lain,Cadangan risiko fiskal,0
2023-12-08,ACC_KEMENAG_025_610,ACC_KEMENPAREKRAF_040_062,10728583967.07,Belanja Barang,Belanja internet dan komunikasi,0
2023-05-26,ACC_BPS_054_728,ACC_POLRI_060_256,46480504215.7,Belanja Barang,Belanja pemeliharaan rutin,0
2023-09-02,ACC_BPJS_NA_757,ACC_SOS_027_824,16909904907.11,Belanja Lain-lain,Cadangan risiko fiskal,0
2023-08-08,ACC_KEMENDIKBUD_023_823,ACC_PPATK_078_412,7223978576.16,Belanja Lain-lain,Belanja lainnya sesuai ketentuan,0
2023-05-27,ACC_POLRI_060_871,ACC_PERT_018_366,8754307320.5,Belanja Pegawai,Pembayaran gaji ke-13,0
2023-12-13,ACC_PUPR_033_489,ACC_ESDM_020_230,11726718287.02,Belanja Pembayaran Bunga Utang,Pembayaran imbal hasil obligasi,0
2023-09-27,ACC_KEMENKOPUKM_044_206,ACC_BPJS_NA_793,8379542227.83,Belanja Pegawai,Tunjangan kinerja triwulan,0
2023-08-27,ACC_KEMENHAN_012_975,ACC_PERT_018_800,19085293669.09,Belanja Barang,Pengadaan barang operasional,0
2023-10-03,ACC_POLRI_060_074,ACC_KEMENHAN_012_010,6782565149.12,Belanja Lain-lain,Belanja operasi non-rutin,0
2023-10-17,ACC_KEMENESDM_020_445,ACC_KEMENHAN_012_988,14609298662.26,Belanja Pembayaran Bunga Utang,Pembayaran bunga SBN,0
2023-03-12,ACC_KEMENDAG_090_649,ACC_KEMENDIKBUD_023_144,30738708817.21,Belanja Subsidi,Pembayaran subsidi,0
2023-10-26,ACC_KEMENDIKBUD_023_370,ACC_KOMINFO_059_857,13363089265.63,Belanja Bantuan Sosial,Bansos tunai,0
2023-02-21,ACC_SOS_027_529,ACC_KEMENPERIN_019_677,43749090546.82,Belanja Bantuan Sosial,Bansos tunai,0
2023-12-06,ACC_KEMENHUB_022_865,ACC_KEMENDAGRI_010_874,18187875518.24,Belanja Modal,Pembangunan/rehabilitasi gedung,0
2023-07-17,ACC_BRIN_124_300,ACC_KEMENDAG_090_444,26640734299.4,Belanja Subsidi,Subsidi bunga kredit program,0
2023-06-18,ACC_BRIN_124_149,ACC_BPJS_NA_761,8043861903.21,Belanja Bantuan Sosial,Bantuan pangan nontunai,0
2023-09-01,ACC_SOS_027_669,ACC_KEMENHUB_022_464,7544197224.24,Belanja Barang,Belanja internet dan komunikasi,0
2023-10-13,ACC_KEMENHAN_012_794,ACC_ESDM_020_437,19637756966.94,Belanja Pegawai,Belanja operasi non-rutin,1
2023-12-26,ACC_ESDM_020_213,ACC_KEMENDIKBUD_023_949,9454656440.45,Belanja Barang,Penyewaan jasa kebersihan,0
2023-07-11,ACC_KEMENHAN_012_941,ACC_KEMENPAREKRAF_040_689,10755765121.56,Belanja Lain-lain,Belanja operasi non-rutin,0
2023-11-22,ACC_KEMENDAGRI_010_154,ACC_PERT_018_642,63650167241.17,Belanja Subsidi,Pembayaran subsidi,0
2023-09-06,ACC_KOMINFO_059_240,ACC_ESDM_020_374,62020376063.29,Belanja Pembayaran Bunga Utang,Pembayaran bunga pinjaman luar negeri,0
2023-07-08,ACC_KOMINFO_059_272,ACC_KEMENHUB_022_532,48091009734.44,Belanja Subsidi,Subsidi pupuk,0
2023-02-15,ACC_BPJS_NA_095,ACC_KEMENDIKBUD_023_930,7286890767.06,Belanja Subsidi,Subsidi pupuk,0
2023-10-25,ACC_BPJS_NA_506,ACC_KEMENHUB_022_686,23736116607.46,Belanja Modal,Pembayaran termin proyek resmi,0
2023-02-28,ACC_BPS_054_021,ACC_KEMENKOPUKM_044_458,20337610111.48,Belanja Barang,Pengadaan barang operasional,0
2023-11-21,ACC_SOS_027_680,ACC_ESDM_020_203,9325400011.46,Belanja Barang,Pengadaan barang operasional,0
2023-04-16,ACC_KEMENPAREKRAF_040_833,ACC_KEMENHAN_012_122,39131485720.58,Belanja Pembayaran Bunga Utang,Pembayaran imbal hasil obligasi,0
2023-04-23,ACC_BPJS_NA_406,ACC_KEMENHAN_012_986,52232943484.17,Belanja Modal,Pengadaan peralatan dan mesin,0
2023-06-09,ACC_KEMENKOPUKM_044_240,ACC_KEMENPERIN_019_523,11189037777.9,Belanja Modal,Pembangunan infrastruktur jalan,0
2023-11-19,ACC_KEMENDAGRI_010_194,ACC_PERT_018_308,5808728081.59,Belanja Lain-lain,Cadangan risiko fiskal,0
2023-10-08,ACC_KEU_015_803,ACC_PPATK_078_675,6467785726.06,Belanja Pembayaran Bunga Utang,Pembayaran bunga SBN,0
2023-08-11,ACC_BPK_004_749,ACC_BPK_004_749,21923712571.31,Belanja Bantuan Sosial,Bansos tunai,1
2023-10-03,ACC_BPJS_NA_618,ACC_BPK_004_994,47706650366.15,Belanja Barang,Penyewaan jasa kebersihan,0
2023-05-17,ACC_ESDM_020_592,ACC_KOMINFO_059_154,25472858185.17389,Belanja Pegawai,Tunjangan kinerja triwulan,1
2023-06-18,ACC_KES_024_059,ACC_BPS_054_301,16581628460.73,Belanja Modal,Pembayaran termin proyek resmi,0
2023-01-03,ACC_KES_024_805,ACC_KEU_015_885,3795501419.07,Belanja Bantuan Sosial,Bantuan program keluarga harapan,0
2023-01-16,ACC_BPS_054_398,ACC_PUPR_033_265,19571280225.65,Belanja Pembayaran Bunga Utang,Pembayaran bunga pinjaman luar negeri,0
2023-11-24,ACC_SOS_027_930,ACC_PUPR_033_360,21986051395.18,Belanja Pembayaran Bunga Utang,Pembayaran bunga SBN,0
2023-05-02,ACC_KEMENPAREKRAF_040_241,ACC_SOS_027_627,36886348715.69,Belanja Modal,Pembangunan/rehabilitasi gedung,0
2023-10-30,ACC_PUPR_033_782,ACC_KES_024_287,40400780987.15,Belanja Pembayaran Bunga Utang,Pembayaran imbal hasil obligasi,0
2023-10-24,ACC_BRIN_124_526,ACC_KEU_015_389,50743154132.32,Belanja Modal,Pembayaran termin proyek resmi,0
2023-09-18,ACC_SOS_027_113,ACC_KEMENPERIN_019_886,3372453652.8,Belanja Pegawai,Tunjangan kinerja triwulan,0
2023-03-20,ACC_KEMENAG_025_275,ACC_KOMINFO_059_960,7568642462.75,Belanja Pegawai,Tunjangan kinerja triwulan,0
2023-01-17,ACC_BRIN_124_714,ACC_KEMENHAN_012_476,8734086686.86,Belanja Modal,Pembayaran termin proyek resmi,0
2023-07-29,ACC_KES_024_499,ACC_ESDM_020_402,19740380392.46,Belanja Subsidi,Subsidi bunga kredit program,0
2023-02-27,ACC_KEMENAG_025_530,ACC_KEMENHAN_012_208,2847729371.74,Belanja Subsidi,Subsidi bunga kredit program,0
2023-05-15,ACC_PERT_018_844,ACC_KEMENDIKBUD_023_994,14562372086.75,Belanja Lain-lain,Belanja tak terduga,0
2023-02-13,ACC_KEMENDIKBUD_023_483,ACC_KEMENAG_025_966,7733965991.97,Belanja Lain-lain,Belanja lainnya sesuai ketentuan,0
2023-01-18,ACC_SOS_027_605,ACC_KEMENAG_025_995,2964141342.35,Belanja Lain-lain,Belanja lainnya sesuai ketentuan,0
2023-06-21,ACC_KEMENDIKBUD_023_563,ACC_KOMINFO_059_531,25785429144.02,Belanja Modal,Pengadaan peralatan dan mesin,0
2023-08-13,ACC_KEMENDAG_090_066,ACC_PERT_018_141,102557112126.71,Belanja Pembayaran Bunga Utang,Pembayaran bunga SBN,0
2023-08-24,ACC_PPATK_078_033,ACC_SOS_027_361,7500549944.19,Belanja Pegawai,Tunjangan kinerja triwulan,0
2023-12-04,ACC_KEMENDIKBUD_023_787,ACC_BPJS_NA_071,18276283187.24,Belanja Pegawai,Pembayaran THR,0
2023-06-29,ACC_KEMENHAN_012_628,ACC_BPJS_NA_260,88847088560.4,Belanja Barang,Belanja internet dan komunikasi,0
2023-01-05,ACC_PERT_018_297,ACC_KEMENKOPUKM_044_620,23809143257.38,Belanja Pembayaran Bunga Utang,Pembayaran bunga SBN,0
2023-07-07,ACC_PERT_018_968,ACC_KEMENHAN_012_281,14750088733.35,Belanja Pembayaran Bunga Utang,Pembayaran kupon SUN,0
2023-04-25,ACC_BPS_054_940,ACC_KOMINFO_059_236,4735533800.66,Belanja Bantuan Sosial,Bantuan sosial kebencanaan,0
2023-05-22,ACC_BPK_004_783,ACC_BPS_054_528,42728593038.65,Belanja Pegawai,Gaji pegawai bulan berjalan,0
2023-01-30,ACC_KEMENDAGRI_010_082,ACC_SOS_027_031,9979166965.58,Belanja Lain-lain,Belanja operasi non-rutin,0
2023-02-04,ACC_SOS_027_535,ACC_KEMENDIKBUD_023_106,6066148592.72,Belanja Pegawai,Tunjangan kinerja triwulan,0
2023-08-15,ACC_KEMENPAREKRAF_040_371,ACC_KEMENHAN_012_100,40458139715.63,Belanja Subsidi,Subsidi bunga kredit program,0
2023-11-11,ACC_KEMENHUB_022_128,ACC_PPATK_078_032,4917056614.1,Belanja Bantuan Sosial,Transfer bantuan sosial,0
2023-09-15,ACC_KES_024_853,ACC_KEMENDAGRI_010_902,7364910124.07,Belanja Lain-lain,Belanja operasi non-rutin,0
2023-03-28,ACC_SOS_027_370,ACC_KEMENLU_011_331,41993877497.88,Belanja Barang,Penyewaan jasa kebersihan,0
2023-07-14,ACC_KEMENKOPUKM_044_011,ACC_KEMENPERIN_019_818,32436202955.42,Belanja Barang,Penyewaan jasa kebersihan,0
2023-08-12,ACC_BRIN_124_153,ACC_KEMENKOPUKM_044_212,5930939851.25,Belanja Barang,Belanja ATK dan operasional kantor,0
2023-11-27,ACC_KEMENHUB_022_467,ACC_BPS_054_860,6022800810.17,Belanja Pegawai,Honorarium kegiatan resmi,0
2023-08-16,ACC_BPS_054_194,ACC_KOMINFO_059_530,8635952407.3,Belanja Lain-lain,Belanja lainnya sesuai ketentuan,0
2023-10-03,ACC_KEMENPAREKRAF_040_450,ACC_BRIN_124_639,29587551231.353786,Belanja Modal,Pembangunan/rehabilitasi gedung,1
2023-06-27,ACC_PERT_018_678,ACC_KEU_015_695,4890061101.64,Belanja Lain-lain,Belanja operasi non-rutin,0
2023-09-04,ACC_BRIN_124_849,ACC_SOS_027_534,14879730473.17,Belanja Subsidi,Subsidi pangan,0
2023-11-30,ACC_KEMENKOPUKM_044_954,ACC_KEMENDIKBUD_023_420,14873416993.56,Belanja Modal,Pembayaran termin proyek resmi,0
2023-05-17,ACC_SOS_027_789,ACC_ESDM_020_832,29526507173.09,Belanja Pembayaran Bunga Utang,Pembayaran kupon SUN,0
2023-07-03,ACC_KEMENLU_011_260,ACC_BPJS_NA_799,45461773244.23,Belanja Barang,Belanja internet dan komunikasi,0
2023-03-10,ACC_SOS_027_838,ACC_PPATK_078_773,5831609969.97,Belanja Pegawai,Tunjangan kinerja triwulan,0
2023-09-06,ACC_KES_024_617,ACC_KEMENHAN_012_775,5600353080.09,Belanja Pegawai,Cadangan risiko fiskal,1
2023-09-28,ACC_KEMENDAGRI_010_677,ACC_KOMINFO_059_083,21165802041.93,Belanja Barang,Belanja internet dan komunikasi,0
2023-12-03,ACC_KEMENLU_011_490,ACC_SOS_027_403,24532415016.38,Belanja Bantuan Sosial,Bansos tunai,0
2023-06-08,ACC_BPS_054_843,ACC_PPATK_078_335,16310602971.13,Belanja Barang,Belanja pemeliharaan rutin,0
2023-05-26,ACC_POLRI_060_153,ACC_BPJS_NA_619,12271135399.76,Belanja Pegawai,Pembayaran gaji ke-13,0
2023-12-15,ACC_KEMENAG_025_854,ACC_POLRI_060_178,37439723015.44,Belanja Modal,Pengadaan aset TIK,0
2023-09-11,ACC_KEMENHAN_012_500,ACC_KEMENPAREKRAF_040_541,48482712019.12,Belanja Modal,Subsidi pupuk,1
2023-09-23,ACC_KEMENLU_011_013,ACC_KEMENLU_011_013,10002044210.63,Belanja Lain-lain,Cadangan risiko fiskal,1
2023-04-23,ACC_ESDM_020_252,ACC_KEMENKOPUKM_044_963,14749069468.19,Belanja Bantuan Sosial,Transfer bantuan sosial,0
2023-05-10,ACC_SOS_027_836,ACC_POLRI_060_193,14390476636.35,Belanja Modal,Pengadaan aset TIK,0
2023-06-21,ACC_KEMENPAREKRAF_040_575,ACC_BPK_004_577,24448786926.32,Belanja Modal,Pengadaan peralatan dan mesin,0
2023-04-19,ACC_KEU_015_794,ACC_SOS_027_684,7047121083.83,Belanja Pegawai,Gaji pegawai bulan berjalan,0
2023-10-13,ACC_KES_024_512,ACC_KEMENPAREKRAF_040_172,8353954062.83,Belanja Pegawai,Gaji pegawai bulan berjalan,0
2023-06-15,ACC_PERT_018_699,ACC_KEMENLU_011_170,7872346536.98,Belanja Lain-lain,Cadangan risiko fiskal,0
2023-06-11,ACC_ESDM_020_807,ACC_KEMENDAG_090_041,20493190846.73,Belanja Pembayaran Bunga Utang,Pembayaran bunga SBN,0
2023-06-14,ACC_KES_024_321,ACC_BRIN_124_886,19358523413.9,Belanja Barang,Belanja internet dan komunikasi,0
2023-07-29,ACC_KEMENPAREKRAF_040_496,ACC_KEMENKOPUKM_044_895,26414225605.21,Belanja Modal,Pengadaan peralatan dan mesin,0
2023-06-13,ACC_KEMENDAG_090_481,ACC_BRIN_124_919,9585025426.89,Belanja Pembayaran Bunga Utang,Pembayaran kupon SUN,0
2023-03-12,ACC_KEMENPAREKRAF_040_465,ACC_KEMENDIKBUD_023_348,8097797682.89,Belanja Barang,Penyewaan jasa kebersihan,0
2023-10-05,ACC_KEMENHUB_022_271,ACC_KEMENDAGRI_010_357,10577883695.49,Belanja Bantuan Sosial,Bantuan sosial kebencanaan,0
2023-04-23,ACC_KEMENHUB_022_800,ACC_KEU_015_277,8776951753.09,Belanja Pembayaran Bunga Utang,Pembayaran bunga SBN,0
2023-03-24,ACC_BPS_054_962,ACC_SOS_027_218,6471035520.72,Belanja Lain-lain,Belanja operasi non-rutin,0
2023-11-29,ACC_KEMENKOPUKM_044_987,ACC_KEMENDAGRI_010_959,73079900507.39,Belanja Modal,Pengadaan aset TIK,0
2023-07-26,ACC_KEMENKOPUKM_044_686,ACC_PUPR_033_696,13501711867.73,Belanja Lain-lain,Belanja lainnya sesuai ketentuan,0
2023-09-16,ACC_PERT_018_994,ACC_PERT_018_994,10493881093.86,Belanja Pembayaran Bunga Utang,Pembayaran imbal hasil obligasi,1
2023-04-14,ACC_BPJS_NA_241,ACC_PERT_018_903,66208414084.89,Belanja Modal,Pengadaan aset TIK,0
2023-09-28,ACC_BPS_054_307,ACC_ESDM_020_984,19833080165.57,Belanja Subsidi,Subsidi bunga kredit program,0
2023-01-08,ACC_BPJS_NA_069,ACC_KEMENLU_011_702,14673385349.98,Belanja Pembayaran Bunga Utang,Pembayaran kupon SUN,0
2023-01-31,ACC_SOS_027_518,ACC_KEMENAG_025_483,8996173421.41,Belanja Pegawai,Pembayaran THR,0
2023-03-08,ACC_BRIN_124_971,ACC_KEMENHUB_022_387,7612901211.18,Belanja Pegawai,Pembayaran gaji ke-13,0
2023-10-16,ACC_KEMENAG_025_996,ACC_KEMENPAREKRAF_040_963,10020990188.07,Belanja Pegawai,Pembayaran THR,0
2023-10-27,ACC_KEMENHUB_022_013,ACC_PERT_018_664,42058899878.09,Belanja Modal,Pembangunan infrastruktur jalan,0
2023-12-22,ACC_PUPR_033_149,ACC_KEMENLU_011_879,33675600406.16,Belanja Lain-lain,Cadangan risiko fiskal,0
2023-01-21,ACC_KEMENPAREKRAF_040_060,ACC_KEMENAG_025_435,16545629660.62,Belanja Barang,Belanja pemeliharaan rutin,0
2023-03-17,ACC_KEMENPERIN_019_698,ACC_BRIN_124_590,15522967523.64,Belanja Pegawai,Honorarium kegiatan resmi,0
2023-12-08,ACC_KEMENDAG_090_290,ACC_KEMENDAGRI_010_568,19852203717.38,Belanja Bantuan Sosial,Transfer bantuan sosial,0
2023-08-06,ACC_KEU_015_479,ACC_KEMENAG_025_090,9173433985.51,Belanja Subsidi,Pembayaran subsidi,0
2023-01-10,ACC_ESDM_020_087,ACC_KEMENHAN_012_762,4019996075.39,Belanja Pembayaran Bunga Utang,Pembayaran imbal hasil obligasi,0
2023-03-19,ACC_PPATK_078_421,ACC_KEMENAG_025_055,8547911648.44,Belanja Pegawai,Gaji pegawai bulan berjalan,0
2023-02-03,ACC_KEMENESDM_020_105,ACC_KEMENDAGRI_010_172,14560251314.53,Belanja Pembayaran Bunga Utang,Pembayaran kupon SUN,0
2023-09-29,ACC_SOS_027_788,ACC_BPS_054_299,14103737230.27,Belanja Pegawai,Honorarium kegiatan resmi,0
2023-04-24,ACC_KEMENHAN_012_787,ACC_BPS_054_816,21463177201.56,Belanja Barang,Penyewaan jasa kebersihan,0
2023-08-30,ACC_PUPR_033_301,ACC_BRIN_124_708,26110792219.96,Belanja Pembayaran Bunga Utang,Pembayaran bunga pinjaman luar negeri,0
2023-06-25,ACC_BPK_004_855,ACC_KEMENESDM_020_783,10958313312.13,Belanja Pembayaran Bunga Utang,Pembayaran imbal hasil obligasi,0
2023-12-27,ACC_KEMENAG_025_086,ACC_KES_024_654,10762552985.99,Belanja Lain-lain,Belanja lainnya sesuai ketentuan,1
2023-08-01,ACC_KEMENDAG_090_051,ACC_SOS_027_112,8088753304.72,Belanja Pegawai,Honorarium kegiatan resmi,0
2023-07-02,ACC_PERT_018_503,ACC_KEU_015_844,63727111843.78,Belanja Pembayaran Bunga Utang,Pembayaran imbal hasil obligasi,0
2023-08-22,ACC_PUPR_033_298,ACC_KEMENKOPUKM_044_244,7457594699.92,Belanja Pembayaran Bunga Utang,Pembayaran kupon SUN,0
2023-07-20,ACC_KEMENAG_025_239,ACC_KEMENDIKBUD_023_334,7357157120.9,Belanja Barang,Belanja pemeliharaan rutin,0
2023-09-03,ACC_POLRI_060_858,ACC_KEU_015_008,9259644946.99,Belanja Subsidi,Subsidi pangan,0
2023-02-27,ACC_KEMENAG_025_086,ACC_KEU_015_055,16881625368.24,Belanja Barang,Penyewaan jasa kebersihan,0
2023-04-18,ACC_KEMENLU_011_304,ACC_KEMENAG_025_132,5873908263.79,Belanja Pembayaran Bunga Utang,Pembayaran kupon SUN,0
2023-08-16,ACC_KEMENDAGRI_010_757,ACC_KEMENAG_025_203,13582224643.67,Belanja Pembayaran Bunga Utang,Pembayaran bunga SBN,0
2023-01-24,ACC_KEMENPAREKRAF_040_687,ACC_SOS_027_786,12569317360.11,Belanja Subsidi,Subsidi energi,0
2023-03-27,ACC_KEMENDAGRI_010_850,ACC_KEMENPAREKRAF_040_430,278379823127.0806,Belanja Barang,Belanja internet dan komunikasi,1
2023-07-17,ACC_BRIN_124_603,ACC_KEMENDAGRI_010_440,3810453992.41,Belanja Pegawai,Tunjangan kinerja triwulan,0
2023-10-03,ACC_KEMENPERIN_019_338,ACC_KEMENDAG_090_674,13840203151.4,Belanja Barang,Penyewaan jasa kebersihan,0
2023-07-11,ACC_BPS_054_663,ACC_KOMINFO_059_365,11890711030.74,Belanja Barang,Belanja pemeliharaan rutin,0
2023-08-11,ACC_KEMENESDM_020_259,ACC_KES_024_785,53789630966.54,Belanja Barang,Belanja internet dan komunikasi,0
2023-03-31,ACC_KOMINFO_059_343,ACC_KEMENDAG_090_774,10732705377.49,Belanja Modal,Pembangunan/rehabilitasi gedung,0
2023-07-19,ACC_PUPR_033_403,ACC_KEMENDAG_090_614,9257537010.12,Belanja Pembayaran Bunga Utang,Pembayaran kupon SUN,0
2023-04-21,ACC_BPK_004_928,ACC_KEMENPERIN_019_778,6983469741.85,Belanja Barang,Pengadaan barang operasional,0
2023-10-28,ACC_BPJS_NA_707,ACC_KEMENAG_025_307,29137090085.48,Belanja Barang,Pembayaran bunga pinjaman luar negeri,1
2023-09-24,ACC_KEMENAG_025_214,ACC_KEMENDAGRI_010_594,28528656023.56,Belanja Modal,Pembangunan/rehabilitasi gedung,0
2023-05-17,ACC_KES_024_540,ACC_KEMENAG_025_512,17776859937.25,Belanja Pembayaran Bunga Utang,Pembayaran kupon SUN,0
2023-07-24,ACC_BPS_054_253,ACC_KOMINFO_059_038,14284416900.55,Belanja Modal,Pembangunan/rehabilitasi gedung,0
2023-06-15,ACC_KES_024_305,ACC_KEMENESDM_020_715,6973085083.3,Belanja Modal,Pembangunan/rehabilitasi gedung,0
2023-09-02,ACC_KEMENDIKBUD_023_721,ACC_KEMENDAG_090_760,6229465138.38,Belanja Subsidi,Subsidi pangan,0
2023-08-05,ACC_BRIN_124_928,ACC_KEMENHUB_022_507,10706644453.44,Belanja Pegawai,Honorarium kegiatan resmi,0
2023-03-10,ACC_KOMINFO_059_030,ACC_BPS_054_627,26914394564.65,Belanja Bantuan Sosial,Bantuan program keluarga harapan,0
2023-12-01,ACC_POLRI_060_036,ACC_KEMENPERIN_019_311,3558156446.93,Belanja Subsidi,Subsidi pupuk,0
2023-03-18,ACC_KEMENKOPUKM_044_590,ACC_BRIN_124_613,21651015678.89,Belanja Barang,Belanja internet dan komunikasi,0
2023-05-02,ACC_PERT_018_144,ACC_KEU_015_684,6673564750.62,Belanja Lain-lain,Belanja tak terduga,0
2023-09-04,ACC_KEMENAG_025_247,ACC_KEMENPAREKRAF_040_923,12868798662.0,Belanja Pembayaran Bunga Utang,Pembayaran bunga pinjaman luar negeri,0
2023-01-07,ACC_BRIN_124_958,ACC_PPATK_078_242,24303213833.37,Belanja Barang,Belanja pemeliharaan rutin,0
2023-11-03,ACC_POLRI_060_302,ACC_KEMENESDM_020_276,4954710286.15,Belanja Barang,Belanja internet dan komunikasi,0
2023-02-27,ACC_KEMENPERIN_019_423,ACC_BPS_054_916,4826344092.99,Belanja Bantuan Sosial,Bantuan sosial kebencanaan,0
2023-07-26,ACC_PPATK_078_564,ACC_KEMENESDM_020_854,22180396195.22,Belanja Barang,Pengadaan barang operasional,0
2023-10-26,ACC_KEMENDIKBUD_023_850,ACC_KOMINFO_059_663,13976111678.24,Belanja Barang,Penyewaan jasa kebersihan,0
2023-09-12,ACC_KEMENKOPUKM_044_137,ACC_ESDM_020_881,27566317248.5,Belanja Barang,Belanja ATK dan operasional kantor,0
2023-11-30,ACC_ESDM_020_032,ACC_PPATK_078_868,4251819527.61,Belanja Barang,Penyewaan jasa kebersihan,0
2023-08-31,ACC_BPS_054_192,ACC_KEMENDAGRI_010_142,8599695698.23,Belanja Pembayaran Bunga Utang,Pembayaran bunga SBN,0
2023-01-08,ACC_KEMENESDM_020_735,ACC_KOMINFO_059_869,7821913023.27,Belanja Pegawai,Pembayaran THR,0
2023-04-16,ACC_POLRI_060_283,ACC_KEMENDAG_090_104,22604383454.94,Belanja Modal,Pengadaan peralatan dan mesin,0
2023-02-22,ACC_POLRI_060_859,ACC_BRIN_124_081,26432335646.89,Belanja Bantuan Sosial,Bantuan sosial kebencanaan,0
2023-08-30,ACC_BPK_004_031,ACC_KEMENLU_011_829,65452478312.61,Belanja Subsidi,Subsidi energi,0
2023-01-17,ACC_SOS_027_078,ACC_ESDM_020_718,8866718254.96,Belanja Pembayaran Bunga Utang,Pembayaran bunga pinjaman luar negeri,0
2023-10-18,ACC_KEU_015_897,ACC_BPK_004_112,12259414085.83,Belanja Pegawai,Honorarium kegiatan resmi,0
2023-06-27,ACC_KEMENKOPUKM_044_858,ACC_KEMENPAREKRAF_040_648,7215196114.93,Belanja Bantuan Sosial,Bantuan sosial kebencanaan,0
2023-01-18,ACC_BPS_054_351,ACC_KEMENESDM_020_955,13268070638.19,Belanja Pegawai,Gaji pegawai bulan berjalan,0
2023-01-16,ACC_KOMINFO_059_012,ACC_PERT_018_075,7739855154.76,Belanja Modal,Pembangunan/rehabilitasi gedung,0
2023-05-09,ACC_ESDM_020_283,ACC_KEU_015_195,11319689344.51,Belanja Barang,Penyewaan jasa kebersihan,0
2023-06-14,ACC_POLRI_060_705,ACC_BRIN_124_426,25283132079.33,Belanja Modal,Subsidi pangan,1
2023-07-11,ACC_PERT_018_591,ACC_KEMENESDM_020_691,19110588482.34,Belanja Pegawai,Gaji pegawai bulan berjalan,0
2023-08-22,ACC_PPATK_078_594,ACC_KEMENPAREKRAF_040_644,15934297889.84,Belanja Pembayaran Bunga Utang,Pembayaran bunga SBN,0
2023-10-05,ACC_PUPR_033_387,ACC_KES_024_847,20544972059.04,Belanja Subsidi,Subsidi bunga kredit program,0
2023-04-27,ACC_KEMENPERIN_019_241,ACC_KEMENDAG_090_026,11703148604.34,Belanja Lain-lain,Belanja lainnya sesuai ketentuan,0
2023-10-21,ACC_BPS_054_906,ACC_KEMENHAN_012_298,8040297798.47,Belanja Barang,Pengadaan barang operasional,0
2023-05-22,ACC_KEMENLU_011_046,ACC_PPATK_078_675,14120175089.66,Belanja Modal,Pengadaan peralatan dan mesin,0
2023-04-26,ACC_BPK_004_082,ACC_SOS_027_044,11572120556.89,Belanja Modal,Pembangunan infrastruktur jalan,0
2023-10-05,ACC_PPATK_078_595,ACC_KEMENDIKBUD_023_058,9012056484.99,Belanja Modal,Pembayaran termin proyek resmi,0
2023-08-04,ACC_KEMENDIKBUD_023_317,ACC_BRIN_124_228,5016864512.98,Belanja Barang,Belanja internet dan komunikasi,0
2023-03-07,ACC_KEMENDIKBUD_023_915,ACC_POLRI_060_821,117212247011.27594,Belanja Pembayaran Bunga Utang,Pembayaran kupon SUN,1
2023-04-05,ACC_KES_024_493,ACC_BPK_004_765,9480681871.18,Belanja Pegawai,Bantuan program keluarga harapan,1
2023-05-11,ACC_SOS_027_855,ACC_KEMENDAGRI_010_148,9508160148.27,Belanja Modal,Pembangunan/rehabilitasi gedung,0
2023-02-09,ACC_KEMENAG_025_121,ACC_PPATK_078_295,25459688112.84,Belanja Modal,Pengadaan aset TIK,0
2023-05-23,ACC_PPATK_078_037,ACC_BPK_004_698,16687326593.72,Belanja Modal,Pengadaan aset TIK,0
2023-09-11,ACC_KOMINFO_059_329,ACC_KOMINFO_059_329,28868098530.62,Belanja Barang,Pengadaan barang operasional,1
2023-08-18,ACC_PERT_018_536,ACC_KOMINFO_059_078,28340399483.12,Belanja Bantuan Sosial,Bantuan pangan nontunai,0
2023-04-19,ACC_KEMENKOPUKM_044_792,ACC_BPS_054_923,6525498817.09,Belanja Pegawai,Honorarium kegiatan resmi,0
2023-12-07,ACC_KEMENAG_025_259,ACC_PUPR_033_335,27620886411.59,Belanja Lain-lain,Belanja operasi non-rutin,0
2023-10-16,ACC_KEMENHUB_022_814,ACC_KEMENHUB_022_814,12097910504.28,Belanja Subsidi,Pembayaran subsidi,1
2023-12-19,ACC_KEMENDAGRI_010_701,ACC_KEMENHUB_022_452,13081169570.91,Belanja Pembayaran Bunga Utang,Pembayaran kupon SUN,0
2023-08-17,ACC_KEMENPAREKRAF_040_702,ACC_BRIN_124_828,37596479841.52,Belanja Pembayaran Bunga Utang,Pembayaran bunga pinjaman luar negeri,0
2023-04-23,ACC_POLRI_060_217,ACC_ESDM_020_833,11768978017.93,Belanja Barang,Penyewaan jasa kebersihan,0
2023-12-01,ACC_KEMENPAREKRAF_040_319,ACC_KEMENPAREKRAF_040_319,24002684437.54,Belanja Modal,Pembangunan/rehabilitasi gedung,1
2023-12-27,ACC_KEMENDAG_090_579,ACC_KEU_015_209,11345632657.06,Belanja Barang,Belanja internet dan komunikasi,1
2023-06-01,ACC_PUPR_033_899,ACC_PPATK_078_365,11428407841.56,Belanja Modal,Pembayaran termin proyek resmi,0
2023-10-12,ACC_BPJS_NA_842,ACC_BRIN_124_032,12304362936.57,Belanja Modal,Pengadaan peralatan dan mesin,0
2023-04-11,ACC_POLRI_060_244,ACC_KEMENHUB_022_232,39015629888.61,Belanja Barang,Belanja pemeliharaan rutin,0
2023-08-14,ACC_KEMENDAG_090_077,ACC_KEMENESDM_020_735,7301024239.58,Belanja Pembayaran Bunga Utang,Pembayaran imbal hasil obligasi,0
2023-06-16,ACC_BRIN_124_284,ACC_SOS_027_704,6639727308.52,Belanja Pegawai,Pembayaran gaji ke-13,0
2023-01-17,ACC_BPK_004_117,ACC_KEMENKOPUKM_044_983,276540366236.82996,Belanja Pembayaran Bunga Utang,Pembayaran kupon SUN,1
2023-01-10,ACC_KEU_015_080,ACC_KEMENLU_011_646,20392004558.752296,Belanja Barang,Penyewaan jasa kebersihan,1
2023-12-31,ACC_KEMENDAG_090_977,ACC_KES_024_583,6420305681.67,Belanja Bantuan Sosial,Bansos tunai,0
2023-01-13,ACC_KEMENDAG_090_508,ACC_KOMINFO_059_465,36337014577.43,Belanja Subsidi,Subsidi energi,0
2023-11-27,ACC_KEMENKOPUKM_044_056,ACC_KEMENESDM_020_351,37983440603.56,Belanja Pembayaran Bunga Utang,Pembayaran imbal hasil obligasi,0
2023-08-14,ACC_KEMENESDM_020_308,ACC_BPS_054_475,2472165305.61,Belanja Bantuan Sosial,Transfer bantuan sosial,0
2023-11-05,ACC_POLRI_060_157,ACC_KES_024_151,18008273088.37,Belanja Modal,Pengadaan aset TIK,0
2023-01-21,ACC_KEMENPAREKRAF_040_112,ACC_PPATK_078_683,33138930314.83,Belanja Lain-lain,Belanja operasi non-rutin,0
2023-06-10,ACC_KEMENDAGRI_010_402,ACC_BPJS_NA_590,11253339479.43,Belanja Pembayaran Bunga Utang,Pembayaran kupon SUN,0
2023-01-21,ACC_SOS_027_897,ACC_PERT_018_497,20730640981.28,Belanja Modal,Pembangunan/rehabilitasi gedung,0
2023-08-02,ACC_KEMENDIKBUD_023_032,ACC_KES_024_186,5214743954.72,Belanja Bantuan Sosial,Bantuan pangan nontunai,0
2023-06-10,ACC_BPS_054_250,ACC_KEMENPERIN_019_763,36661424028.92,Belanja Bantuan Sosial,Bantuan sosial kebencanaan,0
2023-06-15,ACC_PPATK_078_759,ACC_KEMENDAGRI_010_925,15670730373.45,Belanja Barang,Belanja pemeliharaan rutin,0
2023-11-19,ACC_BPJS_NA_999,ACC_KEU_015_583,13830139494.54,Belanja Subsidi,Pembayaran subsidi,0
2023-08-16,ACC_KEMENESDM_020_471,ACC_PERT_018_813,15365476088.02,Belanja Pegawai,Pembayaran THR,0
2023-01-31,ACC_KEMENESDM_020_162,ACC_ESDM_020_818,28083910600.59,Belanja Modal,Pembayaran termin proyek resmi,0
2023-07-03,ACC_KEMENLU_011_504,ACC_KOMINFO_059_527,13037765698.19,Belanja Pembayaran Bunga Utang,Pembayaran imbal hasil obligasi,0
2023-07-28,ACC_KEMENDAGRI_010_684,ACC_KEMENAG_025_778,13199371456.79,Belanja Lain-lain,Belanja lainnya sesuai ketentuan,0
2023-09-17,ACC_SOS_027_620,ACC_PERT_018_754,18431011096.15,Belanja Pegawai,Tunjangan kinerja triwulan,0
2023-01-24,ACC_KEMENDIKBUD_023_216,ACC_BPJS_NA_055,70688974658.56422,Belanja Pembayaran Bunga Utang,Pembayaran bunga pinjaman luar negeri,1
2023-01-12,ACC_KEMENPERIN_019_641,ACC_BRIN_124_884,15271581972.58,Belanja Bantuan Sosial,Bantuan program keluarga harapan,0
2023-07-27,ACC_KEMENDAGRI_010_133,ACC_KEMENKOPUKM_044_339,16355090238.45,Belanja Modal,Pengadaan aset TIK,0
2023-07-02,ACC_PPATK_078_423,ACC_ESDM_020_009,10954635819.15,Belanja Pegawai,Honorarium kegiatan resmi,0
2023-09-27,ACC_PERT_018_624,ACC_BRIN_124_567,57024573184.11,Belanja Subsidi,Subsidi pupuk,0
2023-12-06,ACC_KEMENDAGRI_010_072,ACC_KEMENDAG_090_352,11092550508.99,Belanja Pembayaran Bunga Utang,Pembayaran bunga pinjaman luar negeri,0
2023-07-04,ACC_KES_024_105,ACC_BPS_054_659,5251435908.39,Belanja Bantuan Sosial,Bantuan pangan nontunai,0
2023-09-28,ACC_PERT_018_047,ACC_KEMENLU_011_085,8076913333.21,Belanja Pegawai,Pembayaran THR,0
2023-12-31,ACC_KEMENAG_025_209,ACC_BPK_004_248,10759724037.27,Belanja Subsidi,Pembayaran subsidi,1
2023-06-05,ACC_KEU_015_954,ACC_KEMENHUB_022_542,4240115984.7,Belanja Barang,Belanja internet dan komunikasi,0
2023-06-16,ACC_KEMENESDM_020_351,ACC_BPK_004_069,14399288351.03,Belanja Pegawai,Gaji pegawai bulan berjalan,0
2023-03-04,ACC_KEMENKOPUKM_044_509,ACC_KOMINFO_059_292,9287643878.65,Belanja Pembayaran Bunga Utang,Pembayaran imbal hasil obligasi,0
2023-06-06,ACC_BPJS_NA_821,ACC_PERT_018_365,61171161746.75,Belanja Pembayaran Bunga Utang,Pembayaran bunga SBN,0
2023-07-11,ACC_KEMENLU_011_516,ACC_KEMENPERIN_019_587,37896023850.92,Belanja Barang,Belanja pemeliharaan rutin,0
2023-08-29,ACC_KEMENPERIN_019_030,ACC_POLRI_060_143,16673987228.96,Belanja Pembayaran Bunga Utang,Pembayaran bunga pinjaman luar negeri,0
2023-10-10,ACC_KES_024_269,ACC_KEMENHAN_012_484,11252921305.79,Belanja Barang,Belanja ATK dan operasional kantor,0
2023-07-16,ACC_KEMENAG_025_243,ACC_SOS_027_598,18960539716.16,Belanja Subsidi,Pembayaran subsidi,0
2023-07-09,ACC_BPJS_NA_217,ACC_KEMENDIKBUD_023_928,11197314633.78,Belanja Pegawai,Pembayaran THR,0
2023-08-04,ACC_KEMENKOPUKM_044_423,ACC_BRIN_124_320,55640308662.13578,Belanja Pegawai,Pembayaran THR,1
2023-03-28,ACC_SOS_027_040,ACC_BPK_004_161,44475146033.02,Belanja Barang,Belanja ATK dan operasional kantor,0
2023-06-01,ACC_KOMINFO_059_095,ACC_POLRI_060_442,8227465766.06,Belanja Barang,Penyewaan jasa kebersihan,0
2023-01-16,ACC_PPATK_078_018,ACC_KEMENPAREKRAF_040_136,2700240456.17,Belanja Pegawai,Pembayaran THR,0
2023-09-04,ACC_ESDM_020_248,ACC_BPS_054_843,9385586138.93,Belanja Lain-lain,Belanja tak terduga,0
2023-12-03,ACC_KEMENPERIN_019_897,ACC_KOMINFO_059_032,36754233753.37,Belanja Pembayaran Bunga Utang,Pembayaran imbal hasil obligasi,0
2023-10-23,ACC_PPATK_078_184,ACC_BRIN_124_191,42734506798.01,Belanja Subsidi,Subsidi energi,0
2023-12-25,ACC_BPS_054_586,ACC_PERT_018_420,13945866448.59,Belanja Subsidi,Subsidi pangan,0
2023-04-24,ACC_ESDM_020_379,ACC_KEU_015_313,14567640047.93,Belanja Pembayaran Bunga Utang,Pembayaran imbal hasil obligasi,0
2023-04-03,ACC_POLRI_060_964,ACC_POLRI_060_964,8647543538.36,Belanja Barang,Belanja internet dan komunikasi,1
2023-08-11,ACC_KEMENKOPUKM_044_593,ACC_BPK_004_266,19585442420.5,Belanja Pembayaran Bunga Utang,Pembayaran imbal hasil obligasi,0
2023-06-08,ACC_KEMENAG_025_917,ACC_BRIN_124_828,13707203943.21,Belanja Modal,Pengadaan aset TIK,0
2023-10-28,ACC_KES_024_380,ACC_KEU_015_794,40552478106.82,Belanja Pembayaran Bunga Utang,Pembayaran kupon SUN,0
2023-05-11,ACC_ESDM_020_509,ACC_KEMENDAGRI_010_782,17152624721.21,Belanja Barang,Belanja pemeliharaan rutin,0
2023-08-07,ACC_BRIN_124_257,ACC_KOMINFO_059_185,15619690881.92,Belanja Barang,Belanja pemeliharaan rutin,0
2023-12-20,ACC_BPJS_NA_040,ACC_BPS_054_601,20780274342.42,Belanja Lain-lain,Cadangan risiko fiskal,0
2023-12-17,ACC_KES_024_009,ACC_SOS_027_350,3891791980.74,Belanja Pegawai,Pembayaran gaji ke-13,0
2023-06-21,ACC_PUPR_033_025,ACC_KEMENDAGRI_010_393,14010479529.94,Belanja Barang,Belanja ATK dan operasional kantor,0
2023-08-24,ACC_KEMENPAREKRAF_040_410,ACC_KEMENHAN_012_825,22969550566.92,Belanja Barang,Belanja internet dan komunikasi,0
2023-01-20,ACC_BRIN_124_649,ACC_KEMENPERIN_019_983,14873803974.31,Belanja Pegawai,Gaji pegawai bulan berjalan,0
2023-01-31,ACC_KEU_015_019,ACC_POLRI_060_148,10879140963.03,Belanja Barang,Belanja internet dan komunikasi,0
2023-06-12,ACC_KEMENPERIN_019_113,ACC_KEMENLU_011_455,10050274743.69,Belanja Pegawai,Honorarium kegiatan resmi,0
2023-09-12,ACC_KEMENLU_011_599,ACC_BRIN_124_399,12905940263.19,Belanja Pegawai,Honorarium kegiatan resmi,0
2023-11-08,ACC_ESDM_020_407,ACC_KEMENHUB_022_609,37873847990.12,Belanja Barang,Pengadaan barang operasional,0
2023-12-22,ACC_KEMENAG_025_739,ACC_PERT_018_657,5371513770.29,Belanja Pembayaran Bunga Utang,Pembayaran imbal hasil obligasi,0
2023-07-24,ACC_PERT_018_097,ACC_KEMENDIKBUD_023_377,4234831938.3,Belanja Pembayaran Bunga Utang,Pembayaran kupon SUN,0
2023-04-27,ACC_KEMENDAGRI_010_605,ACC_KEMENKOPUKM_044_805,18597740226.68,Belanja Pegawai,Tunjangan kinerja triwulan,0
2023-10-01,ACC_KES_024_181,ACC_KEMENDAGRI_010_959,100947006092.81,Belanja Barang,Belanja internet dan komunikasi,0
2023-10-10,ACC_BPS_054_287,ACC_ESDM_020_475,12190388738.37,Belanja Barang,Penyewaan jasa kebersihan,0
2023-06-30,ACC_SOS_027_725,ACC_KEMENDAGRI_010_469,11731807290.18,Belanja Pegawai,Gaji pegawai bulan berjalan,0
2023-10-02,ACC_ESDM_020_260,ACC_KEMENPAREKRAF_040_333,7160879933.76,Belanja Lain-lain,Cadangan risiko fiskal,0
2023-09-11,ACC_PPATK_078_959,ACC_KEMENHAN_012_923,45614902581.97,Belanja Pembayaran Bunga Utang,Pembayaran kupon SUN,0
2023-11-01,ACC_KEMENDAG_090_833,ACC_POLRI_060_934,49158251229.02,Belanja Subsidi,Subsidi pupuk,0
2023-12-27,ACC_POLRI_060_015,ACC_KEMENDIKBUD_023_050,8000591263.11,Belanja Lain-lain,Cadangan risiko fiskal,1
2023-11-01,ACC_BPS_054_196,ACC_PERT_018_876,12370525460.49,Belanja Pegawai,Honorarium kegiatan resmi,0
2023-07-20,ACC_PPATK_078_705,ACC_KEMENPAREKRAF_040_848,6699919517.6,Belanja Bantuan Sosial,Bansos tunai,0
2023-05-07,ACC_KEMENHUB_022_175,ACC_KEMENHUB_022_175,40795078712.94,Belanja Subsidi,Subsidi pangan,1
2023-12-29,ACC_PUPR_033_749,ACC_KOMINFO_059_171,6151580068.38,Belanja Lain-lain,Belanja tak terduga,0
2023-12-25,ACC_PUPR_033_665,ACC_BPK_004_592,14872008268.62,Belanja Barang,Belanja ATK dan operasional kantor,0
2023-12-03,ACC_PUPR_033_363,ACC_KEMENPAREKRAF_040_325,27208908763.75,Belanja Pembayaran Bunga Utang,Pembayaran imbal hasil obligasi,0
2023-10-25,ACC_PERT_018_494,ACC_BPJS_NA_546,28942467014.95,Belanja Subsidi,Subsidi pangan,0
2023-08-02,ACC_BPS_054_364,ACC_SOS_027_023,15922495507.49,Belanja Barang,Belanja pemeliharaan rutin,0
2023-08-29,ACC_PUPR_033_276,ACC_KEMENKOPUKM_044_604,6907506867.72,Belanja Barang,Penyewaan jasa kebersihan,0
2023-06-25,ACC_BPJS_NA_320,ACC_KEMENHUB_022_286,27391263990.7,Belanja Subsidi,Subsidi pangan,0
2023-12-31,ACC_KEMENKOPUKM_044_753,ACC_KEMENPAREKRAF_040_657,12930635424.22,Belanja Pembayaran Bunga Utang,Pembayaran bunga SBN,0
2023-12-19,ACC_PPATK_078_812,ACC_ESDM_020_928,26788498407.23,Belanja Pembayaran Bunga Utang,Pembayaran bunga SBN,0
2023-04-16,ACC_KEMENHAN_012_770,ACC_KES_024_986,43479501672.56,Belanja Barang,Belanja ATK dan operasional kantor,0
2023-06-23,ACC_KEMENDAG_090_216,ACC_PERT_018_093,6525913008.85,Belanja Lain-lain,Belanja tak terduga,0
2023-03-04,ACC_PPATK_078_541,ACC_KEMENDIKBUD_023_787,21050580280.78,Belanja Lain-lain,Cadangan risiko fiskal,0
2023-03-11,ACC_KEMENAG_025_379,ACC_BRIN_124_279,17678301713.64,Belanja Pegawai,Pembayaran gaji ke-13,0
2023-09-12,ACC_KOMINFO_059_684,ACC_KEMENAG_025_944,22574085360.83,Belanja Lain-lain,Belanja lainnya sesuai ketentuan,0
2023-09-06,ACC_KEMENDIKBUD_023_213,ACC_KEMENAG_025_671,12111433185.27,Belanja Pembayaran Bunga Utang,Pembayaran bunga pinjaman luar negeri,0
2023-04-10,ACC_BPS_054_829,ACC_KES_024_112,37964769408.44,Belanja Subsidi,Subsidi energi,0
2023-07-02,ACC_KEMENPAREKRAF_040_597,ACC_BRIN_124_781,37965326064.91,Belanja Modal,Pembayaran termin proyek resmi,0
2023-03-31,ACC_KEMENDAGRI_010_455,ACC_KEU_015_238,16426451147.34,Belanja Barang,Penyewaan jasa kebersihan,0
2023-04-16,ACC_BRIN_124_402,ACC_SOS_027_842,9414050251.42,Belanja Pegawai,Pembayaran THR,0
2023-06-03,ACC_KEMENHAN_012_839,ACC_KEMENAG_025_519,11884967291.06,Belanja Pembayaran Bunga Utang,Pembayaran bunga SBN,0
2023-09-21,ACC_KEMENDAGRI_010_074,ACC_ESDM_020_416,12676052944.4,Belanja Pembayaran Bunga Utang,Pembayaran bunga SBN,0
2023-12-01,ACC_KES_024_847,ACC_KEMENKOPUKM_044_633,34152912551.33,Belanja Modal,Pengadaan aset TIK,0
2023-11-15,ACC_KEMENKOPUKM_044_392,ACC_KEMENESDM_020_479,7219016608.33,Belanja Lain-lain,Cadangan risiko fiskal,0
2023-10-15,ACC_KEMENPERIN_019_813,ACC_BRIN_124_378,28589916256.66,Belanja Barang,Pengadaan barang operasional,0
2023-09-27,ACC_KEMENDAGRI_010_988,ACC_PUPR_033_971,7980839641.39,Belanja Lain-lain,Belanja operasi non-rutin,0
2023-03-30,ACC_KEMENDAGRI_010_701,ACC_PPATK_078_257,72499112472.08,Belanja Subsidi,Subsidi pupuk,0
2023-09-17,ACC_ESDM_020_728,ACC_KOMINFO_059_279,7688348890.0,Belanja Pegawai,Gaji pegawai bulan berjalan,0
2023-01-30,ACC_KEMENESDM_020_602,ACC_KEMENDAG_090_148,28642061366.09,Belanja Subsidi,Subsidi bunga kredit program,0
2023-10-08,ACC_PUPR_033_279,ACC_PPATK_078_748,2737480780.55,Belanja Modal,Pembayaran termin proyek resmi,0
2023-12-19,ACC_KEMENHUB_022_399,ACC_KEMENPERIN_019_128,2971123066.98,Belanja Pegawai,Pembayaran THR,0
2023-06-21,ACC_KES_024_260,ACC_KEMENLU_011_717,17379213911.16,Belanja Pembayaran Bunga Utang,Pembayaran imbal hasil obligasi,0
2023-02-15,ACC_PERT_018_507,ACC_BPK_004_521,49763858031.99,Belanja Modal,Pengadaan aset TIK,0
2023-04-16,ACC_KES_024_802,ACC_KEU_015_475,5996201300.71,Belanja Pegawai,Tunjangan kinerja triwulan,0
2023-07-11,ACC_PERT_018_153,ACC_KEMENLU_011_823,8660113134.95,Belanja Pembayaran Bunga Utang,Pembayaran kupon SUN,0
2023-01-04,ACC_KEMENDAG_090_491,ACC_KEMENESDM_020_476,17444052457.87,Belanja Subsidi,Subsidi energi,0
2023-01-24,ACC_SOS_027_778,ACC_KEMENDAG_090_741,5191273228.93,Belanja Subsidi,Subsidi pangan,0
2023-10-02,ACC_BPS_054_588,ACC_PPATK_078_308,57823201815.23,Belanja Pembayaran Bunga Utang,Pembayaran imbal hasil obligasi,0
2023-06-07,ACC_BRIN_124_814,ACC_KEMENPERIN_019_204,11297952256.01,Belanja Modal,Pengadaan peralatan dan mesin,0
2023-03-03,ACC_KEMENHAN_012_570,ACC_BRIN_124_786,21261921230.18,Belanja Bantuan Sosial,Transfer bantuan sosial,0
2023-08-17,ACC_KEMENHAN_012_048,ACC_KEMENDIKBUD_023_831,13729669191.32,Belanja Lain-lain,Belanja tak terduga,0
2023-03-28,ACC_KEMENPAREKRAF_040_181,ACC_KEMENKOPUKM_044_025,18415861000.73,Belanja Barang,Belanja pemeliharaan rutin,0
2023-08-10,ACC_KEMENPAREKRAF_040_990,ACC_POLRI_060_397,12079270275.74,Belanja Pegawai,Pembayaran gaji ke-13,0
2023-02-04,ACC_KEMENPERIN_019_217,ACC_BPS_054_721,3695011650.02,Belanja Bantuan Sosial,Transfer bantuan sosial,0
2023-01-07,ACC_BPS_054_269,ACC_KEMENHAN_012_638,17996002981.35,Belanja Subsidi,Subsidi pupuk,0
2023-12-31,ACC_PERT_018_671,ACC_BPS_054_202,21301637035.98,Belanja Modal,Pengadaan aset TIK,0
2023-11-28,ACC_KES_024_288,ACC_PUPR_033_603,68134933665.68,Belanja Modal,Pembangunan infrastruktur jalan,0
2023-07-24,ACC_KEMENDAGRI_010_014,ACC_KEMENKOPUKM_044_940,10199112118.36,Belanja Barang,Belanja ATK dan operasional kantor,0
2023-10-31,ACC_KEMENESDM_020_605,ACC_BRIN_124_427,17709536175.4,Belanja Pegawai,Tunjangan kinerja triwulan,0
2023-03-09,ACC_KEMENPAREKRAF_040_246,ACC_KEMENDIKBUD_023_389,16552313595.3,Belanja Pegawai,Pembayaran gaji ke-13,0
2023-12-18,ACC_KES_024_799,ACC_KEMENDAG_090_066,13285435897.59,Belanja Pegawai,Pembayaran THR,0
2023-02-02,ACC_BPS_054_068,ACC_KES_024_187,9319282477.11,Belanja Pegawai,Pembayaran THR,0
2023-03-29,ACC_KEMENDAG_090_428,ACC_ESDM_020_351,16904904445.46,Belanja Pembayaran Bunga Utang,Pembayaran bunga pinjaman luar negeri,0
2023-02-18,ACC_BRIN_124_881,ACC_KEMENDAG_090_626,8891072409.39,Belanja Modal,Pengadaan peralatan dan mesin,0
2023-01-25,ACC_KEMENDIKBUD_023_644,ACC_BPS_054_179,62795564628.77,Belanja Barang,Penyewaan jasa kebersihan,0
2023-11-21,ACC_KEMENAG_025_084,ACC_PUPR_033_669,8842514439.97,Belanja Pegawai,Pembayaran gaji ke-13,0
2023-09-10,ACC_KES_024_887,ACC_PUPR_033_072,59063195164.93,Belanja Subsidi,Subsidi pupuk,0
2023-03-02,ACC_SOS_027_924,ACC_KEMENDIKBUD_023_471,3103889660.57,Belanja Pegawai,Pembayaran THR,0
2023-01-07,ACC_BPS_054_188,ACC_SOS_027_004,39024686629.25,Belanja Barang,Belanja pemeliharaan rutin,0
2023-01-13,ACC_BRIN_124_630,ACC_PPATK_078_240,16692141213.88,Belanja Pegawai,Pembayaran gaji ke-13,0
2023-01-06,ACC_POLRI_060_952,ACC_KEMENHAN_012_320,13081882192.42,Belanja Pegawai,Honorarium kegiatan resmi,0
2023-04-28,ACC_KEMENAG_025_852,ACC_KES_024_935,12874557419.32,Belanja Barang,Belanja internet dan komunikasi,0
2023-07-12,ACC_KEU_015_399,ACC_SOS_027_346,23755072130.24,Belanja Pembayaran Bunga Utang,Pembayaran kupon SUN,0
2023-09-01,ACC_PERT_018_581,ACC_KEMENLU_011_607,16283171382.32,Belanja Pembayaran Bunga Utang,Pembayaran bunga SBN,0
2023-06-20,ACC_KES_024_513,ACC_BPS_054_406,18118376309.46,Belanja Lain-lain,Cadangan risiko fiskal,0
2023-01-01,ACC_KEMENDAGRI_010_747,ACC_KEMENAG_025_905,32142740499.78,Belanja Subsidi,Subsidi pangan,0
2023-04-17,ACC_BRIN_124_173,ACC_KEMENKOPUKM_044_506,8034894793.59,Belanja Pegawai,Pembayaran gaji ke-13,0
2023-01-16,ACC_POLRI_060_639,ACC_KEMENDAGRI_010_885,25235364186.82,Belanja Lain-lain,Belanja tak terduga,0
2023-07-22,ACC_KOMINFO_059_134,ACC_PERT_018_771,5301193911.36,Belanja Lain-lain,Belanja lainnya sesuai ketentuan,0
2023-12-08,ACC_PPATK_078_707,ACC_KEMENPERIN_019_626,16867977934.82,Belanja Pembayaran Bunga Utang,Pembayaran imbal hasil obligasi,0
2023-09-11,ACC_BRIN_124_984,ACC_SOS_027_897,15663378833.39,Belanja Modal,Pengadaan aset TIK,0
2023-01-30,ACC_KEMENHUB_022_096,ACC_KEU_015_215,20987808014.08,Belanja Lain-lain,Belanja lainnya sesuai ketentuan,0
2023-10-17,ACC_KEMENLU_011_544,ACC_SOS_027_885,8962736577.69,Belanja Barang,Pengadaan barang operasional,0
2023-12-03,ACC_PERT_018_496,ACC_KEMENESDM_020_771,63972349592.31,Belanja Modal,Pengadaan aset TIK,0
2023-11-15,ACC_KEMENKOPUKM_044_879,ACC_BPJS_NA_808,40979442697.51,Belanja Subsidi,Subsidi pangan,0
2023-10-29,ACC_BRIN_124_823,ACC_PPATK_078_942,34699073571.97,Belanja Barang,Belanja internet dan komunikasi,0
2023-12-29,ACC_PPATK_078_996,ACC_KEMENPAREKRAF_040_794,41728541914.72,Belanja Subsidi,Subsidi bunga kredit program,1
2023-03-14,ACC_KEMENPERIN_019_115,ACC_KEMENHAN_012_051,4217030146.53,Belanja Pegawai,Pembayaran THR,0
2023-06-20,ACC_KEMENDAG_090_780,ACC_KES_024_515,12120692342.16,Belanja Pegawai,Tunjangan kinerja triwulan,0
2023-12-04,ACC_ESDM_020_813,ACC_KEU_015_895,8118470377.35,Belanja Lain-lain,Belanja tak terduga,0
2023-06-16,ACC_SOS_027_435,ACC_KEU_015_777,38093870544.8,Belanja Modal,Pengadaan peralatan dan mesin,0
2023-08-30,ACC_KEU_015_360,ACC_KOMINFO_059_329,16651496425.82,Belanja Modal,Pengadaan aset TIK,0
2023-07-01,ACC_KEMENESDM_020_490,ACC_ESDM_020_209,21123002511.01,Belanja Pembayaran Bunga Utang,Pembayaran bunga pinjaman luar negeri,0
2023-06-10,ACC_BPS_054_149,ACC_KEMENESDM_020_117,15429087247.08,Belanja Pembayaran Bunga Utang,Pembayaran bunga pinjaman luar negeri,0
2023-10-29,ACC_KES_024_045,ACC_KEMENDAG_090_777,13375799453.89,Belanja Pembayaran Bunga Utang,Pembayaran kupon SUN,0
2023-02-04,ACC_ESDM_020_850,ACC_KEMENPAREKRAF_040_949,10782550133.42,Belanja Pembayaran Bunga Utang,Pembayaran kupon SUN,0
2023-01-25,ACC_KEU_015_395,ACC_SOS_027_714,31567294798.76,Belanja Barang,Belanja ATK dan operasional kantor,0
2023-01-18,ACC_ESDM_020_188,ACC_PPATK_078_402,9733382169.49,Belanja Lain-lain,Belanja operasi non-rutin,0
2023-05-16,ACC_KEMENPAREKRAF_040_962,ACC_KEU_015_819,7946174354.53,Belanja Lain-lain,Belanja operasi non-rutin,0
2023-12-07,ACC_KEMENAG_025_810,ACC_BPK_004_257,30465964821.38,Belanja Pembayaran Bunga Utang,Pembayaran bunga pinjaman luar negeri,0
2023-02-23,ACC_KEMENDAG_090_687,ACC_KEMENAG_025_100,7778782977.86,Belanja Lain-lain,Belanja operasi non-rutin,0
2023-08-07,ACC_PUPR_033_906,ACC_KEMENDAGRI_010_910,14022505243.33,Belanja Barang,Pembayaran imbal hasil obligasi,1
2023-09-01,ACC_SOS_027_886,ACC_KEMENESDM_020_587,6885901314.57,Belanja Bantuan Sosial,Bantuan program keluarga harapan,0
2023-12-10,ACC_BPS_054_466,ACC_KEMENPAREKRAF_040_099,26188981445.27,Belanja Modal,Pembangunan infrastruktur jalan,0
2023-12-29,ACC_KEMENPERIN_019_997,ACC_PPATK_078_083,15292094660.94,Belanja Barang,Belanja internet dan komunikasi,0
2023-03-09,ACC_KEMENDAG_090_185,ACC_PUPR_033_522,87611855387.83,Belanja Pembayaran Bunga Utang,Pembayaran kupon SUN,0
2023-08-13,ACC_KEMENLU_011_635,ACC_KEMENPAREKRAF_040_038,8697973479.08,Belanja Barang,Belanja internet dan komunikasi,0
2023-11-17,ACC_KEMENAG_025_994,ACC_PPATK_078_067,21684356679.17,Belanja Barang,Belanja internet dan komunikasi,0
2023-12-28,ACC_BRIN_124_394,ACC_KEMENPAREKRAF_040_652,22446177234.98,Belanja Pegawai,Tunjangan kinerja triwulan,1
2023-03-10,ACC_BPJS_NA_345,ACC_PUPR_033_762,16494792617.38,Belanja Pembayaran Bunga Utang,Pembayaran bunga SBN,0
2023-03-13,ACC_BPS_054_529,ACC_KEMENAG_025_841,4322004574.84,Belanja Lain-lain,Cadangan risiko fiskal,0
2023-09-20,ACC_KEMENHUB_022_111,ACC_KES_024_999,10320623747.82,Belanja Barang,Penyewaan jasa kebersihan,0
2023-01-08,ACC_KEMENESDM_020_969,ACC_BPS_054_796,1833019422.37,Belanja Subsidi,Subsidi pangan,0
2023-08-30,ACC_SOS_027_522,ACC_KEMENPAREKRAF_040_370,8727123458.95,Belanja Pegawai,Pembayaran gaji ke-13,0
2023-05-11,ACC_KEMENESDM_020_270,ACC_KEMENHAN_012_940,10750176505.5,Belanja Pembayaran Bunga Utang,Pembayaran kupon SUN,0
2023-09-03,ACC_BPJS_NA_133,ACC_BPS_054_244,5369349865.53,Belanja Subsidi,Pembayaran subsidi,0
2023-02-07,ACC_PERT_018_871,ACC_KEMENDAG_090_568,47704404562.42,Belanja Pembayaran Bunga Utang,Pembayaran bunga pinjaman luar negeri,0
2023-02-28,ACC_KEMENPAREKRAF_040_589,ACC_KEMENHAN_012_940,31427014772.66,Belanja Barang,Belanja pemeliharaan rutin,0
2023-02-24,ACC_BPK_004_567,ACC_KEMENDIKBUD_023_129,12199657519.57,Belanja Pegawai,Tunjangan kinerja triwulan,0
2023-04-25,ACC_KEMENAG_025_437,ACC_BRIN_124_826,13716363208.27,Belanja Pegawai,Honorarium kegiatan resmi,0
2023-03-08,ACC_KEMENPERIN_019_787,ACC_BPJS_NA_129,15140793753.65,Belanja Modal,Pengadaan aset TIK,0
2023-05-31,ACC_ESDM_020_133,ACC_KEMENDAG_090_327,20678072372.61,Belanja Pembayaran Bunga Utang,Pembayaran kupon SUN,0
2023-05-14,ACC_BPS_054_689,ACC_BRIN_124_534,79012654029.75,Belanja Barang,Penyewaan jasa kebersihan,0
2023-06-14,ACC_KEMENPAREKRAF_040_927,ACC_PERT_018_933,12519167037.5,Belanja Pembayaran Bunga Utang,Pembayaran bunga pinjaman luar negeri,0
2023-08-06,ACC_KEMENDAG_090_747,ACC_BPJS_NA_648,3917548536.29,Belanja Barang,Pengadaan barang operasional,0
2023-09-02,ACC_BRIN_124_872,ACC_KEMENPAREKRAF_040_081,29304604702.99,Belanja Modal,Pengadaan peralatan dan mesin,0
2023-05-17,ACC_PERT_018_386,ACC_KOMINFO_059_575,5268254664.54,Belanja Pegawai,Tunjangan kinerja triwulan,0
2023-01-03,ACC_KEMENPERIN_019_819,ACC_KEMENPAREKRAF_040_755,21937092434.66,Belanja Barang,Pengadaan barang operasional,0
2023-01-10,ACC_BPS_054_573,ACC_KEMENPAREKRAF_040_562,4486095852.29,Belanja Bantuan Sosial,Bantuan pangan nontunai,0
2023-02-07,ACC_BPK_004_702,ACC_KOMINFO_059_591,13466559064.03,Belanja Pegawai,Pembayaran gaji ke-13,0
2023-12-04,ACC_PUPR_033_961,ACC_KEU_015_702,30864229098.83,Belanja Pegawai,Honorarium kegiatan resmi,0
2023-11-12,ACC_POLRI_060_497,ACC_KEMENHAN_012_808,9264829803.99,Belanja Barang,Belanja ATK dan operasional kantor,0
2023-02-10,ACC_PERT_018_908,ACC_KEMENDIKBUD_023_989,3647387368.39,Belanja Pembayaran Bunga Utang,Pembayaran bunga SBN,0
2023-12-15,ACC_KES_024_139,ACC_KEMENDAGRI_010_828,9253068515.31,Belanja Lain-lain,Belanja operasi non-rutin,0
2023-10-29,ACC_SOS_027_294,ACC_KEMENPERIN_019_957,14466036909.84,Belanja Pembayaran Bunga Utang,Pembayaran bunga pinjaman luar negeri,0
2023-08-20,ACC_SOS_027_959,ACC_KEMENHUB_022_825,12981927708.53,Belanja Barang,Belanja ATK dan operasional kantor,0
2023-11-17,ACC_KEMENPAREKRAF_040_615,ACC_POLRI_060_277,15221314386.85,Belanja Pembayaran Bunga Utang,Pembayaran imbal hasil obligasi,0
2023-07-01,ACC_KEMENHAN_012_366,ACC_PUPR_033_516,23829448157.98,Belanja Pembayaran Bunga Utang,Pembayaran imbal hasil obligasi,0
2023-08-05,ACC_ESDM_020_396,ACC_BPJS_NA_209,44265608565.77,Belanja Pembayaran Bunga Utang,Pembayaran bunga SBN,0
2023-04-03,ACC_BPJS_NA_460,ACC_PUPR_033_577,14890860470.19,Belanja Modal,Pengadaan aset TIK,0
2023-10-30,ACC_KEMENKOPUKM_044_322,ACC_SOS_027_817,11166871343.76,Belanja Pegawai,Gaji pegawai bulan berjalan,0
2023-04-17,ACC_KEMENPERIN_019_390,ACC_SOS_027_760,10902568712.07,Belanja Pegawai,Pembayaran gaji ke-13,0
2023-03-12,ACC_PUPR_033_664,ACC_KEMENDIKBUD_023_969,17947913237.46,Belanja Bantuan Sosial,Transfer bantuan sosial,0
2023-05-23,ACC_PERT_018_419,ACC_KEMENESDM_020_548,14721387491.94,Belanja Pembayaran Bunga Utang,Pembayaran bunga SBN,0
2023-06-16,ACC_KOMINFO_059_748,ACC_KEMENHAN_012_260,3228598889.1,Belanja Pembayaran Bunga Utang,Pembayaran bunga pinjaman luar negeri,0
2023-04-20,ACC_PPATK_078_099,ACC_KEMENDAG_090_241,11199088223.66,Belanja Pembayaran Bunga Utang,Pembayaran kupon SUN,0
2023-05-02,ACC_KEMENDIKBUD_023_509,ACC_KEMENPAREKRAF_040_629,49070796607.9,Belanja Modal,Pembayaran termin proyek resmi,0
2023-05-27,ACC_ESDM_020_332,ACC_KEMENESDM_020_856,12774957024.09,Belanja Bantuan Sosial,Bantuan pangan nontunai,0
2023-12-13,ACC_KEMENDAGRI_010_816,ACC_ESDM_020_414,55110971713.5,Belanja Barang,Pengadaan barang operasional,0
2023-12-20,ACC_KOMINFO_059_923,ACC_KEMENKOPUKM_044_084,24525981510.65,Belanja Barang,Belanja pemeliharaan rutin,0
2023-12-18,ACC_KEU_015_836,ACC_BPK_004_773,17062371283.13,Belanja Barang,Belanja pemeliharaan rutin,0
2023-10-29,ACC_KEMENDAGRI_010_542,ACC_KEMENDAG_090_126,88133177586.95,Belanja Subsidi,Subsidi pupuk,0
2023-03-20,ACC_PERT_018_389,ACC_KES_024_579,35572534423.58,Belanja Pembayaran Bunga Utang,Pembayaran imbal hasil obligasi,0
2023-03-23,ACC_KEMENHAN_012_537,ACC_BPJS_NA_776,40083563368.53,Belanja Modal,Pengadaan aset TIK,0
2023-01-02,ACC_KEMENHAN_012_278,ACC_KEMENESDM_020_840,10134700782.5,Belanja Lain-lain,Belanja tak terduga,0
2023-01-19,ACC_ESDM_020_640,ACC_KEMENDIKBUD_023_343,16038568682.57,Belanja Pembayaran Bunga Utang,Pembayaran kupon SUN,0
2023-08-09,ACC_BPK_004_343,ACC_ESDM_020_097,8877947392.62,Belanja Lain-lain,Belanja operasi non-rutin,0
2023-03-04,ACC_BPS_054_760,ACC_KEMENKOPUKM_044_743,6368063292.68,Belanja Lain-lain,Cadangan risiko fiskal,0
2023-01-19,ACC_KEU_015_031,ACC_KEMENKOPUKM_044_845,14397427938.04,Belanja Pembayaran Bunga Utang,Pembayaran bunga pinjaman luar negeri,0
2023-06-10,ACC_KEU_015_255,ACC_BPJS_NA_571,7911428326.57,Belanja Pembayaran Bunga Utang,Pembayaran bunga SBN,0
2023-06-09,ACC_KES_024_955,ACC_KEMENDAGRI_010_220,4512678904.12,Belanja Pegawai,Honorarium kegiatan resmi,0
2023-02-26,ACC_KEMENLU_011_042,ACC_PERT_018_866,8948887825.39,Belanja Pegawai,Pembayaran THR,0
2023-12-28,ACC_PUPR_033_002,ACC_KEMENLU_011_979,20590454718.89,Belanja Pembayaran Bunga Utang,Pembayaran bunga SBN,1
2023-08-06,ACC_BRIN_124_222,ACC_KEMENESDM_020_331,17901433315.55,Belanja Modal,Pengadaan peralatan dan mesin,0
2023-05-07,ACC_KEMENAG_025_265,ACC_PUPR_033_712,40579447379.55,Belanja Barang,Belanja internet dan komunikasi,0
2023-08-21,ACC_KEMENDAG_090_493,ACC_BPS_054_319,25549566591.16,Belanja Modal,Pengadaan aset TIK,0
2023-10-04,ACC_BRIN_124_773,ACC_BPJS_NA_893,9763759096.88,Belanja Bantuan Sosial,Bantuan sosial kebencanaan,0
2023-07-09,ACC_KEMENDAG_090_884,ACC_PPATK_078_419,4616183021.15,Belanja Lain-lain,Cadangan risiko fiskal,0
2023-10-04,ACC_KEMENHAN_012_848,ACC_KEU_015_495,21087959624.48,Belanja Pembayaran Bunga Utang,Pembayaran imbal hasil obligasi,0
2023-09-19,ACC_KEMENDIKBUD_023_962,ACC_KEMENPERIN_019_728,14826691283.7,Belanja Barang,Belanja ATK dan operasional kantor,0
2023-04-02,ACC_BPJS_NA_129,ACC_KEMENLU_011_833,178909803760.36,Belanja Modal,Pengadaan aset TIK,0
2023-03-15,ACC_KEMENESDM_020_460,ACC_KOMINFO_059_425,27024163369.84,Belanja Modal,Pembangunan infrastruktur jalan,0
2023-07-08,ACC_KEMENPERIN_019_012,ACC_KEMENESDM_020_239,25178923793.44,Belanja Subsidi,Subsidi pangan,0
2023-04-29,ACC_BPJS_NA_577,ACC_KEMENHAN_012_315,128417860915.16,Belanja Subsidi,Subsidi pangan,0
2023-02-05,ACC_KOMINFO_059_463,ACC_KEMENDAG_090_764,72544664570.67,Belanja Barang,Pengadaan barang operasional,0
2023-02-08,ACC_PUPR_033_581,ACC_KEMENHUB_022_180,50061540109.23,Belanja Barang,Penyewaan jasa kebersihan,0
2023-07-23,ACC_KEMENLU_011_548,ACC_PPATK_078_126,29582265073.76,Belanja Pembayaran Bunga Utang,Pembayaran bunga pinjaman luar negeri,0
2023-02-18,ACC_KEMENDIKBUD_023_658,ACC_KEMENHUB_022_637,12218457264.3,Belanja Lain-lain,Cadangan risiko fiskal,0
2023-12-15,ACC_KOMINFO_059_109,ACC_KES_024_517,9092402466.22,Belanja Pembayaran Bunga Utang,Pembayaran imbal hasil obligasi,0
2023-01-10,ACC_KEMENDIKBUD_023_677,ACC_KEMENDAGRI_010_481,31851144330.57,Belanja Pegawai,Tunjangan kinerja triwulan,0
2023-05-06,ACC_KEU_015_267,ACC_KEMENHUB_022_792,13654657906.04,Belanja Pembayaran Bunga Utang,Pembayaran imbal hasil obligasi,0
2023-08-28,ACC_BPK_004_943,ACC_KEMENDAG_090_911,3541386153.15,Belanja Lain-lain,Belanja operasi non-rutin,0
2023-08-20,ACC_KEMENDIKBUD_023_242,ACC_SOS_027_702,19224130078.41,Belanja Barang,Pengadaan barang operasional,0
2023-10-06,ACC_KEMENHAN_012_781,ACC_POLRI_060_209,19036972695.47,Belanja Barang,Belanja internet dan komunikasi,0
2023-10-24,ACC_KEMENHAN_012_986,ACC_SOS_027_220,38908555320.04,Belanja Pembayaran Bunga Utang,Belanja ATK dan operasional kantor,1
2023-12-01,ACC_KEMENESDM_020_422,ACC_SOS_027_918,35196053718.17,Belanja Modal,Pengadaan aset TIK,0
2023-06-27,ACC_KEMENDAG_090_608,ACC_KEMENAG_025_315,13692368480.21,Belanja Pembayaran Bunga Utang,Pembayaran bunga SBN,0
2023-08-30,ACC_KEMENKOPUKM_044_238,ACC_KEMENDAGRI_010_131,8767517021.2,Belanja Pegawai,Tunjangan kinerja triwulan,0
2023-04-01,ACC_PPATK_078_645,ACC_KEMENAG_025_123,3679757589.67,Belanja Lain-lain,Belanja tak terduga,0
2023-07-17,ACC_KEMENHAN_012_282,ACC_KEMENDAG_090_886,6496325513.32,Belanja Lain-lain,Cadangan risiko fiskal,0
2023-09-20,ACC_BRIN_124_932,ACC_BPJS_NA_332,28929714987.12,Belanja Barang,Belanja internet dan komunikasi,0
2023-10-12,ACC_BRIN_124_095,ACC_ESDM_020_786,36382068937.07,Belanja Pembayaran Bunga Utang,Bantuan program keluarga harapan,1
2023-09-03,ACC_KEMENDIKBUD_023_644,ACC_PPATK_078_961,40235126919.37,Belanja Pembayaran Bunga Utang,Pembayaran bunga pinjaman luar negeri,0
2023-07-26,ACC_SOS_027_946,ACC_KEMENDAGRI_010_231,5398335035.3,Belanja Barang,Belanja internet dan komunikasi,0
2023-03-21,ACC_KEMENAG_025_130,ACC_KOMINFO_059_292,7046304785.52,Belanja Bantuan Sosial,Bantuan pangan nontunai,0
2023-03-07,ACC_KEMENKOPUKM_044_739,ACC_SOS_027_026,20579855363.92,Belanja Modal,Pengadaan peralatan dan mesin,0
2023-07-16,ACC_BPJS_NA_642,ACC_BPS_054_243,10977410565.34,Belanja Barang,Belanja pemeliharaan rutin,0
2023-02-25,ACC_KES_024_567,ACC_PUPR_033_276,11938683944.11,Belanja Pembayaran Bunga Utang,Pembayaran kupon SUN,0
2023-12-06,ACC_ESDM_020_153,ACC_KEMENPAREKRAF_040_565,13091611291.47,Belanja Lain-lain,Belanja tak terduga,0
2023-07-23,ACC_KEMENKOPUKM_044_112,ACC_KES_024_325,111382581325.69,Belanja Subsidi,Subsidi bunga kredit program,0
2023-01-16,ACC_BRIN_124_951,ACC_KEMENDIKBUD_023_350,19023277918.61,Belanja Pembayaran Bunga Utang,Pembayaran kupon SUN,0
2023-06-07,ACC_KEMENAG_025_933,ACC_KEMENHUB_022_249,13387020390.94,Belanja Pembayaran Bunga Utang,Pembayaran kupon SUN,0
2023-07-10,ACC_POLRI_060_999,ACC_KEMENAG_025_651,25846199420.77,Belanja Barang,Belanja pemeliharaan rutin,0
2023-07-02,ACC_KEMENESDM_020_695,ACC_BPS_054_004,25324715972.13,Belanja Modal,Pengadaan aset TIK,0
2023-11-13,ACC_BPJS_NA_111,ACC_KEMENPAREKRAF_040_334,12935782817.67,Belanja Bantuan Sosial,Bantuan program keluarga harapan,0
2023-06-21,ACC_PERT_018_799,ACC_ESDM_020_119,15130890600.18,Belanja Pembayaran Bunga Utang,Pembayaran bunga pinjaman luar negeri,0
2023-06-24,ACC_KEMENPAREKRAF_040_542,ACC_BPJS_NA_055,9483269672.63,Belanja Pegawai,Pembayaran THR,0
2023-08-07,ACC_ESDM_020_208,ACC_BPJS_NA_670,13338021964.14,Belanja Barang,Belanja internet dan komunikasi,0
2023-03-26,ACC_KEMENDIKBUD_023_685,ACC_SOS_027_245,11914730120.62,Belanja Pegawai,Tunjangan kinerja triwulan,0
2023-10-15,ACC_KEMENKOPUKM_044_774,ACC_KEMENPAREKRAF_040_350,22216262784.24,Belanja Pembayaran Bunga Utang,Pembayaran bunga SBN,0
2023-09-26,ACC_PPATK_078_861,ACC_PERT_018_197,35842778130.51,Belanja Modal,Pembangunan infrastruktur jalan,0
2023-11-24,ACC_KEMENHAN_012_956,ACC_SOS_027_713,34157851037.02,Belanja Pembayaran Bunga Utang,Pembayaran kupon SUN,0
2023-07-08,ACC_SOS_027_980,ACC_KEMENHAN_012_975,23004321559.18,Belanja Pembayaran Bunga Utang,Pembayaran imbal hasil obligasi,0
2023-01-11,ACC_PUPR_033_539,ACC_KEMENDIKBUD_023_862,31579278310.38,Belanja Barang,Belanja ATK dan operasional kantor,0
2023-02-07,ACC_SOS_027_445,ACC_KEMENHAN_012_087,113764291762.79,Belanja Subsidi,Subsidi bunga kredit program,0
2023-11-04,ACC_KEMENHAN_012_286,ACC_KEMENDAG_090_698,15103405078.65,Belanja Pembayaran Bunga Utang,Pembayaran imbal hasil obligasi,0
2023-05-23,ACC_KEMENPAREKRAF_040_422,ACC_KEU_015_718,25694564387.59,Belanja Barang,Belanja ATK dan operasional kantor,0
2023-03-13,ACC_ESDM_020_915,ACC_KEMENAG_025_288,13968726281.49,Belanja Pembayaran Bunga Utang,Pembayaran kupon SUN,0
2023-02-10,ACC_PUPR_033_331,ACC_KEMENDAG_090_813,149465382360.91,Belanja Pembayaran Bunga Utang,Pembayaran imbal hasil obligasi,0
2023-06-28,ACC_KOMINFO_059_933,ACC_PERT_018_752,5767540653.96,Belanja Pegawai,Pembayaran THR,0
2023-08-12,ACC_KEU_015_180,ACC_SOS_027_182,12007018817.38,Belanja Lain-lain,Cadangan risiko fiskal,0
2023-04-30,ACC_KES_024_387,ACC_PUPR_033_408,8120454181.57,Belanja Barang,Belanja pemeliharaan rutin,0
2023-03-13,ACC_KEMENPAREKRAF_040_691,ACC_KEMENAG_025_170,11071388767.37,Belanja Pembayaran Bunga Utang,Pembayaran imbal hasil obligasi,0
2023-03-23,ACC_KEMENAG_025_057,ACC_KEMENKOPUKM_044_519,23567248760.62,Belanja Modal,Pembangunan/rehabilitasi gedung,0
2023-02-17,ACC_KEMENLU_011_592,ACC_KEMENPAREKRAF_040_887,10518391373.64,Belanja Pembayaran Bunga Utang,Pembayaran bunga pinjaman luar negeri,0
2023-01-03,ACC_ESDM_020_486,ACC_KEMENDIKBUD_023_516,14349246456.11,Belanja Subsidi,Subsidi pangan,0
2023-02-11,ACC_KEMENKOPUKM_044_009,ACC_BRIN_124_819,107648418142.81,Belanja Modal,Pengadaan aset TIK,0
2023-08-04,ACC_ESDM_020_606,ACC_PPATK_078_520,14207882324.07,Belanja Pembayaran Bunga Utang,Pembayaran imbal hasil obligasi,0
2023-05-18,ACC_KES_024_881,ACC_KEMENPERIN_019_413,35279491459.25,Belanja Subsidi,Subsidi pupuk,0
2023-09-22,ACC_BPS_054_660,ACC_KEMENLU_011_184,21727080601.41,Belanja Pembayaran Bunga Utang,Pembayaran bunga pinjaman luar negeri,0
2023-02-05,ACC_KEMENLU_011_246,ACC_KEMENLU_011_246,34417744487.34,Belanja Barang,Belanja internet dan komunikasi,1
2023-07-30,ACC_PUPR_033_072,ACC_BRIN_124_875,10854836973.46,Belanja Modal,Pengadaan aset TIK,0
2023-03-25,ACC_PPATK_078_740,ACC_POLRI_060_299,20063145232.63,Belanja Pembayaran Bunga Utang,Pembayaran bunga SBN,0
2023-08-09,ACC_PERT_018_216,ACC_BPJS_NA_231,40791679609.87,Belanja Subsidi,Pembayaran subsidi,0
2023-11-25,ACC_KEMENAG_025_426,ACC_KEMENESDM_020_554,9643865202.53,Belanja Subsidi,Subsidi bunga kredit program,0
2023-11-16,ACC_KEMENHUB_022_922,ACC_KEMENESDM_020_160,8739511264.37,Belanja Pembayaran Bunga Utang,Pembayaran bunga SBN,0
2023-04-29,ACC_KEMENESDM_020_949,ACC_KEMENHUB_022_161,3389759021.51,Belanja Pegawai,Gaji pegawai bulan berjalan,0
2023-03-30,ACC_KOMINFO_059_735,ACC_KEMENPERIN_019_778,12265846635.23,Belanja Lain-lain,Belanja lainnya sesuai ketentuan,0
2023-02-03,ACC_KEMENAG_025_371,ACC_KEMENDIKBUD_023_451,16587981699.23,Belanja Barang,Belanja ATK dan operasional kantor,0
2023-05-30,ACC_KEMENPAREKRAF_040_468,ACC_KEMENDIKBUD_023_966,40963617764.66,Belanja Pembayaran Bunga Utang,Pembayaran bunga SBN,0
2023-01-29,ACC_SOS_027_874,ACC_BRIN_124_632,37248654131.43,Belanja Bantuan Sosial,Bantuan sosial kebencanaan,0
2023-09-11,ACC_PERT_018_642,ACC_KEU_015_524,6809410322.2,Belanja Pegawai,Honorarium kegiatan resmi,0
2023-09-05,ACC_KOMINFO_059_110,ACC_BPK_004_328,23953403092.44,Belanja Subsidi,Hibah uang kepada lembaga,1
2023-02-17,ACC_KEMENKOPUKM_044_399,ACC_KES_024_583,45555780358.15,Belanja Subsidi,Subsidi pupuk,0
2023-05-14,ACC_KEMENPERIN_019_239,ACC_KEMENDAGRI_010_465,6321188013.34,Belanja Bantuan Sosial,Bantuan program keluarga harapan,0
2023-04-20,ACC_KEMENAG_025_271,ACC_PUPR_033_380,5079176645.09,Belanja Lain-lain,Belanja operasi non-rutin,0
2023-08-08,ACC_KEU_015_742,ACC_KEMENDAGRI_010_764,32760394736.84,Belanja Subsidi,Subsidi pangan,0
2023-10-28,ACC_PERT_018_724,ACC_BPS_054_584,43190817206.52,Belanja Subsidi,Pembayaran subsidi,0
2023-10-02,ACC_KEMENDIKBUD_023_761,ACC_KEMENDAGRI_010_528,30299716915.99,Belanja Lain-lain,Belanja operasi non-rutin,0
2023-01-18,ACC_POLRI_060_931,ACC_KES_024_043,25871200293.64,Belanja Barang,Pengadaan barang operasional,0
2023-08-20,ACC_SOS_027_731,ACC_KEMENHUB_022_571,17186328611.55,Belanja Pegawai,Tunjangan kinerja triwulan,0
2023-07-21,ACC_KEMENDAG_090_207,ACC_ESDM_020_415,5479314659.05,Belanja Pembayaran Bunga Utang,Pembayaran bunga pinjaman luar negeri,0
2023-09-03,ACC_POLRI_060_081,ACC_KES_024_763,5837955529.79,Belanja Pegawai,Tunjangan kinerja triwulan,0
2023-12-12,ACC_KEMENDAG_090_204,ACC_BPS_054_025,16397783781.18,Belanja Pegawai,Tunjangan kinerja triwulan,0
2023-03-10,ACC_PUPR_033_516,ACC_KEMENPERIN_019_492,35703496819.31,Belanja Pembayaran Bunga Utang,Pembayaran imbal hasil obligasi,0
2023-07-14,ACC_PERT_018_602,ACC_KEU_015_690,14765639091.61,Belanja Lain-lain,Belanja lainnya sesuai ketentuan,0
2023-07-21,ACC_KEMENDAG_090_322,ACC_KEMENLU_011_344,16835915090.33,Belanja Barang,Pengadaan barang operasional,0
2023-04-15,ACC_KEMENDAGRI_010_787,ACC_ESDM_020_322,31295634004.19,Belanja Barang,Belanja pemeliharaan rutin,0
2023-01-15,ACC_KEMENDAGRI_010_504,ACC_POLRI_060_085,6039482313.82,Belanja Modal,Pengadaan aset TIK,0
2023-01-06,ACC_SOS_027_494,ACC_PUPR_033_893,18848942523.38,Belanja Lain-lain,Belanja tak terduga,0
2023-05-25,ACC_BPK_004_878,ACC_KEMENPERIN_019_554,63401944665.63,Belanja Subsidi,Subsidi pupuk,0
2023-12-01,ACC_BPK_004_607,ACC_KEMENPAREKRAF_040_217,14585709718.35,Belanja Pembayaran Bunga Utang,Pembayaran kupon SUN,0
2023-06-29,ACC_SOS_027_675,ACC_POLRI_060_631,6644612385.24,Belanja Pegawai,Gaji pegawai bulan berjalan,0
2023-05-22,ACC_KEMENDAGRI_010_634,ACC_KEMENKOPUKM_044_285,38120050896.36,Belanja Subsidi,Subsidi pupuk,0
2023-12-26,ACC_BPS_054_769,ACC_KES_024_797,30853687933.49,Belanja Barang,Belanja pemeliharaan rutin,0
2023-08-12,ACC_KEU_015_124,ACC_BPS_054_948,30879025314.39,Belanja Subsidi,Subsidi energi,0
2023-01-12,ACC_KEU_015_052,ACC_POLRI_060_129,4888578000.3,Belanja Pembayaran Bunga Utang,Pembayaran bunga SBN,0
2023-09-30,ACC_BPK_004_187,ACC_KEMENHUB_022_003,18654897040.89,Belanja Barang,Belanja ATK dan operasional kantor,0
2023-06-15,ACC_KEMENDAG_090_310,ACC_KEMENAG_025_875,7789461330.56,Belanja Pegawai,Pembayaran THR,0
2023-06-07,ACC_KEMENKOPUKM_044_663,ACC_KES_024_725,22709026550.38,Belanja Barang,Belanja internet dan komunikasi,0
2023-09-03,ACC_KOMINFO_059_303,ACC_ESDM_020_405,5936170699.64,Belanja Pegawai,Honorarium kegiatan resmi,0
2023-01-17,ACC_KEMENHUB_022_051,ACC_PERT_018_447,11514527013.85,Belanja Pegawai,Tunjangan kinerja triwulan,0
2023-03-24,ACC_KEMENHUB_022_818,ACC_BPS_054_636,3450812615.01,Belanja Lain-lain,Belanja operasi non-rutin,0
2023-05-09,ACC_PUPR_033_397,ACC_KEU_015_683,15229584708.96,Belanja Pembayaran Bunga Utang,Pembayaran kupon SUN,0
2023-11-10,ACC_KEMENPERIN_019_857,ACC_KEMENDAG_090_097,147282015102.67,Belanja Modal,Pengadaan peralatan dan mesin,0
2023-07-03,ACC_KEU_015_950,ACC_PUPR_033_215,8231860117.12,Belanja Pegawai,Pembayaran THR,0
2023-01-29,ACC_POLRI_060_102,ACC_KEMENPERIN_019_123,19358421733.67,Belanja Pembayaran Bunga Utang,Pembayaran imbal hasil obligasi,0
2023-04-24,ACC_BRIN_124_855,ACC_KEMENLU_011_543,5507103280.2,Belanja Modal,Pembangunan/rehabilitasi gedung,0
2023-12-27,ACC_KEMENESDM_020_293,ACC_KOMINFO_059_195,34965285615.67,Belanja Modal,Pembangunan infrastruktur jalan,1
2023-08-12,ACC_KEMENDIKBUD_023_023,ACC_KEMENDAG_090_657,12941292976.83,Belanja Pegawai,Gaji pegawai bulan berjalan,0
2023-10-27,ACC_PERT_018_553,ACC_PPATK_078_399,2161962262.93,Belanja Barang,Belanja internet dan komunikasi,0
2023-05-31,ACC_KEMENAG_025_428,ACC_KES_024_621,7987647420.27,Belanja Barang,Penyewaan jasa kebersihan,0
2023-12-31,ACC_KES_024_607,ACC_KES_024_607,8269363960.42,Belanja Pegawai,Gaji pegawai bulan berjalan,1
2023-10-01,ACC_ESDM_020_155,ACC_PPATK_078_691,22531310445.01,Belanja Barang,Belanja internet dan komunikasi,0
2023-03-15,ACC_POLRI_060_049,ACC_BPS_054_783,23664758441.69,Belanja Modal,Pengadaan peralatan dan mesin,0
2023-11-05,ACC_KEMENPERIN_019_159,ACC_KEMENDIKBUD_023_786,20987243472.64,Belanja Bantuan Sosial,Bantuan pangan nontunai,0
2023-01-30,ACC_BRIN_124_097,ACC_KEMENDAGRI_010_251,18449029290.59,Belanja Pembayaran Bunga Utang,Pembayaran imbal hasil obligasi,0
2023-03-04,ACC_BPJS_NA_390,ACC_KEMENKOPUKM_044_991,20871760063.64,Belanja Modal,Pembangunan/rehabilitasi gedung,0
2023-07-18,ACC_BPK_004_427,ACC_BRIN_124_478,37178109630.16,Belanja Pembayaran Bunga Utang,Pembayaran imbal hasil obligasi,0
2023-04-30,ACC_KEMENDAGRI_010_573,ACC_KOMINFO_059_309,11590232574.55,Belanja Modal,Pengadaan aset TIK,0
2023-02-09,ACC_KEMENPERIN_019_344,ACC_KEMENDAGRI_010_628,7901410543.56,Belanja Subsidi,Pembayaran subsidi,0
2023-01-31,ACC_BPJS_NA_247,ACC_ESDM_020_411,23704372877.38,Belanja Modal,Pembayaran termin proyek resmi,0
2023-03-14,ACC_KEMENPERIN_019_953,ACC_KEMENPAREKRAF_040_097,103495971303.43,Belanja Subsidi,Pembayaran subsidi,0
2023-07-31,ACC_KEU_015_076,ACC_BRIN_124_401,9925073287.45,Belanja Pegawai,Tunjangan kinerja triwulan,0
2023-12-02,ACC_BPS_054_516,ACC_KEMENHUB_022_328,25686033120.7,Belanja Pembayaran Bunga Utang,Pembayaran kupon SUN,0
2023-09-30,ACC_KEMENLU_011_826,ACC_KEMENHUB_022_127,12310145699.67,Belanja Subsidi,Pembayaran subsidi,0
2023-10-14,ACC_KEMENESDM_020_450,ACC_KES_024_088,111788714736.43,Belanja Barang,Belanja internet dan komunikasi,0
2023-11-07,ACC_KEU_015_412,ACC_BRIN_124_742,10598675007.89,Belanja Pegawai,Pembayaran THR,0
2023-05-03,ACC_BRIN_124_498,ACC_SOS_027_244,9489170517.24,Belanja Modal,Pembangunan/rehabilitasi gedung,0
2023-05-01,ACC_KEMENLU_011_602,ACC_KEMENPERIN_019_320,62836354000.95,Belanja Modal,Pembangunan/rehabilitasi gedung,0
2023-06-29,ACC_KEMENLU_011_857,ACC_PERT_018_368,66238837850.49,Belanja Pembayaran Bunga Utang,Pembayaran bunga SBN,0
2023-03-01,ACC_SOS_027_991,ACC_KEMENKOPUKM_044_659,10765087138.85,Belanja Lain-lain,Cadangan risiko fiskal,0
2023-05-14,ACC_KOMINFO_059_911,ACC_KEMENKOPUKM_044_221,41032857477.05,Belanja Pembayaran Bunga Utang,Pembayaran bunga SBN,0
2023-03-03,ACC_BPK_004_023,ACC_PPATK_078_044,9858561762.64,Belanja Bantuan Sosial,Transfer bantuan sosial,0
2023-05-27,ACC_POLRI_060_728,ACC_BRIN_124_852,5443620879.14,Belanja Barang,Penyewaan jasa kebersihan,0
2023-06-23,ACC_KOMINFO_059_576,ACC_KES_024_119,14752754366.24,Belanja Pegawai,Pembayaran gaji ke-13,0
2023-06-27,ACC_KEMENESDM_020_832,ACC_KEMENDAG_090_924,4826413400.33,Belanja Pembayaran Bunga Utang,Pembayaran bunga pinjaman luar negeri,0
2023-08-08,ACC_BPK_004_185,ACC_KEMENPAREKRAF_040_559,11944988618.05,Belanja Subsidi,Subsidi bunga kredit program,0
2023-04-12,ACC_PUPR_033_556,ACC_POLRI_060_015,23448795546.95,Belanja Subsidi,Subsidi pangan,0
2023-03-18,ACC_BPJS_NA_904,ACC_KEMENPERIN_019_635,13365750359.88,Belanja Pegawai,Tunjangan kinerja triwulan,0
2023-03-11,ACC_KEU_015_230,ACC_KOMINFO_059_480,33048803019.1,Belanja Pembayaran Bunga Utang,Pembayaran kupon SUN,0
2023-03-31,ACC_SOS_027_591,ACC_POLRI_060_440,11328908190.49,Belanja Pembayaran Bunga Utang,Pembayaran kupon SUN,0
2023-11-04,ACC_PERT_018_102,ACC_KEMENHUB_022_361,4770846417.67,Belanja Subsidi,Subsidi energi,0
2023-01-02,ACC_BRIN_124_119,ACC_PPATK_078_855,29210381166.27,Belanja Modal,Pembangunan infrastruktur jalan,0
2023-01-03,ACC_BRIN_124_942,ACC_KEMENPERIN_019_487,8293473164.47,Belanja Modal,Pembangunan infrastruktur jalan,0
2023-08-08,ACC_PERT_018_981,ACC_KES_024_173,25433871626.14,Belanja Barang,Belanja internet dan komunikasi,0
2023-12-29,ACC_ESDM_020_789,ACC_PPATK_078_761,21807467749.35,Belanja Subsidi,Pembayaran subsidi,1
2023-07-30,ACC_ESDM_020_020,ACC_POLRI_060_215,12788218033.17,Belanja Pegawai,Pembayaran gaji ke-13,0
2023-12-31,ACC_BPK_004_934,ACC_KEMENDIKBUD_023_407,8527708184.91,Belanja Pegawai,Honorarium kegiatan resmi,1
2023-06-12,ACC_KOMINFO_059_714,ACC_BRIN_124_014,10662636757.24,Belanja Lain-lain,Belanja lainnya sesuai ketentuan,0
2023-01-14,ACC_BPJS_NA_099,ACC_BRIN_124_033,15474445299.71,Belanja Pembayaran Bunga Utang,Pembayaran imbal hasil obligasi,0
2023-09-17,ACC_BRIN_124_676,ACC_KEMENHUB_022_589,22294209533.84,Belanja Modal,Pengadaan aset TIK,0
2023-05-17,ACC_KEU_015_359,ACC_BPS_054_720,26256438498.57,Belanja Modal,Pembayaran termin proyek resmi,0
2023-09-07,ACC_KEMENDAGRI_010_446,ACC_BPS_054_954,8915581084.66,Belanja Pegawai,Pembayaran THR,0
2023-11-27,ACC_POLRI_060_473,ACC_SOS_027_746,19706395694.4,Belanja Bantuan Sosial,Bantuan sosial kebencanaan,0
2023-03-08,ACC_KEMENKOPUKM_044_516,ACC_KEMENPAREKRAF_040_798,5941126457.65,Belanja Lain-lain,Cadangan risiko fiskal,0
2023-10-04,ACC_KEMENDIKBUD_023_553,ACC_PUPR_033_633,14860581366.26,Belanja Pegawai,Tunjangan kinerja triwulan,0
2023-01-31,ACC_PUPR_033_330,ACC_POLRI_060_658,30865906335.96,Belanja Subsidi,Subsidi pangan,0
2023-04-20,ACC_KEMENHUB_022_276,ACC_KEMENKOPUKM_044_722,3607470628.76,Belanja Lain-lain,Cadangan risiko fiskal,0
2023-12-09,ACC_KEU_015_833,ACC_KEMENLU_011_567,4783682071.28,Belanja Barang,Belanja ATK dan operasional kantor,0
2023-05-09,ACC_KEMENDAGRI_010_256,ACC_KES_024_934,10701434561.15,Belanja Barang,Belanja internet dan komunikasi,0
2023-12-21,ACC_KEU_015_624,ACC_PPATK_078_485,6459778490.53,Belanja Barang,Belanja ATK dan operasional kantor,0
2023-02-02,ACC_BPJS_NA_260,ACC_BPS_054_087,9903492423.38,Belanja Modal,Pembayaran termin proyek resmi,0
2023-08-20,ACC_BPK_004_901,ACC_KOMINFO_059_588,17040575910.37,Belanja Pembayaran Bunga Utang,Pembayaran bunga pinjaman luar negeri,0
2023-09-28,ACC_KEMENDAGRI_010_089,ACC_KEMENDAG_090_466,20573095132.27,Belanja Pembayaran Bunga Utang,Pembayaran bunga SBN,0
2023-03-02,ACC_KEMENESDM_020_511,ACC_SOS_027_488,5556031773.98,Belanja Pegawai,Gaji pegawai bulan berjalan,0
2023-01-26,ACC_KEMENPAREKRAF_040_083,ACC_BPS_054_364,14504492587.26,Belanja Lain-lain,Belanja lainnya sesuai ketentuan,0
2023-07-10,ACC_KEMENAG_025_461,ACC_KEMENESDM_020_804,26695490086.02,Belanja Barang,Penyewaan jasa kebersihan,0
2023-08-21,ACC_POLRI_060_474,ACC_BPK_004_405,11213338318.83,Belanja Pembayaran Bunga Utang,Pembayaran bunga SBN,0
2023-01-28,ACC_KEMENPAREKRAF_040_136,ACC_BPK_004_925,39243374764.2,Belanja Pembayaran Bunga Utang,Pembayaran imbal hasil obligasi,0
2023-08-29,ACC_PUPR_033_856,ACC_KEMENDAGRI_010_954,61499561946.43,Belanja Barang,Belanja internet dan komunikasi,0
2023-02-03,ACC_BPK_004_002,ACC_KES_024_362,19565712714.33,Belanja Pembayaran Bunga Utang,Pembayaran kupon SUN,0
2023-11-24,ACC_SOS_027_308,ACC_SOS_027_308,25163953655.43,Belanja Pembayaran Bunga Utang,Pembayaran kupon SUN,1
2023-11-30,ACC_KEMENAG_025_176,ACC_SOS_027_125,13917761472.63,Belanja Barang,Pengadaan barang operasional,0
2023-05-11,ACC_PUPR_033_562,ACC_KEMENLU_011_605,4509393529.13,Belanja Pegawai,Honorarium kegiatan resmi,0
2023-11-30,ACC_BPJS_NA_334,ACC_KES_024_020,5367118424.81,Belanja Subsidi,Subsidi energi,0
2023-12-21,ACC_PUPR_033_173,ACC_KEMENKOPUKM_044_189,14507978360.68,Belanja Pegawai,Gaji pegawai bulan berjalan,0
2023-03-09,ACC_KEMENDAG_090_370,ACC_KEMENPERIN_019_706,7855516068.73,Belanja Lain-lain,Belanja operasi non-rutin,0
2023-07-26,ACC_KES_024_049,ACC_SOS_027_544,3579412788.86,Belanja Subsidi,Pembayaran subsidi,0
2023-03-06,ACC_KEMENHUB_022_432,ACC_PUPR_033_138,11142912292.93,Belanja Pembayaran Bunga Utang,Pembayaran imbal hasil obligasi,0
2023-07-20,ACC_KEMENLU_011_142,ACC_SOS_027_612,14894521269.72,Belanja Pembayaran Bunga Utang,Pembayaran kupon SUN,0
2023-11-23,ACC_BPK_004_938,ACC_KEMENPERIN_019_355,24417612586.71,Belanja Pembayaran Bunga Utang,Pembayaran bunga SBN,0
2023-11-25,ACC_KEMENKOPUKM_044_559,ACC_KEMENLU_011_849,10951290478.45,Belanja Pegawai,Pembayaran THR,0
2023-06-01,ACC_BPS_054_791,ACC_KEMENPERIN_019_140,16468218085.82,Belanja Barang,Belanja internet dan komunikasi,0
2023-09-11,ACC_SOS_027_064,ACC_KEMENDAGRI_010_218,12998024587.11,Belanja Barang,Pengadaan barang operasional,0
2023-04-17,ACC_KEMENKOPUKM_044_621,ACC_KEMENDIKBUD_023_840,35694275060.82,Belanja Pembayaran Bunga Utang,Pembayaran imbal hasil obligasi,0
2023-03-06,ACC_KEMENAG_025_134,ACC_KOMINFO_059_199,24581711250.41,Belanja Lain-lain,Belanja lainnya sesuai ketentuan,0
2023-09-07,ACC_SOS_027_889,ACC_KEU_015_599,13989068066.78,Belanja Lain-lain,Belanja lainnya sesuai ketentuan,0
2023-03-29,ACC_KEMENAG_025_975,ACC_KOMINFO_059_483,65958801332.28,Belanja Pembayaran Bunga Utang,Pembayaran bunga pinjaman luar negeri,0
2023-02-21,ACC_KEMENESDM_020_015,ACC_KEMENDIKBUD_023_324,8790291596.16,Belanja Pegawai,Honorarium kegiatan resmi,0
2023-07-03,ACC_KEMENHAN_012_872,ACC_BPS_054_007,16024069269.65,Belanja Pembayaran Bunga Utang,Pembayaran kupon SUN,0
2023-07-05,ACC_PPATK_078_287,ACC_KEMENPERIN_019_962,38196973004.2,Belanja Barang,Belanja pemeliharaan rutin,0
2023-01-13,ACC_PERT_018_146,ACC_BPK_004_478,20434446954.52,Belanja Pembayaran Bunga Utang,Pembayaran bunga pinjaman luar negeri,0
2023-02-26,ACC_PUPR_033_382,ACC_ESDM_020_157,25584785417.29,Belanja Pembayaran Bunga Utang,Pembayaran imbal hasil obligasi,0
2023-05-13,ACC_KEMENAG_025_163,ACC_BPS_054_275,43380040774.03,Belanja Subsidi,Subsidi pupuk,0
2023-06-03,ACC_KEMENESDM_020_237,ACC_KEMENHAN_012_893,33903361289.84,Belanja Pembayaran Bunga Utang,Pembayaran imbal hasil obligasi,0
2023-11-06,ACC_KEMENAG_025_598,ACC_KEMENHUB_022_177,3875317372.05,Belanja Barang,Belanja ATK dan operasional kantor,0
2023-06-21,ACC_ESDM_020_125,ACC_KEMENPAREKRAF_040_838,8017499137.8,Belanja Lain-lain,Cadangan risiko fiskal,0
2023-09-29,ACC_KEMENPERIN_019_244,ACC_KEMENDAGRI_010_527,18242751995.15,Belanja Pegawai,Honorarium kegiatan resmi,0
2023-04-23,ACC_KEMENHAN_012_756,ACC_KEU_015_166,8332799431.44,Belanja Modal,Pembangunan infrastruktur jalan,0
2023-11-23,ACC_KEMENAG_025_218,ACC_BRIN_124_871,10048029239.75,Belanja Barang,Belanja ATK dan operasional kantor,0
2023-01-14,ACC_PUPR_033_781,ACC_BPK_004_340,27703430193.71,Belanja Pembayaran Bunga Utang,Pembayaran bunga SBN,0
2023-03-30,ACC_BPS_054_905,ACC_KEMENHAN_012_041,7738768699.94,Belanja Pembayaran Bunga Utang,Pembayaran bunga pinjaman luar negeri,0
2023-06-29,ACC_KOMINFO_059_809,ACC_KEMENESDM_020_979,17426634988.1,Belanja Pembayaran Bunga Utang,Pembayaran bunga pinjaman luar negeri,0
2023-09-28,ACC_KES_024_401,ACC_KEMENDAGRI_010_784,6040669275.64,Belanja Lain-lain,Belanja tak terduga,0
2023-10-02,ACC_BRIN_124_225,ACC_KEMENPAREKRAF_040_580,17510445261.95,Belanja Modal,Pengadaan aset TIK,0
2023-02-11,ACC_KEMENPERIN_019_396,ACC_BPJS_NA_914,33898767605.46,Belanja Pembayaran Bunga Utang,Pembayaran imbal hasil obligasi,0
2023-01-30,ACC_KEMENAG_025_009,ACC_KEMENDAGRI_010_987,13678476058.15,Belanja Barang,Belanja internet dan komunikasi,0
2023-06-17,ACC_KEMENDAG_090_344,ACC_BPS_054_497,11805295253.7,Belanja Pembayaran Bunga Utang,Pembayaran imbal hasil obligasi,0
2023-06-26,ACC_PERT_018_457,ACC_SOS_027_701,39949362124.77,Belanja Barang,Belanja pemeliharaan rutin,0
2023-02-15,ACC_PUPR_033_894,ACC_KEMENPAREKRAF_040_017,6346306853.06,Belanja Pegawai,Tunjangan kinerja triwulan,0
2023-05-05,ACC_KEU_015_112,ACC_KEMENESDM_020_784,10691813361.06,Belanja Modal,Pengadaan peralatan dan mesin,0
2023-12-13,ACC_BPJS_NA_391,ACC_BPK_004_392,4645357165.63,Belanja Pembayaran Bunga Utang,Pembayaran kupon SUN,0
2023-10-21,ACC_KEMENPERIN_019_822,ACC_KOMINFO_059_076,7123709357.71,Belanja Modal,Pengadaan peralatan dan mesin,0
2023-08-18,ACC_KEMENPAREKRAF_040_946,ACC_PPATK_078_952,5959659747.62,Belanja Bantuan Sosial,Bantuan pangan nontunai,0
2023-11-03,ACC_PPATK_078_200,ACC_KEMENLU_011_226,9262637438.2,Belanja Pegawai,Tunjangan kinerja triwulan,0
2023-01-31,ACC_KEMENLU_011_614,ACC_PERT_018_771,14337225205.93,Belanja Subsidi,Pembayaran subsidi,0
2023-10-29,ACC_KEMENHAN_012_798,ACC_KEU_015_350,20206139098.59,Belanja Pembayaran Bunga Utang,Pembayaran bunga SBN,0
2023-08-04,ACC_KEMENHAN_012_544,ACC_KEU_015_457,4357695005.12,Belanja Pegawai,Pembayaran gaji ke-13,0
2023-03-15,ACC_SOS_027_818,ACC_ESDM_020_932,19067784816.22,Belanja Pegawai,Honorarium kegiatan resmi,0
2023-10-12,ACC_KEMENKOPUKM_044_934,ACC_KOMINFO_059_973,8337105204.7,Belanja Pegawai,Pembayaran gaji ke-13,0
2023-12-31,ACC_KEMENHAN_012_014,ACC_PUPR_033_136,39550290297.25,Belanja Barang,Pengadaan barang operasional,0
2023-10-07,ACC_KOMINFO_059_079,ACC_KEMENDAG_090_755,10686279676.65,Belanja Bantuan Sosial,Bansos tunai,0
2023-09-16,ACC_BPK_004_384,ACC_POLRI_060_375,39112278105.34,Belanja Subsidi,Subsidi energi,0
2023-11-10,ACC_KEMENDAGRI_010_489,ACC_KEMENHUB_022_381,9279487783.51,Belanja Pegawai,Tunjangan kinerja triwulan,0
2023-02-11,ACC_PERT_018_533,ACC_KOMINFO_059_522,23007096341.68,Belanja Lain-lain,Belanja lainnya sesuai ketentuan,0
2023-11-08,ACC_PERT_018_294,ACC_POLRI_060_598,13546157848.35,Belanja Pembayaran Bunga Utang,Pembayaran bunga SBN,0
2023-01-04,ACC_KEU_015_734,ACC_BRIN_124_962,7065604507.62,Belanja Bantuan Sosial,Bansos tunai,0
2023-11-14,ACC_KEMENLU_011_996,ACC_KEMENESDM_020_213,9802805205.98,Belanja Modal,Pembayaran termin proyek resmi,0
2023-01-04,ACC_KEMENDAGRI_010_065,ACC_KOMINFO_059_318,5676209407.84,Belanja Barang,Penyewaan jasa kebersihan,0
2023-08-31,ACC_KEMENKOPUKM_044_898,ACC_BPK_004_137,8782853055.56,Belanja Pegawai,Honorarium kegiatan resmi,0
2023-02-11,ACC_KEMENHAN_012_809,ACC_BRIN_124_971,22401488652.64,Belanja Modal,Pengadaan peralatan dan mesin,0
2023-08-16,ACC_KEMENDIKBUD_023_810,ACC_KEMENPERIN_019_291,34919029051.9,Belanja Pembayaran Bunga Utang,Pembayaran kupon SUN,0
2023-12-26,ACC_BPJS_NA_854,ACC_KES_024_456,29816945813.23,Belanja Pembayaran Bunga Utang,Pembayaran bunga SBN,0
2023-07-18,ACC_ESDM_020_659,ACC_KOMINFO_059_488,4621749152.46,Belanja Pegawai,Tunjangan kinerja triwulan,0
2023-12-30,ACC_KEMENHUB_022_459,ACC_KEMENLU_011_841,8491240592.42,Belanja Pegawai,Honorarium kegiatan resmi,1
2023-10-24,ACC_KEMENDAGRI_010_777,ACC_KEMENPERIN_019_008,13143938594.38,Belanja Pegawai,Pembayaran THR,0
2023-12-20,ACC_KEMENESDM_020_864,ACC_BPK_004_049,12533749480.63,Belanja Lain-lain,Belanja lainnya sesuai ketentuan,0
2023-12-04,ACC_KEMENPERIN_019_974,ACC_KEMENAG_025_158,54518392610.78,Belanja Modal,Pengadaan peralatan dan mesin,0
2023-10-01,ACC_KEMENHUB_022_568,ACC_KEMENDAG_090_843,8068918422.16,Belanja Modal,Pengadaan peralatan dan mesin,0
2023-12-23,ACC_KEMENDAGRI_010_429,ACC_BPK_004_540,24185861679.1,Belanja Barang,Pengadaan barang operasional,0
2023-06-25,ACC_KEMENESDM_020_429,ACC_POLRI_060_887,36463241352.49,Belanja Bantuan Sosial,Bansos tunai,0
2023-02-05,ACC_KEMENDIKBUD_023_514,ACC_KEMENAG_025_895,25267254722.9,Belanja Bantuan Sosial,Bantuan program keluarga harapan,0
2023-10-06,ACC_KOMINFO_059_706,ACC_PPATK_078_198,13374398091.07,Belanja Pembayaran Bunga Utang,Pembayaran bunga SBN,0
2023-11-01,ACC_KEMENPAREKRAF_040_064,ACC_BRIN_124_290,25925632230.42,Belanja Pembayaran Bunga Utang,Pembayaran bunga SBN,0
2023-01-17,ACC_PERT_018_443,ACC_KEMENDIKBUD_023_141,7308361957.82,Belanja Pegawai,Pembayaran THR,0
2023-11-16,ACC_KEMENESDM_020_245,ACC_KEMENDIKBUD_023_450,55548534009.13,Belanja Pembayaran Bunga Utang,Pembayaran imbal hasil obligasi,0
2023-06-10,ACC_KEMENPAREKRAF_040_140,ACC_KEMENDIKBUD_023_493,4922352641.69,Belanja Pegawai,Pembayaran THR,0
2023-11-26,ACC_PERT_018_401,ACC_KEMENDAGRI_010_050,11362918364.67,Belanja Subsidi,Subsidi bunga kredit program,0
2023-01-15,ACC_KEMENDIKBUD_023_028,ACC_BPJS_NA_388,9507394766.65,Belanja Barang,Belanja pemeliharaan rutin,0
2023-11-17,ACC_BPJS_NA_250,ACC_KEMENPAREKRAF_040_505,53113029928.7,Belanja Pembayaran Bunga Utang,Pembayaran kupon SUN,0
2023-06-28,ACC_POLRI_060_609,ACC_KEMENAG_025_892,22753033501.29,Belanja Pembayaran Bunga Utang,Pembayaran kupon SUN,0
2023-08-26,ACC_KEMENESDM_020_164,ACC_KEMENAG_025_453,11252327168.03,Belanja Pegawai,Gaji pegawai bulan berjalan,0
2023-11-21,ACC_KOMINFO_059_986,ACC_BPK_004_681,18868659711.23,Belanja Pembayaran Bunga Utang,Pembayaran bunga pinjaman luar negeri,0
2023-06-24,ACC_KEMENKOPUKM_044_781,ACC_BPK_004_716,107375991279.92,Belanja Subsidi,Subsidi pangan,0
2023-09-23,ACC_KOMINFO_059_653,ACC_KEMENDAG_090_236,51433453992.85,Belanja Subsidi,Subsidi pangan,0
2023-01-15,ACC_KEMENLU_011_814,ACC_KEMENAG_025_441,8835824525.56,Belanja Subsidi,Subsidi energi,0
2023-05-16,ACC_KEMENHAN_012_917,ACC_POLRI_060_469,17941519187.61,Belanja Pembayaran Bunga Utang,Pembayaran bunga SBN,0
2023-12-19,ACC_ESDM_020_813,ACC_KES_024_091,19453185596.48,Belanja Modal,Pembangunan/rehabilitasi gedung,0
2023-06-22,ACC_KEMENKOPUKM_044_547,ACC_KEMENDIKBUD_023_722,43514750815.45,Belanja Modal,Pembangunan/rehabilitasi gedung,0
2023-10-10,ACC_BPK_004_505,ACC_KEMENAG_025_198,10968598432.48,Belanja Subsidi,Pembayaran subsidi,0
2023-05-26,ACC_KEMENKOPUKM_044_334,ACC_KEMENDIKBUD_023_143,14399993490.09,Belanja Pegawai,Pembayaran gaji ke-13,0
2023-02-13,ACC_KEMENDAGRI_010_032,ACC_BPS_054_743,38337964261.23,Belanja Bantuan Sosial,Bantuan program keluarga harapan,0
2023-04-29,ACC_KEMENKOPUKM_044_651,ACC_BPS_054_672,41078790344.67,Belanja Pembayaran Bunga Utang,Pembayaran kupon SUN,0
2023-12-19,ACC_KEMENHAN_012_424,ACC_KEMENPAREKRAF_040_904,14539295601.07,Belanja Pembayaran Bunga Utang,Pembayaran imbal hasil obligasi,0
2023-11-30,ACC_POLRI_060_149,ACC_KEMENLU_011_623,7666998467.4,Belanja Lain-lain,Belanja lainnya sesuai ketentuan,0
2023-08-14,ACC_PERT_018_652,ACC_KEMENKOPUKM_044_656,6686571635.1,Belanja Barang,Belanja ATK dan operasional kantor,0
2023-11-27,ACC_POLRI_060_205,ACC_KEMENESDM_020_415,11367521120.25,Belanja Pegawai,Gaji pegawai bulan berjalan,0
2023-04-13,ACC_KEMENHAN_012_714,ACC_KES_024_792,3873397978.39,Belanja Barang,Penyewaan jasa kebersihan,0
2023-03-23,ACC_KEMENDIKBUD_023_518,ACC_KEMENHUB_022_834,23913436767.92,Belanja Modal,Pembayaran termin proyek resmi,0
2023-03-13,ACC_POLRI_060_607,ACC_BPK_004_816,11178840021.65,Belanja Bantuan Sosial,Transfer bantuan sosial,0
2023-11-17,ACC_SOS_027_684,ACC_KES_024_478,12650338300.62,Belanja Lain-lain,Cadangan risiko fiskal,0
2023-10-29,ACC_PUPR_033_403,ACC_KEMENHUB_022_758,37139975117.07,Belanja Pembayaran Bunga Utang,Pembayaran bunga pinjaman luar negeri,0
2023-03-04,ACC_KEMENDAGRI_010_297,ACC_KOMINFO_059_245,18369733330.86,Belanja Modal,Pembangunan/rehabilitasi gedung,0
2023-09-17,ACC_POLRI_060_601,ACC_KEMENDAG_090_177,22254343108.77,Belanja Bantuan Sosial,Bantuan pangan nontunai,0
2023-05-08,ACC_KOMINFO_059_195,ACC_BPJS_NA_194,9081079961.67,Belanja Lain-lain,Belanja tak terduga,0
2023-12-27,ACC_BPJS_NA_872,ACC_PPATK_078_324,8511424951.35,Belanja Barang,Belanja internet dan komunikasi,0
2023-09-11,ACC_POLRI_060_283,ACC_KEU_015_060,69345733613.3,Belanja Pembayaran Bunga Utang,Pembayaran imbal hasil obligasi,0
2023-02-13,ACC_KEMENDAG_090_998,ACC_KEMENHAN_012_722,22648737405.48,Belanja Barang,Belanja pemeliharaan rutin,0
2023-08-10,ACC_KEMENLU_011_217,ACC_KEMENAG_025_735,9174239293.77,Belanja Bantuan Sosial,Transfer bantuan sosial,0
2023-01-19,ACC_KEMENPAREKRAF_040_809,ACC_KEMENESDM_020_538,7634035392.58,Belanja Pegawai,Pembayaran gaji ke-13,0
2023-08-16,ACC_ESDM_020_403,ACC_KEMENLU_011_576,25263233725.3,Belanja Lain-lain,Belanja tak terduga,0
2023-11-28,ACC_BPK_004_318,ACC_PPATK_078_653,36635053983.74,Belanja Pembayaran Bunga Utang,Pembayaran bunga pinjaman luar negeri,0
2023-10-04,ACC_KEMENPAREKRAF_040_214,ACC_BPK_004_743,15435295555.78,Belanja Modal,Pembangunan infrastruktur jalan,0
2023-05-01,ACC_KEMENAG_025_134,ACC_KEMENHUB_022_818,29256264013.03,Belanja Barang,Belanja pemeliharaan rutin,0
2023-12-29,ACC_PPATK_078_180,ACC_KEMENKOPUKM_044_933,11125848378.19,Belanja Pegawai,Honorarium kegiatan resmi,0
2023-01-19,ACC_KES_024_046,ACC_KEMENDAGRI_010_451,13798018254.47,Belanja Pegawai,Tunjangan kinerja triwulan,0
2023-08-13,ACC_BPS_054_079,ACC_BPJS_NA_662,18393111484.86,Belanja Barang,Belanja pemeliharaan rutin,0
2023-11-07,ACC_KOMINFO_059_997,ACC_KEMENKOPUKM_044_160,12197403173.6,Belanja Subsidi,Subsidi pangan,0
2023-07-21,ACC_KEMENHUB_022_468,ACC_KEU_015_921,13631394587.7,Belanja Pembayaran Bunga Utang,Pembayaran imbal hasil obligasi,0
2023-12-08,ACC_ESDM_020_117,ACC_KEMENAG_025_666,15553102136.23,Belanja Barang,Belanja ATK dan operasional kantor,0
2023-06-15,ACC_KEMENDAG_090_075,ACC_PPATK_078_748,10722395637.89,Belanja Modal,Pembayaran termin proyek resmi,0
2023-06-28,ACC_KEMENPAREKRAF_040_503,ACC_BRIN_124_795,5940048610.89,Belanja Pegawai,Honorarium kegiatan resmi,0
2023-11-28,ACC_KEMENDAGRI_010_251,ACC_BPK_004_808,35982316152.47,Belanja Barang,Belanja pemeliharaan rutin,0
2023-09-09,ACC_BPS_054_358,ACC_BRIN_124_944,54552171371.06,Belanja Modal,Pengadaan aset TIK,0
2023-12-04,ACC_BPJS_NA_078,ACC_KEMENHUB_022_978,15532996095.98,Belanja Pembayaran Bunga Utang,Pembayaran imbal hasil obligasi,0
2023-10-03,ACC_KEMENDAGRI_010_290,ACC_KEMENAG_025_297,28486086860.79,Belanja Barang,Pengadaan barang operasional,0
2023-10-13,ACC_KEMENAG_025_991,ACC_PUPR_033_855,7505999265.91,Belanja Pegawai,Tunjangan kinerja triwulan,0
2023-04-28,ACC_ESDM_020_006,ACC_KEMENDAGRI_010_843,4014580303.76,Belanja Pegawai,Pembayaran gaji ke-13,0
2023-12-15,ACC_KEMENESDM_020_294,ACC_KEMENPERIN_019_641,12355290555.11,Belanja Pembayaran Bunga Utang,Pembayaran kupon SUN,0
2023-09-06,ACC_KEMENLU_011_614,ACC_KOMINFO_059_849,12954880597.46,Belanja Barang,Belanja pemeliharaan rutin,0
2023-10-04,ACC_KES_024_387,ACC_KEMENHUB_022_382,20853591806.42,Belanja Barang,Belanja pemeliharaan rutin,0
2023-06-18,ACC_KOMINFO_059_443,ACC_KEMENPAREKRAF_040_656,18263180417.53,Belanja Barang,Pengadaan barang operasional,0
2023-08-21,ACC_KEMENDAGRI_010_945,ACC_KEMENAG_025_123,5574954695.6,Belanja Barang,Belanja pemeliharaan rutin,0
2023-04-10,ACC_KEMENESDM_020_214,ACC_KEMENDAG_090_922,7555464927.79,Belanja Bantuan Sosial,Transfer bantuan sosial,0
2023-10-07,ACC_PERT_018_040,ACC_SOS_027_752,18439569862.06,Belanja Modal,Pembangunan infrastruktur jalan,0
2023-05-16,ACC_PERT_018_182,ACC_PUPR_033_265,1643186924.62,Belanja Bantuan Sosial,Bantuan sosial kebencanaan,0
2023-07-15,ACC_KEMENPAREKRAF_040_724,ACC_KEU_015_509,12448396235.6,Belanja Pegawai,Tunjangan kinerja triwulan,0
2023-07-21,ACC_KOMINFO_059_875,ACC_KES_024_730,69406889236.20398,Belanja Subsidi,Subsidi pangan,1
2023-03-11,ACC_KEMENDAG_090_816,ACC_KOMINFO_059_015,8912118059.99,Belanja Barang,Belanja ATK dan operasional kantor,0
2023-10-17,ACC_KEMENDAG_090_060,ACC_BRIN_124_252,22021018418.48,Belanja Pembayaran Bunga Utang,Pembayaran bunga SBN,0
2023-02-18,ACC_KEMENKOPUKM_044_078,ACC_PUPR_033_472,14440312527.12,Belanja Barang,Penyewaan jasa kebersihan,0
2023-04-06,ACC_KEMENDIKBUD_023_165,ACC_KEU_015_458,3597518126.94,Belanja Modal,Pengadaan peralatan dan mesin,0
2023-01-29,ACC_KEMENDAGRI_010_956,ACC_BPS_054_669,32426719501.39,Belanja Barang,Belanja pemeliharaan rutin,0
2023-10-06,ACC_PERT_018_283,ACC_SOS_027_479,117828089625.02,Belanja Modal,Pengadaan peralatan dan mesin,0
2023-07-25,ACC_KEMENHUB_022_234,ACC_BPS_054_938,37916058931.27,Belanja Subsidi,Subsidi pangan,0
2023-11-25,ACC_PPATK_078_509,ACC_KES_024_869,6540643460.06,Belanja Pembayaran Bunga Utang,Pembayaran kupon SUN,0
2023-06-21,ACC_KOMINFO_059_086,ACC_ESDM_020_558,10694425597.9,Belanja Bantuan Sosial,Bansos tunai,0
2023-06-05,ACC_KEMENDAG_090_493,ACC_BPS_054_910,7231906330.75,Belanja Pegawai,Pembayaran THR,0
2023-10-17,ACC_PERT_018_659,ACC_KEMENPERIN_019_295,26770342560.83,Belanja Modal,Pembangunan infrastruktur jalan,0
2023-05-13,ACC_KEMENDAG_090_562,ACC_KEMENAG_025_535,17230593041.54,Belanja Modal,Pengadaan peralatan dan mesin,0
2023-09-14,ACC_KEMENDIKBUD_023_156,ACC_BPJS_NA_625,48425452089.64,Belanja Modal,Pengadaan aset TIK,0
2023-08-26,ACC_POLRI_060_334,ACC_KOMINFO_059_106,20887308638.22,Belanja Subsidi,Pembayaran subsidi,0
2023-09-18,ACC_ESDM_020_799,ACC_KEMENKOPUKM_044_293,59491676313.7,Belanja Modal,Pembayaran termin proyek resmi,0
2023-11-04,ACC_KEMENLU_011_709,ACC_KEMENPERIN_019_476,9638831256.99,Belanja Pegawai,Tunjangan kinerja triwulan,0
2023-03-04,ACC_KEMENDIKBUD_023_642,ACC_KEMENDAGRI_010_767,968414380.28,Belanja Subsidi,Subsidi pupuk,0
2023-08-02,ACC_KEMENPAREKRAF_040_585,ACC_KEMENKOPUKM_044_943,12324949315.98,Belanja Bantuan Sosial,Bantuan program keluarga harapan,0
2023-06-07,ACC_KEMENAG_025_621,ACC_PUPR_033_521,7948730896.91,Belanja Subsidi,Pembayaran subsidi,0
2023-12-24,ACC_KEMENDAG_090_704,ACC_KEMENESDM_020_648,11964177585.03,Belanja Barang,Belanja pemeliharaan rutin,0
2023-12-22,ACC_KEMENHAN_012_100,ACC_BPJS_NA_725,11889256834.59,Belanja Barang,Penyewaan jasa kebersihan,0
2023-06-14,ACC_KEMENLU_011_912,ACC_KEMENPERIN_019_942,22133625294.3,Belanja Lain-lain,Belanja tak terduga,0
2023-03-02,ACC_BPS_054_814,ACC_BPK_004_179,9374095980.21,Belanja Barang,Belanja ATK dan operasional kantor,0
2023-03-22,ACC_KEMENPERIN_019_170,ACC_PPATK_078_301,6591353656.95,Belanja Barang,Belanja pemeliharaan rutin,0
2023-07-13,ACC_KEMENKOPUKM_044_427,ACC_KEMENLU_011_930,16163424127.58,Belanja Modal,Pengadaan peralatan dan mesin,0
2023-09-26,ACC_BPJS_NA_481,ACC_KEMENAG_025_711,8431193339.2,Belanja Subsidi,Pembayaran subsidi,0
2023-12-18,ACC_KEMENLU_011_107,ACC_BPJS_NA_978,19570998354.52,Belanja Pegawai,Gaji pegawai bulan berjalan,0
2023-08-18,ACC_BPK_004_257,ACC_PERT_018_043,33369473363.3,Belanja Pembayaran Bunga Utang,Pembayaran imbal hasil obligasi,0
2023-11-03,ACC_KEMENESDM_020_400,ACC_KEMENHUB_022_506,4075820558.99,Belanja Barang,Penyewaan jasa kebersihan,0
2023-05-05,ACC_BRIN_124_673,ACC_KES_024_087,36920565497.73,Belanja Modal,Pengadaan peralatan dan mesin,0
2023-12-28,ACC_KEMENPAREKRAF_040_518,ACC_BPS_054_031,8462892476.54,Belanja Lain-lain,Belanja lainnya sesuai ketentuan,0
2023-10-23,ACC_KEMENHAN_012_414,ACC_KES_024_837,5370301710.28,Belanja Pegawai,Gaji pegawai bulan berjalan,0
2023-06-27,ACC_KEMENDIKBUD_023_746,ACC_KEMENDAGRI_010_259,28031634051.73,Belanja Pembayaran Bunga Utang,Pembayaran kupon SUN,0
2023-10-10,ACC_KEMENKOPUKM_044_363,ACC_PERT_018_818,2661547423.16,Belanja Subsidi,Subsidi bunga kredit program,0
2023-09-30,ACC_KOMINFO_059_290,ACC_KEMENDIKBUD_023_803,18221720756.91,Belanja Barang,Pengadaan barang operasional,0
2023-08-22,ACC_KEMENKOPUKM_044_408,ACC_KEU_015_694,6869063165.04,Belanja Lain-lain,Belanja lainnya sesuai ketentuan,0
2023-03-30,ACC_KEMENESDM_020_997,ACC_BPJS_NA_411,10997300493.88,Belanja Barang,Belanja pemeliharaan rutin,0
2023-11-11,ACC_KEMENLU_011_241,ACC_KEMENLU_011_241,82085309128.58,Belanja Subsidi,Subsidi pangan,1
2023-09-26,ACC_KOMINFO_059_626,ACC_KEMENLU_011_252,16539230750.74,Belanja Bantuan Sosial,Transfer bantuan sosial,0
2023-05-22,ACC_KEU_015_626,ACC_POLRI_060_450,9150856686.83,Belanja Pembayaran Bunga Utang,Pembayaran bunga SBN,0
2023-09-07,ACC_BPJS_NA_799,ACC_ESDM_020_334,18985544230.41,Belanja Pembayaran Bunga Utang,Pembayaran imbal hasil obligasi,0
2023-02-12,ACC_BRIN_124_678,ACC_PPATK_078_554,10549022181.61,Belanja Barang,Belanja pemeliharaan rutin,0
2023-03-24,ACC_KEMENPAREKRAF_040_862,ACC_KEMENKOPUKM_044_617,13774226824.43,Belanja Barang,Pengadaan barang operasional,0
2023-07-05,ACC_KES_024_284,ACC_KEMENHUB_022_516,33047491935.28,Belanja Pembayaran Bunga Utang,Pembayaran bunga pinjaman luar negeri,0
2023-01-09,ACC_BPJS_NA_420,ACC_KEMENKOPUKM_044_029,10063049345.7,Belanja Modal,Pengadaan peralatan dan mesin,0
2023-05-29,ACC_KEMENPAREKRAF_040_576,ACC_POLRI_060_879,13631116569.52,Belanja Lain-lain,Belanja tak terduga,0
2023-04-28,ACC_PERT_018_412,ACC_KEU_015_951,8302269124.46,Belanja Barang,Belanja internet dan komunikasi,0
2023-01-31,ACC_SOS_027_673,ACC_PERT_018_727,9640542491.62,Belanja Pegawai,Honorarium kegiatan resmi,0
2023-03-29,ACC_SOS_027_121,ACC_KEMENHUB_022_003,23424202181.43,Belanja Pembayaran Bunga Utang,Pembayaran kupon SUN,0
2023-08-15,ACC_PERT_018_079,ACC_KES_024_657,10387674361.62,Belanja Pegawai,Gaji pegawai bulan berjalan,0
2023-11-23,ACC_BRIN_124_165,ACC_POLRI_060_727,23378059108.91,Belanja Modal,Pengadaan peralatan dan mesin,0
2023-05-01,ACC_KEMENKOPUKM_044_213,ACC_KEMENHAN_012_823,12224428240.4,Belanja Barang,Belanja ATK dan operasional kantor,0
2023-10-02,ACC_KOMINFO_059_427,ACC_BPJS_NA_709,15252964887.46,Belanja Barang,Pengadaan barang operasional,0
2023-01-10,ACC_BRIN_124_120,ACC_KEMENHUB_022_635,30577611119.24,Belanja Barang,Belanja ATK dan operasional kantor,0
2023-02-27,ACC_KEMENKOPUKM_044_827,ACC_BPJS_NA_460,56561398368.5,Belanja Subsidi,Pembayaran subsidi,0
2023-07-24,ACC_KEMENESDM_020_086,ACC_KEMENDIKBUD_023_104,14010301250.22,Belanja Pegawai,Gaji pegawai bulan berjalan,0
2023-12-29,ACC_KEMENLU_011_621,ACC_BPJS_NA_309,26242682313.65,Belanja Barang,Penyewaan jasa kebersihan,0
2023-01-11,ACC_KEMENKOPUKM_044_826,ACC_PUPR_033_747,18137754295.33,Belanja Barang,Belanja internet dan komunikasi,0
2023-02-13,ACC_KEU_015_518,ACC_PUPR_033_668,17504105326.11,Belanja Pembayaran Bunga Utang,Pembayaran kupon SUN,0
2023-01-08,ACC_KOMINFO_059_005,ACC_BPK_004_362,27794930853.52,Belanja Pembayaran Bunga Utang,Pembayaran imbal hasil obligasi,0
2023-06-03,ACC_BPK_004_221,ACC_KOMINFO_059_369,16800456164.28,Belanja Lain-lain,Belanja lainnya sesuai ketentuan,0
2023-12-28,ACC_KEU_015_976,ACC_BPS_054_420,8656967606.5,Belanja Pembayaran Bunga Utang,Pembayaran bunga SBN,1
2023-04-22,ACC_KEU_015_954,ACC_KEMENDAGRI_010_704,31136830099.23,Belanja Pembayaran Bunga Utang,Pembayaran bunga pinjaman luar negeri,0
2023-08-09,ACC_BRIN_124_699,ACC_KES_024_562,72300768603.46,Belanja Modal,Pengadaan peralatan dan mesin,0
2023-08-20,ACC_SOS_027_835,ACC_BRIN_124_258,18492751492.14,Belanja Pembayaran Bunga Utang,Pembayaran bunga pinjaman luar negeri,0
2023-09-15,ACC_PPATK_078_979,ACC_PERT_018_065,42526727786.45,Belanja Pembayaran Bunga Utang,Pembayaran bunga SBN,0
2023-04-26,ACC_BPS_054_561,ACC_KEMENDIKBUD_023_227,15920605628.22,Belanja Bantuan Sosial,Transfer bantuan sosial,0
2023-05-06,ACC_KEMENDAGRI_010_949,ACC_KEMENHUB_022_213,8377275662.29,Belanja Pembayaran Bunga Utang,Pembayaran bunga pinjaman luar negeri,0
2023-04-23,ACC_KEMENPERIN_019_143,ACC_KOMINFO_059_882,9112600125.13,Belanja Lain-lain,Belanja operasi non-rutin,0
2023-10-31,ACC_BPS_054_543,ACC_SOS_027_293,15732494487.96,Belanja Pembayaran Bunga Utang,Pembayaran bunga pinjaman luar negeri,0
2023-11-18,ACC_KOMINFO_059_806,ACC_SOS_027_681,4858694515.41,Belanja Pegawai,Honorarium kegiatan resmi,0
2023-02-09,ACC_KEMENDAGRI_010_235,ACC_PERT_018_832,27067123773.19,Belanja Pembayaran Bunga Utang,Pembayaran bunga SBN,0
2023-02-28,ACC_KEMENLU_011_229,ACC_KEMENESDM_020_603,57556319351.73,Belanja Subsidi,Subsidi bunga kredit program,0
2023-01-01,ACC_KEU_015_781,ACC_KEMENLU_011_798,9285104887.76,Belanja Lain-lain,Belanja tak terduga,0
2023-03-21,ACC_KEMENKOPUKM_044_235,ACC_BPK_004_287,31518387626.29,Belanja Barang,Pengadaan barang operasional,0
2023-03-01,ACC_BRIN_124_545,ACC_POLRI_060_437,2334320313.91,Belanja Subsidi,Subsidi pupuk,0
2023-03-30,ACC_KEMENHAN_012_042,ACC_PUPR_033_632,10321162510.26,Belanja Subsidi,Pembayaran subsidi,0
2023-02-02,ACC_KOMINFO_059_276,ACC_BPS_054_665,33943492894.38,Belanja Barang,Penyewaan jasa kebersihan,0
2023-07-15,ACC_KEMENPERIN_019_399,ACC_KEMENPAREKRAF_040_819,4144578124.56,Belanja Lain-lain,Belanja lainnya sesuai ketentuan,0
2023-07-16,ACC_BPJS_NA_581,ACC_KEMENHUB_022_466,79236900684.99,Belanja Pembayaran Bunga Utang,Pembayaran bunga pinjaman luar negeri,0
2023-05-26,ACC_POLRI_060_233,ACC_SOS_027_371,43066291837.38,Belanja Barang,Belanja internet dan komunikasi,0
2023-08-02,ACC_KEMENDAGRI_010_367,ACC_KEMENESDM_020_481,157198512315.5999,Belanja Barang,Belanja pemeliharaan rutin,1
2023-08-04,ACC_BRIN_124_725,ACC_BPJS_NA_816,7892916262.81,Belanja Pegawai,Tunjangan kinerja triwulan,0
2023-01-31,ACC_KEMENDAGRI_010_802,ACC_PERT_018_855,15808425633.59,Belanja Bantuan Sosial,Bantuan pangan nontunai,0
2023-04-10,ACC_BRIN_124_501,ACC_KEMENPAREKRAF_040_383,22373414782.2,Belanja Modal,Pembayaran termin proyek resmi,0
2023-03-09,ACC_KEMENDAGRI_010_901,ACC_KEU_015_754,8644063173.77,Belanja Barang,Belanja internet dan komunikasi,0
2023-12-27,ACC_KEMENAG_025_762,ACC_KEMENKOPUKM_044_571,62869128051.93,Belanja Modal,Pengadaan aset TIK,1
2023-02-19,ACC_KEMENDIKBUD_023_407,ACC_KEMENESDM_020_296,9632291961.53,Belanja Barang,Belanja ATK dan operasional kantor,0
2023-03-18,ACC_KEMENDIKBUD_023_889,ACC_KEMENAG_025_716,18120372472.59,Belanja Subsidi,Pembayaran subsidi,0
2023-12-27,ACC_BPK_004_111,ACC_KEU_015_641,18136108374.88,Belanja Lain-lain,Belanja lainnya sesuai ketentuan,1
2023-10-06,ACC_KEMENDAG_090_334,ACC_BPK_004_523,10669364311.99,Belanja Pembayaran Bunga Utang,Pembayaran kupon SUN,0
2023-08-04,ACC_BPK_004_538,ACC_KEMENPERIN_019_798,8140507323.92,Belanja Pegawai,Gaji pegawai bulan berjalan,0
2023-07-30,ACC_PUPR_033_755,ACC_ESDM_020_678,7414672121.62,Belanja Pembayaran Bunga Utang,Pembayaran imbal hasil obligasi,0
2023-03-02,ACC_KEMENPAREKRAF_040_874,ACC_KEMENDAG_090_279,21742673728.33,Belanja Pembayaran Bunga Utang,Pembayaran bunga pinjaman luar negeri,0
2023-08-22,ACC_ESDM_020_899,ACC_KEMENLU_011_453,39050443255.92,Belanja Pegawai,Tunjangan kinerja triwulan,0
2023-06-19,ACC_KEMENESDM_020_830,ACC_PUPR_033_698,10558859234.93,Belanja Subsidi,Subsidi energi,0
2023-11-21,ACC_PPATK_078_827,ACC_KEMENPERIN_019_302,50992938619.35,Belanja Barang,Belanja pemeliharaan rutin,0
2023-04-11,ACC_PPATK_078_097,ACC_KEMENDAGRI_010_665,6045136127.18,Belanja Pembayaran Bunga Utang,Pembayaran bunga pinjaman luar negeri,0
2023-03-14,ACC_POLRI_060_254,ACC_KEMENDAGRI_010_963,52923451463.73,Belanja Modal,Pembayaran termin proyek resmi,0
2023-08-25,ACC_KEMENDIKBUD_023_550,ACC_BPS_054_020,16642264303.1,Belanja Barang,Penyewaan jasa kebersihan,0
2023-09-05,ACC_KEU_015_301,ACC_BPK_004_609,41274955679.05,Belanja Pembayaran Bunga Utang,Pembayaran imbal hasil obligasi,0
2023-09-12,ACC_KEMENDAGRI_010_278,ACC_BPK_004_133,39853902233.54,Belanja Pembayaran Bunga Utang,Pembayaran bunga pinjaman luar negeri,0
2023-11-08,ACC_KEMENHUB_022_562,ACC_PUPR_033_647,76222467862.96,Belanja Pembayaran Bunga Utang,Pembayaran bunga pinjaman luar negeri,0
2023-11-02,ACC_BRIN_124_060,ACC_BPJS_NA_637,14321447434.2,Belanja Subsidi,Subsidi energi,0
2023-03-29,ACC_KEMENPERIN_019_715,ACC_KEMENLU_011_361,41592790149.63,Belanja Modal,Pembangunan infrastruktur jalan,0
2023-07-01,ACC_KEMENDAGRI_010_864,ACC_PERT_018_680,21565047162.99,Belanja Modal,Pengadaan aset TIK,0
2023-11-02,ACC_KEMENESDM_020_721,ACC_KEU_015_623,17884473301.71,Belanja Barang,Pengadaan barang operasional,0
2023-05-17,ACC_KEMENPAREKRAF_040_355,ACC_KES_024_916,29382831353.76,Belanja Barang,Belanja ATK dan operasional kantor,0
2023-01-24,ACC_PUPR_033_984,ACC_KEMENESDM_020_943,5794869837.45,Belanja Barang,Belanja ATK dan operasional kantor,0
2023-03-31,ACC_KOMINFO_059_618,ACC_ESDM_020_684,12960588856.17,Belanja Lain-lain,Belanja lainnya sesuai ketentuan,0
2023-12-19,ACC_PERT_018_901,ACC_KEMENAG_025_604,9928807407.59,Belanja Modal,Pembangunan infrastruktur jalan,0
2023-02-19,ACC_KOMINFO_059_103,ACC_BPK_004_368,51740816426.03,Belanja Subsidi,Subsidi pupuk,0
2023-11-16,ACC_KES_024_520,ACC_BPS_054_449,53504832474.67,Belanja Pegawai,Pembayaran THR,0
2023-03-19,ACC_KEMENDAG_090_909,ACC_PERT_018_240,4676892890.26,Belanja Modal,Pengadaan peralatan dan mesin,0
2023-12-09,ACC_BPK_004_773,ACC_BPS_054_754,14613592784.36,Belanja Subsidi,Subsidi energi,0
2023-06-20,ACC_KEMENPERIN_019_659,ACC_BPK_004_270,7397027971.72,Belanja Barang,Penyewaan jasa kebersihan,0
2023-10-07,ACC_KEMENDAG_090_182,ACC_KEMENAG_025_166,2239254962.05,Belanja Barang,Belanja pemeliharaan rutin,0
2023-12-05,ACC_KEMENESDM_020_045,ACC_KOMINFO_059_502,39745074607.27465,Belanja Barang,Penyewaan jasa kebersihan,1
2023-02-02,ACC_KEMENPAREKRAF_040_299,ACC_KES_024_415,4466220061.35,Belanja Pegawai,Honorarium kegiatan resmi,0
2023-02-06,ACC_KEMENLU_011_431,ACC_PERT_018_495,13263605306.34,Belanja Barang,Belanja pemeliharaan rutin,0
2023-08-25,ACC_KEMENKOPUKM_044_900,ACC_BPS_054_406,4019194785.17,Belanja Pegawai,Pembayaran gaji ke-13,0
2023-07-25,ACC_KEMENPERIN_019_590,ACC_PPATK_078_913,8569926399.33,Belanja Pegawai,Pembayaran THR,0
2023-12-02,ACC_ESDM_020_606,ACC_KEMENPAREKRAF_040_592,8549745166.57,Belanja Modal,Pembayaran termin proyek resmi,0
2023-08-16,ACC_KEMENLU_011_483,ACC_BPS_054_134,31680232311.44,Belanja Barang,Pengadaan barang operasional,0
2023-03-16,ACC_KEMENDAG_090_806,ACC_KEMENPERIN_019_510,5740886155.57,Belanja Subsidi,Subsidi pupuk,0
2023-05-23,ACC_ESDM_020_474,ACC_KEMENHUB_022_568,22315685824.94,Belanja Pembayaran Bunga Utang,Pembayaran bunga pinjaman luar negeri,0
2023-02-27,ACC_POLRI_060_073,ACC_KEMENLU_011_215,16666645869.29,Belanja Pegawai,Pembayaran THR,0
2023-03-14,ACC_KEMENDAG_090_467,ACC_KEMENKOPUKM_044_271,29302458936.22,Belanja Subsidi,Subsidi bunga kredit program,0
2023-03-22,ACC_KEMENLU_011_322,ACC_KEMENHUB_022_435,13784327682.05,Belanja Pembayaran Bunga Utang,Pembayaran kupon SUN,0
2023-11-09,ACC_KES_024_906,ACC_KEMENDAGRI_010_293,56458108389.96773,Belanja Lain-lain,Belanja tak terduga,1
2023-02-24,ACC_BPJS_NA_550,ACC_KEMENPAREKRAF_040_243,20166582888.58,Belanja Pegawai,Tunjangan kinerja triwulan,0
2023-01-15,ACC_ESDM_020_656,ACC_KOMINFO_059_077,6821877803.71,Belanja Lain-lain,Belanja lainnya sesuai ketentuan,0
2023-05-18,ACC_KEU_015_478,ACC_KEMENDIKBUD_023_615,17293070422.97,Belanja Pembayaran Bunga Utang,Pembayaran imbal hasil obligasi,0
2023-12-31,ACC_KEMENPAREKRAF_040_276,ACC_KEMENLU_011_561,21844592673.08,Belanja Modal,Pengadaan aset TIK,0
2023-02-05,ACC_KEMENLU_011_171,ACC_PPATK_078_638,9678051898.84,Belanja Pegawai,Honorarium kegiatan resmi,0
2023-12-21,ACC_KEMENLU_011_204,ACC_KEMENPAREKRAF_040_289,5066202573.11,Belanja Pegawai,Honorarium kegiatan resmi,0
2023-03-29,ACC_KEMENESDM_020_911,ACC_KEMENAG_025_863,21106848123.27,Belanja Pembayaran Bunga Utang,Pembayaran bunga SBN,0
2023-09-11,ACC_BPS_054_278,ACC_PUPR_033_663,3801467566.55,Belanja Bantuan Sosial,Transfer bantuan sosial,0
2023-06-28,ACC_KEMENLU_011_637,ACC_KEMENAG_025_397,5866406405.55,Belanja Barang,Belanja ATK dan operasional kantor,0
2023-11-07,ACC_KOMINFO_059_850,ACC_BPS_054_875,6137839090.89,Belanja Pegawai,Honorarium kegiatan resmi,0
2023-01-03,ACC_PPATK_078_723,ACC_KEMENHAN_012_404,4961208891.53,Belanja Pegawai,Pembayaran gaji ke-13,0
2023-07-03,ACC_BPJS_NA_465,ACC_KEMENPAREKRAF_040_061,15330859180.43,Belanja Barang,Penyewaan jasa kebersihan,0
2023-07-06,ACC_BPJS_NA_039,ACC_PUPR_033_697,19667488738.87,Belanja Lain-lain,Belanja operasi non-rutin,0
2023-12-28,ACC_BPS_054_113,ACC_PPATK_078_425,2558973924.06,Belanja Pembayaran Bunga Utang,Pembayaran bunga pinjaman luar negeri,1
2023-10-14,ACC_BPK_004_155,ACC_KEMENPAREKRAF_040_165,30164476481.37,Belanja Pembayaran Bunga Utang,Pembayaran bunga SBN,0
2023-08-27,ACC_KEMENHAN_012_649,ACC_KEMENESDM_020_339,3139388030.39,Belanja Bantuan Sosial,Transfer bantuan sosial,0
2023-11-06,ACC_BPJS_NA_493,ACC_BRIN_124_679,20802054424.02,Belanja Pembayaran Bunga Utang,Pembayaran bunga pinjaman luar negeri,0
2023-05-23,ACC_POLRI_060_716,ACC_KEMENPERIN_019_176,17553513233.34,Belanja Subsidi,Subsidi pangan,0
2023-07-15,ACC_BRIN_124_826,ACC_ESDM_020_589,9901130912.89,Belanja Bantuan Sosial,Bantuan pangan nontunai,0
2023-11-23,ACC_BPK_004_906,ACC_KEMENPERIN_019_281,17720517168.85,Belanja Subsidi,Subsidi pupuk,0
2023-07-23,ACC_BRIN_124_243,ACC_PERT_018_367,17119842944.86,Belanja Modal,Pembayaran termin proyek resmi,0
2023-11-22,ACC_SOS_027_252,ACC_KES_024_906,20884188759.77,Belanja Lain-lain,Belanja operasi non-rutin,0
2023-12-09,ACC_KEMENLU_011_240,ACC_BPJS_NA_139,9005532186.3,Belanja Pegawai,Pembayaran gaji ke-13,0
2023-02-18,ACC_KES_024_304,ACC_KEMENDIKBUD_023_115,10115528816.66,Belanja Pembayaran Bunga Utang,Pembayaran bunga pinjaman luar negeri,0
2023-05-01,ACC_BPS_054_124,ACC_PERT_018_150,11745458784.09,Belanja Barang,Belanja pemeliharaan rutin,0
2023-09-25,ACC_POLRI_060_839,ACC_BPJS_NA_001,37908864336.32,Belanja Subsidi,Subsidi bunga kredit program,0
2023-03-05,ACC_KEMENDIKBUD_023_299,ACC_KEMENHUB_022_760,9819261975.07,Belanja Barang,Belanja pemeliharaan rutin,0
2023-04-25,ACC_KEMENAG_025_807,ACC_KEMENDAG_090_001,10028670541.31,Belanja Barang,Belanja pemeliharaan rutin,0
2023-09-08,ACC_PPATK_078_510,ACC_PPATK_078_510,25540785274.42,Belanja Pegawai,Gaji pegawai bulan berjalan,1
2023-03-12,ACC_KEMENESDM_020_137,ACC_KEMENAG_025_959,19233470615.85,Belanja Bantuan Sosial,Bantuan pangan nontunai,0
2023-03-10,ACC_ESDM_020_067,ACC_POLRI_060_433,41175190522.19,Belanja Subsidi,Subsidi energi,0
2023-11-05,ACC_PPATK_078_603,ACC_KEMENLU_011_115,36589640883.0,Belanja Subsidi,Subsidi bunga kredit program,0
2023-10-26,ACC_KEU_015_968,ACC_PERT_018_822,79159036557.61,Belanja Pembayaran Bunga Utang,Pembayaran kupon SUN,0
2023-08-13,ACC_KEU_015_671,ACC_SOS_027_716,11486273551.14,Belanja Barang,Pengadaan barang operasional,0
2023-09-24,ACC_BPJS_NA_446,ACC_BPS_054_340,55125147330.14,Belanja Subsidi,Subsidi pupuk,0
2023-04-26,ACC_BPS_054_858,ACC_KEMENESDM_020_074,67473282711.87,Belanja Lain-lain,Cadangan risiko fiskal,0
2023-08-10,ACC_PPATK_078_126,ACC_BPS_054_657,19748142484.45,Belanja Pegawai,Tunjangan kinerja triwulan,0
2023-06-01,ACC_PERT_018_694,ACC_KEMENHAN_012_375,85118279652.82,Belanja Modal,Pengadaan peralatan dan mesin,0
2023-01-06,ACC_BPJS_NA_846,ACC_ESDM_020_695,8136763761.81,Belanja Pegawai,Tunjangan kinerja triwulan,0
2023-04-26,ACC_KEMENPAREKRAF_040_614,ACC_PERT_018_008,13724082286.78,Belanja Modal,Pembangunan infrastruktur jalan,0
2023-10-31,ACC_SOS_027_467,ACC_KEMENKOPUKM_044_952,8867910495.7,Belanja Modal,Pembangunan infrastruktur jalan,0
2023-03-29,ACC_KOMINFO_059_010,ACC_PERT_018_308,7332137665.15,Belanja Lain-lain,Belanja tak terduga,0
2023-05-24,ACC_PUPR_033_335,ACC_PPATK_078_018,60847699264.77,Belanja Subsidi,Subsidi energi,0
2023-12-08,ACC_KOMINFO_059_800,ACC_POLRI_060_811,15947970965.99,Belanja Modal,Pengadaan aset TIK,0
2023-11-02,ACC_KEMENKOPUKM_044_780,ACC_KEMENKOPUKM_044_780,6647970048.95,Belanja Pegawai,Pembayaran gaji ke-13,1
2023-02-27,ACC_SOS_027_851,ACC_KEMENESDM_020_447,24892403842.99,Belanja Bantuan Sosial,Bansos tunai,0
2023-08-22,ACC_KES_024_822,ACC_KEMENDAG_090_047,34993788963.82,Belanja Subsidi,Pembayaran subsidi,0
2023-09-12,ACC_KEMENLU_011_995,ACC_SOS_027_223,133930880543.64,Belanja Modal,Pembangunan/rehabilitasi gedung,0
2023-04-06,ACC_KES_024_107,ACC_KEMENDAGRI_010_632,14393656979.13,Belanja Lain-lain,Belanja lainnya sesuai ketentuan,0
2023-06-15,ACC_KEMENAG_025_926,ACC_BPK_004_698,75450815926.84352,Belanja Pegawai,Pembayaran THR,1
2023-02-06,ACC_KEMENPAREKRAF_040_201,ACC_BRIN_124_870,32799318880.0,Belanja Subsidi,Hibah barang kepada daerah,1
2023-06-17,ACC_KEU_015_263,ACC_PUPR_033_133,20414781368.35,Belanja Lain-lain,Cadangan risiko fiskal,0
2023-01-11,ACC_KEU_015_201,ACC_BRIN_124_945,12017360289.65,Belanja Pegawai,Pembayaran gaji ke-13,0
2023-01-03,ACC_PUPR_033_214,ACC_SOS_027_808,18471034458.54,Belanja Barang,Belanja ATK dan operasional kantor,0
2023-10-18,ACC_KEMENDIKBUD_023_108,ACC_KEU_015_408,10175847246.84,Belanja Pegawai,Pembayaran THR,0
2023-02-21,ACC_KEMENPERIN_019_112,ACC_KEMENDIKBUD_023_295,89751682726.3,Belanja Pembayaran Bunga Utang,Pembayaran imbal hasil obligasi,0
2023-09-15,ACC_KEMENPAREKRAF_040_646,ACC_KEMENPAREKRAF_040_646,9297408019.16,Belanja Pegawai,Pembayaran gaji ke-13,1
2023-06-20,ACC_BPS_054_210,ACC_KEMENDAGRI_010_808,10134096930.56,Belanja Barang,Penyewaan jasa kebersihan,0
2023-09-12,ACC_BRIN_124_908,ACC_KEMENDAGRI_010_553,14665936948.33,Belanja Pembayaran Bunga Utang,Pembayaran imbal hasil obligasi,0
2023-10-06,ACC_BPK_004_469,ACC_KEMENHAN_012_592,45500957319.19,Belanja Pembayaran Bunga Utang,Pembayaran kupon SUN,0
2023-08-17,ACC_KEMENLU_011_150,ACC_KEMENPERIN_019_755,5912995327.39,Belanja Pegawai,Gaji pegawai bulan berjalan,0
2023-03-30,ACC_KEMENHAN_012_494,ACC_KEMENDAGRI_010_527,15476534548.06,Belanja Barang,Pengadaan barang operasional,0
2023-03-02,ACC_KEU_015_876,ACC_KEMENKOPUKM_044_732,14990106276.82,Belanja Pembayaran Bunga Utang,Pembayaran kupon SUN,0
2023-06-15,ACC_PPATK_078_524,ACC_ESDM_020_216,8238095696.56,Belanja Barang,Pengadaan barang operasional,0
2023-06-25,ACC_KEMENPERIN_019_723,ACC_SOS_027_543,8505702669.36,Belanja Pegawai,Pembayaran gaji ke-13,0
2023-06-02,ACC_POLRI_060_708,ACC_BPJS_NA_498,22900015050.86,Belanja Barang,Belanja ATK dan operasional kantor,0
2023-06-19,ACC_KEMENHAN_012_950,ACC_KEMENKOPUKM_044_869,22471789777.19,Belanja Bantuan Sosial,Bantuan sosial kebencanaan,0
2023-08-20,ACC_BRIN_124_696,ACC_KEMENPAREKRAF_040_359,7588508062.86,Belanja Lain-lain,Belanja operasi non-rutin,0
2023-03-06,ACC_BRIN_124_710,ACC_KOMINFO_059_027,9809608441.07,Belanja Pegawai,Gaji pegawai bulan berjalan,0
2023-09-25,ACC_KEMENESDM_020_597,ACC_KEMENDAGRI_010_066,4765535288.77,Belanja Lain-lain,Belanja lainnya sesuai ketentuan,0
2023-11-15,ACC_KEMENESDM_020_982,ACC_KEMENHAN_012_328,13243764052.86,Belanja Pembayaran Bunga Utang,Pembayaran bunga SBN,0
2023-11-23,ACC_PPATK_078_542,ACC_KEMENDAGRI_010_125,24240024777.43,Belanja Subsidi,Subsidi pangan,0
2023-06-06,ACC_BPK_004_559,ACC_KEMENPERIN_019_869,13751738088.38,Belanja Lain-lain,Belanja operasi non-rutin,0
2023-01-22,ACC_KEMENLU_011_974,ACC_PPATK_078_953,22120148821.1,Belanja Pembayaran Bunga Utang,Pembayaran bunga SBN,0
2023-07-07,ACC_KEMENHAN_012_570,ACC_BPS_054_771,18535472109.08,Belanja Pembayaran Bunga Utang,Pembayaran kupon SUN,0
2023-11-02,ACC_BRIN_124_002,ACC_BPJS_NA_271,11436174580.46,Belanja Pembayaran Bunga Utang,Pembayaran bunga SBN,0
2023-08-12,ACC_PPATK_078_879,ACC_KEMENLU_011_692,17498685193.84,Belanja Pegawai,Honorarium kegiatan resmi,0
2023-02-06,ACC_KEMENPERIN_019_107,ACC_KOMINFO_059_297,15348957371.67,Belanja Pembayaran Bunga Utang,Pembayaran bunga pinjaman luar negeri,0
2023-02-09,ACC_KEMENDIKBUD_023_597,ACC_KEMENAG_025_814,7422556957.52,Belanja Pegawai,Pembayaran gaji ke-13,0
2023-12-24,ACC_PUPR_033_488,ACC_ESDM_020_354,20978549741.37,Belanja Barang,Belanja pemeliharaan rutin,0
2023-06-07,ACC_KES_024_484,ACC_KEMENDAG_090_304,6137167969.36,Belanja Pegawai,Bansos tunai,1
2023-09-13,ACC_KEMENKOPUKM_044_967,ACC_PERT_018_018,85226315155.04,Belanja Subsidi,Subsidi pangan,0
2023-10-08,ACC_SOS_027_757,ACC_KEMENPAREKRAF_040_008,11032106782.31,Belanja Lain-lain,Belanja tak terduga,0
2023-01-07,ACC_BPK_004_136,ACC_KOMINFO_059_531,6870050301.7,Belanja Lain-lain,Belanja tak terduga,0
2023-02-10,ACC_BRIN_124_446,ACC_BPJS_NA_114,20260656682.91,Belanja Lain-lain,Belanja lainnya sesuai ketentuan,0
2023-07-15,ACC_SOS_027_860,ACC_BPS_054_737,13503305473.66,Belanja Modal,Pembayaran termin proyek resmi,0
2023-06-30,ACC_PERT_018_077,ACC_KEMENDAGRI_010_374,5438119056.27,Belanja Pegawai,Pembayaran THR,0
2023-03-08,ACC_POLRI_060_525,ACC_BPK_004_092,6299591364.09,Belanja Pembayaran Bunga Utang,Pembayaran imbal hasil obligasi,0
2023-09-30,ACC_BRIN_124_304,ACC_KEMENPAREKRAF_040_398,71600777962.65,Belanja Subsidi,Pembayaran subsidi,0
2023-04-07,ACC_BRIN_124_331,ACC_ESDM_020_205,2298473612.29,Belanja Modal,Pembangunan infrastruktur jalan,0
2023-10-13,ACC_KEMENESDM_020_425,ACC_PPATK_078_429,28185596246.17,Belanja Pembayaran Bunga Utang,Pembayaran kupon SUN,0
2023-05-15,ACC_KES_024_654,ACC_KES_024_654,6142645088.61,Belanja Barang,Penyewaan jasa kebersihan,1
2023-04-11,ACC_BPK_004_484,ACC_KEMENAG_025_046,4087054696.36,Belanja Barang,Belanja internet dan komunikasi,0
2023-05-16,ACC_KES_024_792,ACC_KEMENESDM_020_579,8563030984.6,Belanja Subsidi,Subsidi bunga kredit program,0
2023-03-04,ACC_KEMENLU_011_460,ACC_BPJS_NA_266,18561745415.83,Belanja Barang,Belanja pemeliharaan rutin,0
2023-02-13,ACC_KEMENESDM_020_886,ACC_KEMENHUB_022_510,12512236549.93,Belanja Pembayaran Bunga Utang,Pembayaran kupon SUN,0
2023-08-01,ACC_BPK_004_234,ACC_POLRI_060_863,14135889779.33,Belanja Pembayaran Bunga Utang,Pembayaran bunga SBN,0
2023-12-27,ACC_KEMENDAG_090_320,ACC_KES_024_222,21486003737.14,Belanja Modal,Pembayaran termin proyek resmi,0
2023-12-26,ACC_KES_024_601,ACC_KEMENDAGRI_010_774,36729925149.37,Belanja Barang,Belanja internet dan komunikasi,0
2023-07-07,ACC_KOMINFO_059_624,ACC_PPATK_078_452,8003539953.38,Belanja Modal,Pembayaran termin proyek resmi,0
2023-05-07,ACC_KEMENAG_025_392,ACC_KEMENHAN_012_831,10119541472.21,Belanja Pembayaran Bunga Utang,Pembayaran bunga pinjaman luar negeri,0
2023-10-01,ACC_KEMENDAGRI_010_845,ACC_KEMENLU_011_982,4682977407.69,Belanja Pembayaran Bunga Utang,Pembayaran bunga SBN,0
2023-08-02,ACC_KEMENDAG_090_484,ACC_PUPR_033_529,2332817470.35,Belanja Pegawai,Pembayaran gaji ke-13,0
2023-09-27,ACC_KEMENHUB_022_825,ACC_KOMINFO_059_861,5032607229.93,Belanja Pegawai,Pembayaran THR,0
2023-08-20,ACC_BPS_054_458,ACC_KEMENDAGRI_010_375,11635925164.55,Belanja Pegawai,Honorarium kegiatan resmi,0
2023-04-09,ACC_BRIN_124_207,ACC_ESDM_020_520,38580137028.64,Belanja Pembayaran Bunga Utang,Pembayaran bunga pinjaman luar negeri,0
2023-06-07,ACC_SOS_027_872,ACC_KEMENLU_011_099,12531259813.16,Belanja Barang,Pengadaan barang operasional,0
2023-07-27,ACC_KEMENHUB_022_585,ACC_KEMENKOPUKM_044_991,7418893808.6,Belanja Barang,Penyewaan jasa kebersihan,0
2023-10-06,ACC_ESDM_020_710,ACC_KEMENDAG_090_670,18934402368.67,Belanja Barang,Belanja ATK dan operasional kantor,0
2023-09-05,ACC_KEMENPAREKRAF_040_368,ACC_BRIN_124_744,2659186226.62,Belanja Pembayaran Bunga Utang,Pembayaran kupon SUN,0
2023-11-04,ACC_ESDM_020_493,ACC_KEMENPERIN_019_411,20636057143.43,Belanja Pegawai,Honorarium kegiatan resmi,0
2023-11-24,ACC_ESDM_020_464,ACC_PPATK_078_702,10378159879.0,Belanja Lain-lain,Belanja lainnya sesuai ketentuan,0
2023-11-29,ACC_KEMENPERIN_019_076,ACC_KEMENDAGRI_010_755,48542893534.67,Belanja Barang,Penyewaan jasa kebersihan,0
2023-07-09,ACC_KEMENDIKBUD_023_489,ACC_BPJS_NA_889,38457945957.46,Belanja Modal,Pembayaran termin proyek resmi,0
2023-10-21,ACC_POLRI_060_860,ACC_BPJS_NA_719,4417502745.76,Belanja Pegawai,Pembayaran gaji ke-13,0
2023-05-21,ACC_KEMENPAREKRAF_040_597,ACC_KEMENESDM_020_694,31111851244.02,Belanja Barang,Pembayaran subsidi,1
2023-04-17,ACC_KEMENPAREKRAF_040_348,ACC_KEMENDAG_090_142,26427516447.7,Belanja Pembayaran Bunga Utang,Pembayaran kupon SUN,0
2023-09-02,ACC_PUPR_033_442,ACC_KEMENDAGRI_010_703,15180155261.62,Belanja Subsidi,Subsidi energi,0
2023-07-19,ACC_BPJS_NA_405,ACC_KOMINFO_059_421,68510954852.97,Belanja Subsidi,Subsidi energi,0
2023-01-13,ACC_BPJS_NA_592,ACC_PPATK_078_286,29863237992.42,Belanja Modal,Pembayaran termin proyek resmi,0
2023-05-30,ACC_PERT_018_960,ACC_KEMENPAREKRAF_040_428,20763586361.73,Belanja Pembayaran Bunga Utang,Pembayaran kupon SUN,0
2023-10-20,ACC_KEMENDAG_090_334,ACC_BRIN_124_272,5986763299.87,Belanja Modal,Pengadaan peralatan dan mesin,0
2023-06-21,ACC_KEU_015_730,ACC_KEMENHUB_022_649,2274245648.79,Belanja Pegawai,Pembayaran THR,0
2023-02-13,ACC_KEMENDAGRI_010_532,ACC_BPS_054_631,213891455339.7,Belanja Subsidi,Subsidi pangan,0
2023-12-02,ACC_KEMENHAN_012_868,ACC_KEMENLU_011_774,4864698322.27,Belanja Pegawai,Pembayaran THR,0
2023-11-18,ACC_KES_024_786,ACC_KEMENDIKBUD_023_234,14546961291.22,Belanja Bantuan Sosial,Bantuan pangan nontunai,0
2023-11-10,ACC_KEMENDAG_090_175,ACC_BPJS_NA_706,15249536105.1,Belanja Bantuan Sosial,Bansos tunai,0
2023-10-22,ACC_BPJS_NA_215,ACC_KEMENHUB_022_986,17350299003.66,Belanja Subsidi,Subsidi pangan,0
2023-07-21,ACC_SOS_027_142,ACC_ESDM_020_718,4875325720.44,Belanja Pegawai,Honorarium kegiatan resmi,0
2023-06-20,ACC_KEMENAG_025_406,ACC_PUPR_033_828,18803471391.25,Belanja Pegawai,Honorarium kegiatan resmi,0
2023-07-23,ACC_KEMENKOPUKM_044_963,ACC_KEMENESDM_020_959,13933375072.49,Belanja Pembayaran Bunga Utang,Pembayaran bunga pinjaman luar negeri,0
2023-12-27,ACC_KEMENAG_025_590,ACC_ESDM_020_189,6736505946.01,Belanja Barang,Belanja pemeliharaan rutin,1
2023-05-22,ACC_BPJS_NA_585,ACC_KEMENPAREKRAF_040_102,17626039212.38,Belanja Barang,Penyewaan jasa kebersihan,0
2023-03-06,ACC_ESDM_020_193,ACC_KOMINFO_059_953,6124363531.2,Belanja Barang,Belanja ATK dan operasional kantor,0
2023-07-14,ACC_PPATK_078_454,ACC_KOMINFO_059_574,5269275561.2,Belanja Pembayaran Bunga Utang,Pembayaran bunga SBN,0
2023-10-28,ACC_KEMENHAN_012_779,ACC_PPATK_078_456,15297913888.05,Belanja Pembayaran Bunga Utang,Pembayaran bunga SBN,0
2023-04-22,ACC_BRIN_124_337,ACC_ESDM_020_032,6701244484.47,Belanja Barang,Belanja pemeliharaan rutin,0
2023-09-04,ACC_BPS_054_773,ACC_BRIN_124_191,11563958045.83,Belanja Lain-lain,Belanja tak terduga,0
2023-06-02,ACC_PUPR_033_485,ACC_SOS_027_328,4587628930.82,Belanja Lain-lain,Cadangan risiko fiskal,0
2023-10-29,ACC_KEMENPAREKRAF_040_665,ACC_PERT_018_746,4049954917.46,Belanja Bantuan Sosial,Transfer bantuan sosial,0
2023-10-17,ACC_SOS_027_160,ACC_KEMENDIKBUD_023_373,41470230991.61,Belanja Pegawai,Honorarium kegiatan resmi,0
2023-07-04,ACC_KEMENAG_025_807,ACC_BPS_054_647,24214703096.17,Belanja Pegawai,Tunjangan kinerja triwulan,0
2023-06-26,ACC_KEMENESDM_020_873,ACC_PPATK_078_749,7901710007.32,Belanja Pegawai,Pembayaran THR,0
2023-05-18,ACC_BPK_004_874,ACC_PUPR_033_132,33410655624.25,Belanja Pembayaran Bunga Utang,Pembayaran bunga SBN,0
2023-10-02,ACC_BPK_004_576,ACC_KEMENLU_011_808,4028442178.26,Belanja Pegawai,Pembayaran THR,0
2023-05-17,ACC_KEMENDAG_090_158,ACC_BPJS_NA_056,3586655276.28,Belanja Pembayaran Bunga Utang,Pembayaran bunga pinjaman luar negeri,0
2023-11-22,ACC_KEMENESDM_020_640,ACC_PPATK_078_638,3358857256.76,Belanja Pembayaran Bunga Utang,Pembayaran kupon SUN,0
2023-12-23,ACC_BPJS_NA_919,ACC_BRIN_124_333,81485116989.26,Belanja Subsidi,Pembayaran subsidi,0
2023-05-21,ACC_KEMENKOPUKM_044_846,ACC_KEMENESDM_020_607,29363480117.33,Belanja Pembayaran Bunga Utang,Pembayaran kupon SUN,0
2023-04-20,ACC_POLRI_060_052,ACC_KEMENESDM_020_615,12998495980.6,Belanja Barang,Belanja pemeliharaan rutin,0
2023-10-11,ACC_KEMENHAN_012_729,ACC_KEU_015_046,16274854977.99,Belanja Pembayaran Bunga Utang,Pembayaran bunga SBN,0
2023-01-02,ACC_SOS_027_895,ACC_KES_024_017,21492343618.66,Belanja Bantuan Sosial,Transfer bantuan sosial,0
2023-10-16,ACC_KEMENPAREKRAF_040_844,ACC_KEMENESDM_020_854,6122694194.31,Belanja Modal,Pembangunan infrastruktur jalan,0
2023-12-03,ACC_BPK_004_574,ACC_KEU_015_811,70791812022.37,Belanja Bantuan Sosial,Bantuan sosial kebencanaan,0
2023-03-04,ACC_KEMENAG_025_820,ACC_KEMENPAREKRAF_040_279,2434923185.25,Belanja Lain-lain,Cadangan risiko fiskal,0
2023-01-21,ACC_BPJS_NA_299,ACC_PPATK_078_201,8968561929.29,Belanja Barang,Pengadaan barang operasional,0
2023-05-01,ACC_KEMENAG_025_069,ACC_PERT_018_646,42963027387.29,Belanja Barang,Belanja pemeliharaan rutin,0
2023-11-11,ACC_KEMENPAREKRAF_040_496,ACC_KEMENESDM_020_924,11436663377.97,Belanja Pembayaran Bunga Utang,Pembayaran kupon SUN,0
2023-10-20,ACC_KEMENDAG_090_992,ACC_KEMENAG_025_429,3390998666.12,Belanja Pegawai,Tunjangan kinerja triwulan,0
2023-08-04,ACC_SOS_027_628,ACC_KEMENDAGRI_010_118,20401811727.56,Belanja Barang,Pengadaan barang operasional,0
2023-04-14,ACC_BPJS_NA_653,ACC_KEMENHUB_022_167,5398059699.48,Belanja Modal,Pengadaan peralatan dan mesin,0
2023-09-29,ACC_KEMENLU_011_562,ACC_BPJS_NA_883,10827675453.18,Belanja Lain-lain,Belanja internet dan komunikasi,1
2023-05-20,ACC_KEMENLU_011_528,ACC_KEMENHUB_022_821,36482962295.06,Belanja Barang,Belanja internet dan komunikasi,0
2023-06-13,ACC_KEMENDIKBUD_023_062,ACC_KEMENPAREKRAF_040_340,14468669897.86,Belanja Barang,Pengadaan barang operasional,0
2023-03-14,ACC_KEMENDIKBUD_023_581,ACC_KEMENAG_025_977,43397263841.13,Belanja Modal,Pembangunan infrastruktur jalan,0
2023-01-02,ACC_BPJS_NA_309,ACC_KEMENESDM_020_119,19029430515.88,Belanja Modal,Pembayaran termin proyek resmi,0
2023-03-16,ACC_KOMINFO_059_351,ACC_BRIN_124_506,45463190254.67,Belanja Barang,Pengadaan barang operasional,0
2023-01-03,ACC_PERT_018_696,ACC_KEMENPERIN_019_847,11587937653.61,Belanja Subsidi,Subsidi energi,0
2023-08-13,ACC_KEU_015_310,ACC_KEMENHUB_022_573,19626917960.35,Belanja Barang,Belanja pemeliharaan rutin,0
2023-08-17,ACC_KEMENDAGRI_010_195,ACC_SOS_027_763,5246187475.8,Belanja Barang,Pengadaan barang operasional,0
2023-11-16,ACC_ESDM_020_562,ACC_KEMENAG_025_469,19928923600.15,Belanja Pembayaran Bunga Utang,Pembayaran bunga pinjaman luar negeri,0
2023-01-22,ACC_KEMENESDM_020_371,ACC_PERT_018_182,11517376551.07,Belanja Barang,Pengadaan barang operasional,0
2023-12-14,ACC_KEMENHUB_022_479,ACC_POLRI_060_209,13525375995.89,Belanja Pembayaran Bunga Utang,Pembayaran bunga SBN,0
2023-10-05,ACC_KES_024_749,ACC_SOS_027_688,5587252217.91,Belanja Barang,Belanja internet dan komunikasi,0
2023-08-30,ACC_KEMENDAG_090_817,ACC_KEMENHAN_012_583,5425919949.31,Belanja Pegawai,Pembayaran gaji ke-13,0
2023-02-24,ACC_PERT_018_956,ACC_BPS_054_727,8492398763.44,Belanja Barang,Pengadaan barang operasional,0
2023-10-23,ACC_BPK_004_723,ACC_KEMENDAG_090_285,4105706816.28,Belanja Barang,Pengadaan barang operasional,0
2023-11-26,ACC_KEMENDIKBUD_023_396,ACC_KEMENDAG_090_120,4417322866.33,Belanja Pegawai,Pembayaran gaji ke-13,0
2023-01-04,ACC_KEMENKOPUKM_044_393,ACC_ESDM_020_143,7225285639.29,Belanja Pembayaran Bunga Utang,Pembayaran kupon SUN,0
2023-12-01,ACC_BPJS_NA_858,ACC_KEMENDAGRI_010_220,9428400646.13,Belanja Modal,Pembangunan infrastruktur jalan,0
2023-02-01,ACC_KEMENHAN_012_777,ACC_KEMENPERIN_019_334,6504543390.48,Belanja Bantuan Sosial,Bantuan sosial kebencanaan,0
2023-12-18,ACC_KEMENDIKBUD_023_339,ACC_KOMINFO_059_926,11602803863.53,Belanja Modal,Pembayaran termin proyek resmi,0
2023-04-03,ACC_BRIN_124_792,ACC_PUPR_033_358,4671187536.03,Belanja Pegawai,Tunjangan kinerja triwulan,0
2023-03-01,ACC_PUPR_033_477,ACC_KOMINFO_059_726,21858181737.59,Belanja Modal,Pengadaan peralatan dan mesin,0
2023-02-03,ACC_KEMENDAG_090_034,ACC_KOMINFO_059_688,14490249456.05,Belanja Pegawai,Tunjangan kinerja triwulan,0
2023-06-07,ACC_KEMENPERIN_019_757,ACC_KEMENHUB_022_500,9424080046.9,Belanja Pembayaran Bunga Utang,Pembayaran bunga pinjaman luar negeri,0
2023-04-24,ACC_KEMENAG_025_797,ACC_KEMENHAN_012_919,9050089307.38,Belanja Pegawai,Honorarium kegiatan resmi,0
2023-05-23,ACC_ESDM_020_609,ACC_PPATK_078_309,24181079256.43,Belanja Modal,Pembangunan infrastruktur jalan,0
2023-12-30,ACC_BPS_054_216,ACC_KES_024_246,19122309123.12,Belanja Pembayaran Bunga Utang,Pembayaran imbal hasil obligasi,0
2023-10-20,ACC_POLRI_060_391,ACC_KEMENLU_011_520,2586054834.17,Belanja Lain-lain,Belanja tak terduga,0
2023-07-21,ACC_KEMENLU_011_214,ACC_KEMENKOPUKM_044_606,11612476768.09,Belanja Barang,Pengadaan barang operasional,0
2023-03-16,ACC_POLRI_060_982,ACC_BRIN_124_669,10028721249.55,Belanja Pegawai,Pembayaran THR,0
2023-07-14,ACC_BPJS_NA_670,ACC_ESDM_020_146,4206051800.17,Belanja Modal,Pembangunan infrastruktur jalan,0
2023-10-04,ACC_KOMINFO_059_821,ACC_KES_024_595,41726832887.77,Belanja Subsidi,Subsidi bunga kredit program,0
2023-03-05,ACC_KEMENESDM_020_449,ACC_BPJS_NA_112,8493625059.95,Belanja Barang,Hibah proyek kerjasama internasional,1
2023-01-20,ACC_BPJS_NA_576,ACC_KEMENHAN_012_289,8807060640.26,Belanja Barang,Belanja internet dan komunikasi,0
2023-07-24,ACC_BRIN_124_492,ACC_KEMENESDM_020_164,3443856868.39,Belanja Pegawai,Pembayaran gaji ke-13,0
2023-03-09,ACC_KEMENPERIN_019_855,ACC_PERT_018_021,2715152314.01,Belanja Pegawai,Pembayaran THR,0
2023-12-17,ACC_ESDM_020_595,ACC_KEMENDAGRI_010_870,44676177161.35,Belanja Barang,Belanja pemeliharaan rutin,0
2023-03-19,ACC_KEMENLU_011_434,ACC_KEU_015_380,28568397494.2,Belanja Pembayaran Bunga Utang,Pembayaran bunga pinjaman luar negeri,0
2023-06-18,ACC_KES_024_709,ACC_POLRI_060_965,27704817576.96,Belanja Pembayaran Bunga Utang,Pembayaran bunga SBN,0
2023-03-08,ACC_KEMENHUB_022_229,ACC_SOS_027_161,17514492750.38,Belanja Modal,Pembangunan infrastruktur jalan,0
2023-03-05,ACC_BPS_054_638,ACC_KES_024_730,6062510653.16,Belanja Modal,Pembangunan/rehabilitasi gedung,0
2023-12-30,ACC_KEMENESDM_020_485,ACC_KES_024_013,12787874653.98,Belanja Bantuan Sosial,Bantuan pangan nontunai,1
2023-01-21,ACC_KEMENDAGRI_010_694,ACC_POLRI_060_319,9623133451.89,Belanja Pembayaran Bunga Utang,Pembayaran bunga pinjaman luar negeri,0
2023-03-17,ACC_BPK_004_329,ACC_POLRI_060_416,39543606541.59,Belanja Modal,Pembayaran termin proyek resmi,0
2023-05-11,ACC_SOS_027_360,ACC_KEMENLU_011_540,16154294509.6,Belanja Barang,Belanja ATK dan operasional kantor,0
2023-02-15,ACC_KEMENLU_011_001,ACC_SOS_027_678,28632679985.77,Belanja Barang,Pengadaan barang operasional,0
2023-07-21,ACC_PERT_018_566,ACC_KEMENDIKBUD_023_482,7232145425.39,Belanja Lain-lain,Cadangan risiko fiskal,0
2023-10-05,ACC_KEMENAG_025_016,ACC_KEMENPAREKRAF_040_525,15401434256.8,Belanja Barang,Pengadaan barang operasional,0
2023-03-08,ACC_KEMENDIKBUD_023_859,ACC_KEMENHAN_012_723,33490975733.1,Belanja Lain-lain,Cadangan risiko fiskal,0
2023-02-02,ACC_KEMENHUB_022_115,ACC_POLRI_060_787,13527895522.16,Belanja Pembayaran Bunga Utang,Pembayaran bunga SBN,0
2023-04-30,ACC_PUPR_033_865,ACC_PERT_018_024,9726873967.03,Belanja Lain-lain,Cadangan risiko fiskal,0
2023-03-16,ACC_KEMENLU_011_753,ACC_PERT_018_535,18436371212.89,Belanja Modal,Pembangunan/rehabilitasi gedung,0
2023-04-08,ACC_PPATK_078_658,ACC_BRIN_124_978,5556261570.5,Belanja Lain-lain,Belanja operasi non-rutin,0
2023-02-09,ACC_KEMENPAREKRAF_040_705,ACC_KEMENAG_025_239,23266347706.79,Belanja Pegawai,Tunjangan kinerja triwulan,0
2023-11-21,ACC_POLRI_060_265,ACC_KEU_015_581,6133958491.31,Belanja Barang,Belanja internet dan komunikasi,0
2023-12-21,ACC_BPJS_NA_731,ACC_ESDM_020_196,17200754716.5,Belanja Lain-lain,Belanja tak terduga,0
2023-06-10,ACC_ESDM_020_233,ACC_KEMENLU_011_491,15491140193.98,Belanja Pembayaran Bunga Utang,Pembayaran imbal hasil obligasi,0
2023-11-07,ACC_PUPR_033_651,ACC_PPATK_078_227,13216711015.89,Belanja Lain-lain,Cadangan risiko fiskal,0
2023-08-05,ACC_BPJS_NA_871,ACC_BPK_004_578,22005382634.11,Belanja Pegawai,Pembayaran gaji ke-13,0
2023-02-24,ACC_BPS_054_868,ACC_BPJS_NA_755,39882642521.21,Belanja Modal,Pengadaan aset TIK,0
2023-01-02,ACC_PERT_018_769,ACC_KEMENKOPUKM_044_442,38168322231.75,Belanja Pembayaran Bunga Utang,Pembayaran imbal hasil obligasi,0
2023-04-25,ACC_KEMENKOPUKM_044_903,ACC_KEMENDIKBUD_023_600,8927445439.1,Belanja Pegawai,Honorarium kegiatan resmi,0
2023-06-09,ACC_POLRI_060_173,ACC_BPS_054_545,25951084141.74,Belanja Pembayaran Bunga Utang,Pembayaran bunga pinjaman luar negeri,0
2023-07-15,ACC_KEMENDAG_090_796,ACC_KEMENESDM_020_599,12072636381.14,Belanja Pembayaran Bunga Utang,Pembayaran bunga SBN,0
2023-05-18,ACC_KEMENDAG_090_782,ACC_BPS_054_359,5045337244.57,Belanja Pegawai,Honorarium kegiatan resmi,0
2023-03-29,ACC_KES_024_658,ACC_KEMENESDM_020_016,21865225111.22,Belanja Pegawai,Gaji pegawai bulan berjalan,0
2023-01-08,ACC_KES_024_472,ACC_PPATK_078_468,10889599916.16,Belanja Pegawai,Tunjangan kinerja triwulan,0
2023-12-06,ACC_KES_024_510,ACC_PERT_018_402,17557515310.87,Belanja Pegawai,Pembayaran gaji ke-13,0
2023-01-18,ACC_PUPR_033_056,ACC_KES_024_919,16010519585.04,Belanja Pembayaran Bunga Utang,Pembayaran imbal hasil obligasi,0
2023-04-28,ACC_KEMENHUB_022_794,ACC_KEMENPAREKRAF_040_766,8525782814.13,Belanja Pembayaran Bunga Utang,Pembayaran bunga SBN,0
2023-10-12,ACC_BPS_054_450,ACC_BRIN_124_320,26946483448.05,Belanja Modal,Pembangunan infrastruktur jalan,0
2023-04-23,ACC_PPATK_078_902,ACC_ESDM_020_651,13935507544.57,Belanja Modal,Pengadaan aset TIK,0
2023-03-27,ACC_KEMENPAREKRAF_040_285,ACC_KEMENDIKBUD_023_572,31487223450.82,Belanja Subsidi,Subsidi pupuk,0
2023-11-21,ACC_BPJS_NA_970,ACC_SOS_027_458,23984772848.18,Belanja Modal,Pengadaan aset TIK,0
2023-12-24,ACC_KEU_015_203,ACC_KEMENPERIN_019_708,22434718924.48,Belanja Pegawai,Tunjangan kinerja triwulan,0
2023-09-13,ACC_PPATK_078_223,ACC_KEU_015_369,93514144167.87,Belanja Modal,Pengadaan aset TIK,0
2023-12-19,ACC_BPJS_NA_136,ACC_KEMENHUB_022_942,35744209718.76,Belanja Pembayaran Bunga Utang,Pembayaran imbal hasil obligasi,0
2023-08-31,ACC_BPK_004_106,ACC_PPATK_078_583,19847684991.0,Belanja Lain-lain,Belanja lainnya sesuai ketentuan,0
2023-07-08,ACC_KEMENPERIN_019_364,ACC_KEMENKOPUKM_044_239,15670521366.67,Belanja Pegawai,Tunjangan kinerja triwulan,0
2023-10-31,ACC_BRIN_124_091,ACC_KEMENDIKBUD_023_392,12961994792.12,Belanja Subsidi,Subsidi energi,0
2023-05-26,ACC_PERT_018_282,ACC_KES_024_991,21454817011.88,Belanja Lain-lain,Cadangan risiko fiskal,0
2023-06-18,ACC_ESDM_020_847,ACC_KEMENDIKBUD_023_170,15660436351.71,Belanja Pegawai,Honorarium kegiatan resmi,0
2023-05-22,ACC_PUPR_033_897,ACC_BPS_054_785,10922456455.43,Belanja Lain-lain,Belanja operasi non-rutin,0
2023-08-09,ACC_KEMENLU_011_053,ACC_PERT_018_118,6299485049.77,Belanja Pembayaran Bunga Utang,Pembayaran imbal hasil obligasi,0
2023-12-02,ACC_SOS_027_962,ACC_KEMENDAGRI_010_557,39126701703.55,Belanja Pembayaran Bunga Utang,Pembayaran bunga pinjaman luar negeri,0
2023-07-24,ACC_KEMENHUB_022_499,ACC_SOS_027_324,7786878426.8,Belanja Barang,Penyewaan jasa kebersihan,0
2023-06-13,ACC_KEMENDAG_090_324,ACC_KEMENPAREKRAF_040_568,3714947915.3,Belanja Bantuan Sosial,Bantuan pangan nontunai,0
2023-05-08,ACC_POLRI_060_903,ACC_KOMINFO_059_634,7432644450.7,Belanja Subsidi,Pembayaran subsidi,0
2023-08-27,ACC_PPATK_078_727,ACC_KEMENESDM_020_804,7347277276.76,Belanja Subsidi,Subsidi pupuk,0
2023-01-25,ACC_KEMENLU_011_429,ACC_KOMINFO_059_220,8879316322.42,Belanja Pembayaran Bunga Utang,Pembayaran imbal hasil obligasi,0
2023-03-07,ACC_KEMENESDM_020_592,ACC_KEMENDIKBUD_023_423,16713914757.0,Belanja Subsidi,Pembayaran subsidi,0
2023-12-28,ACC_KEMENKOPUKM_044_615,ACC_KEMENPERIN_019_385,9792835663.41,Belanja Pegawai,Pembayaran THR,1
2023-11-09,ACC_PUPR_033_601,ACC_KEMENHAN_012_899,9030019400.04,Belanja Pembayaran Bunga Utang,Pembayaran bunga SBN,0
2023-10-28,ACC_KEMENPERIN_019_548,ACC_KEMENKOPUKM_044_599,10441430963.17,Belanja Subsidi,Subsidi bunga kredit program,0
2023-12-25,ACC_KEMENDAG_090_671,ACC_KEMENHAN_012_797,22791815178.89,Belanja Pembayaran Bunga Utang,Pembayaran bunga SBN,0
2023-12-27,ACC_KEU_015_585,ACC_KEMENHAN_012_119,117485042158.6,Belanja Modal,Pengadaan peralatan dan mesin,0
2023-08-29,ACC_KEMENLU_011_509,ACC_KEMENHAN_012_666,23251311064.38,Belanja Subsidi,Pembayaran subsidi,0
2023-11-16,ACC_SOS_027_976,ACC_BPS_054_906,33089584340.97,Belanja Pembayaran Bunga Utang,Pembayaran kupon SUN,0
2023-02-13,ACC_KOMINFO_059_062,ACC_KES_024_713,7122235176.26,Belanja Pegawai,Pembayaran gaji ke-13,0
2023-03-12,ACC_KEMENDIKBUD_023_602,ACC_ESDM_020_536,3899940796.08,Belanja Lain-lain,Belanja operasi non-rutin,0
2023-10-18,ACC_SOS_027_043,ACC_KEMENPAREKRAF_040_864,10987249943.97,Belanja Lain-lain,Belanja lainnya sesuai ketentuan,0
2023-10-03,ACC_ESDM_020_883,ACC_BRIN_124_232,14326155267.11,Belanja Pembayaran Bunga Utang,Pembayaran imbal hasil obligasi,0
2023-08-21,ACC_BPK_004_070,ACC_KEMENPAREKRAF_040_879,2617899852.22,Belanja Pegawai,Pembayaran THR,0
2023-02-22,ACC_KEMENHAN_012_685,ACC_KEMENDAG_090_947,6397493508.33,Belanja Lain-lain,Cadangan risiko fiskal,0
2023-09-27,ACC_BPS_054_679,ACC_PERT_018_063,265604140988.0387,Belanja Pembayaran Bunga Utang,Pembayaran imbal hasil obligasi,1
2023-05-01,ACC_SOS_027_858,ACC_KEMENKOPUKM_044_240,9539963883.21,Belanja Pegawai,Pembayaran THR,0
2023-08-13,ACC_PERT_018_605,ACC_ESDM_020_181,6099093604.34,Belanja Subsidi,Subsidi bunga kredit program,0
2023-12-20,ACC_PPATK_078_219,ACC_BPS_054_655,11382571283.96,Belanja Lain-lain,Belanja lainnya sesuai ketentuan,0
2023-02-16,ACC_KEMENHAN_012_005,ACC_BPJS_NA_574,13527004198.24,Belanja Pegawai,Tunjangan kinerja triwulan,0
2023-05-13,ACC_SOS_027_394,ACC_KOMINFO_059_336,39924808081.76,Belanja Pembayaran Bunga Utang,Pembayaran imbal hasil obligasi,0
2023-12-08,ACC_PUPR_033_683,ACC_ESDM_020_156,9458934886.59,Belanja Pembayaran Bunga Utang,Pembayaran kupon SUN,0
2023-12-24,ACC_BPS_054_426,ACC_PPATK_078_532,12952824748.65,Belanja Subsidi,Subsidi bunga kredit program,0
2023-06-01,ACC_PUPR_033_198,ACC_PERT_018_785,44284824846.95,Belanja Pembayaran Bunga Utang,Pembayaran bunga pinjaman luar negeri,0
2023-08-16,ACC_KEMENPAREKRAF_040_951,ACC_BRIN_124_457,11090461813.49,Belanja Modal,Pembangunan/rehabilitasi gedung,0
2023-12-27,ACC_SOS_027_558,ACC_BPS_054_957,10055638141.52,Belanja Lain-lain,Belanja operasi non-rutin,1
2023-11-14,ACC_KEMENHUB_022_448,ACC_KEMENPAREKRAF_040_087,44952660602.7,Belanja Subsidi,Subsidi energi,0
2023-01-04,ACC_KEMENDAGRI_010_577,ACC_KEMENLU_011_947,26151862931.35,Belanja Lain-lain,Belanja operasi non-rutin,0
2023-05-23,ACC_ESDM_020_756,ACC_SOS_027_804,4536195008.43,Belanja Bantuan Sosial,Transfer bantuan sosial,0
2023-06-24,ACC_KEU_015_475,ACC_ESDM_020_665,16012531389.33,Belanja Lain-lain,Belanja tak terduga,0
2023-12-22,ACC_KEMENHAN_012_217,ACC_KEMENDIKBUD_023_809,5972681630.4,Belanja Barang,Pengadaan barang operasional,0
2023-08-28,ACC_BRIN_124_738,ACC_BPK_004_186,12103688667.19,Belanja Modal,Pembayaran termin proyek resmi,0
2023-07-27,ACC_BRIN_124_157,ACC_KEMENDAGRI_010_225,15675476944.86,Belanja Bantuan Sosial,Bantuan program keluarga harapan,0
2023-03-30,ACC_KEMENPERIN_019_673,ACC_PPATK_078_334,22633723275.67,Belanja Pembayaran Bunga Utang,Pembayaran bunga SBN,0
2023-10-08,ACC_BPS_054_412,ACC_KEMENPAREKRAF_040_519,16013152660.66,Belanja Subsidi,Subsidi bunga kredit program,0
2023-07-30,ACC_KEMENDAG_090_530,ACC_KEMENPAREKRAF_040_241,7467337055.22,Belanja Pembayaran Bunga Utang,Pembayaran bunga SBN,0
2023-04-12,ACC_BPS_054_652,ACC_BPK_004_681,11980105602.45,Belanja Pembayaran Bunga Utang,Pembayaran bunga pinjaman luar negeri,0
2023-02-02,ACC_PPATK_078_343,ACC_KEMENDIKBUD_023_841,33339258941.5,Belanja Barang,Belanja ATK dan operasional kantor,0
2023-07-13,ACC_BPK_004_742,ACC_POLRI_060_137,6388910785.11,Belanja Modal,Pembayaran termin proyek resmi,0
2023-12-30,ACC_POLRI_060_183,ACC_BPJS_NA_168,8505579039.98,Belanja Pegawai,Tunjangan kinerja triwulan,0
2023-06-12,ACC_BRIN_124_471,ACC_BPS_054_452,4331007417.37,Belanja Barang,Belanja ATK dan operasional kantor,0
2023-04-13,ACC_KEMENPAREKRAF_040_711,ACC_BPJS_NA_712,15657793949.73,Belanja Pegawai,Gaji pegawai bulan berjalan,0
2023-05-27,ACC_BPJS_NA_066,ACC_PPATK_078_943,15503920240.57,Belanja Lain-lain,Belanja tak terduga,0
2023-06-01,ACC_KOMINFO_059_352,ACC_KEMENAG_025_926,36929937481.32,Belanja Pegawai,Tunjangan kinerja triwulan,0
2023-04-07,ACC_BPK_004_108,ACC_SOS_027_631,18529400576.19,Belanja Subsidi,Subsidi energi,0
2023-10-19,ACC_KEMENLU_011_825,ACC_PUPR_033_767,147983274476.75,Belanja Pembayaran Bunga Utang,Pembayaran imbal hasil obligasi,0
2023-09-16,ACC_KOMINFO_059_782,ACC_ESDM_020_465,19802640870.66,Belanja Pegawai,Pembayaran THR,0
2023-04-14,ACC_KEU_015_541,ACC_KEU_015_541,12007722819.37,Belanja Bantuan Sosial,Bansos tunai,1
2023-10-31,ACC_KES_024_862,ACC_PUPR_033_847,17617535531.23,Belanja Pembayaran Bunga Utang,Pembayaran kupon SUN,0
2023-11-19,ACC_BPS_054_676,ACC_KEMENDIKBUD_023_900,5112389863.11,Belanja Bantuan Sosial,Bantuan pangan nontunai,0
2023-10-11,ACC_BPJS_NA_480,ACC_KEMENESDM_020_889,56823192114.63,Belanja Pembayaran Bunga Utang,Pembayaran bunga pinjaman luar negeri,0
2023-11-01,ACC_BPK_004_603,ACC_KEMENDAGRI_010_381,47241299228.51,Belanja Subsidi,Subsidi pangan,0
2023-12-26,ACC_KEMENPAREKRAF_040_176,ACC_PUPR_033_485,16507272276.96,Belanja Barang,Belanja internet dan komunikasi,0
2023-10-23,ACC_BPS_054_202,ACC_KEMENESDM_020_786,4393216096.63,Belanja Pembayaran Bunga Utang,Pembayaran bunga SBN,0
2023-09-26,ACC_KEMENDAG_090_923,ACC_SOS_027_446,12790863401.16,Belanja Lain-lain,Cadangan risiko fiskal,0
2023-06-04,ACC_KEMENHAN_012_183,ACC_POLRI_060_323,18650291478.97,Belanja Modal,Pembangunan/rehabilitasi gedung,0
2023-03-16,ACC_BPJS_NA_174,ACC_BPS_054_330,23891269566.16,Belanja Pegawai,Tunjangan kinerja triwulan,0
2023-05-23,ACC_KEMENDAGRI_010_282,ACC_PUPR_033_907,13845656846.33,Belanja Pembayaran Bunga Utang,Pembayaran bunga pinjaman luar negeri,0
2023-01-27,ACC_PUPR_033_246,ACC_KEU_015_487,5073327767.18,Belanja Barang,Pengadaan barang operasional,0
2023-04-04,ACC_BRIN_124_008,ACC_PPATK_078_472,10205150319.89,Belanja Pegawai,Honorarium kegiatan resmi,0
2023-02-24,ACC_KOMINFO_059_911,ACC_KEMENDAG_090_548,12415692624.34,Belanja Subsidi,Subsidi pangan,0
2023-08-18,ACC_POLRI_060_723,ACC_KEMENPERIN_019_497,14741540356.44,Belanja Modal,Pembayaran termin proyek resmi,0
2023-10-22,ACC_BPS_054_628,ACC_PERT_018_908,7849434999.91,Belanja Barang,Penyewaan jasa kebersihan,0
2023-10-31,ACC_KEMENPAREKRAF_040_910,ACC_KEMENHAN_012_593,11190747908.0,Belanja Pembayaran Bunga Utang,Pembayaran imbal hasil obligasi,0
2023-08-18,ACC_KEMENDAG_090_983,ACC_SOS_027_333,10794372909.73,Belanja Pegawai,Gaji pegawai bulan berjalan,0
2023-05-24,ACC_BRIN_124_251,ACC_KEU_015_796,11651296758.27,Belanja Subsidi,Subsidi pupuk,0
2023-03-21,ACC_ESDM_020_057,ACC_KEMENDAGRI_010_366,10141434245.55,Belanja Lain-lain,Cadangan risiko fiskal,0
2023-03-25,ACC_PPATK_078_493,ACC_KEMENHAN_012_560,13704130606.47,Belanja Bantuan Sosial,Bantuan sosial kebencanaan,0
2023-12-20,ACC_KEMENDIKBUD_023_374,ACC_KEMENPERIN_019_955,4663307236.93,Belanja Pegawai,Honorarium kegiatan resmi,0
2023-06-09,ACC_BPK_004_696,ACC_KEMENESDM_020_266,3616898903.64,Belanja Barang,Subsidi pangan,1
2023-07-05,ACC_KOMINFO_059_886,ACC_KEMENAG_025_865,9771419880.97,Belanja Modal,Pengadaan aset TIK,0
2023-12-11,ACC_KES_024_735,ACC_SOS_027_554,31604524159.99,Belanja Barang,Belanja ATK dan operasional kantor,0
2023-10-03,ACC_KEMENESDM_020_796,ACC_PPATK_078_936,10258742974.36,Belanja Lain-lain,Belanja lainnya sesuai ketentuan,0
2023-10-30,ACC_PUPR_033_525,ACC_KEMENAG_025_144,5998285656.94,Belanja Subsidi,Subsidi energi,0
2023-12-17,ACC_KOMINFO_059_754,ACC_BPJS_NA_193,5703541419.17,Belanja Lain-lain,Belanja operasi non-rutin,0
2023-12-17,ACC_SOS_027_074,ACC_KES_024_438,35482169952.27,Belanja Subsidi,Subsidi pupuk,0
2023-11-03,ACC_KEMENPERIN_019_308,ACC_KEMENDAGRI_010_966,21617644370.87,Belanja Pegawai,Honorarium kegiatan resmi,0
2023-09-06,ACC_PPATK_078_631,ACC_KEMENPAREKRAF_040_569,7098771784.58,Belanja Pembayaran Bunga Utang,Pembayaran bunga pinjaman luar negeri,0
2023-09-21,ACC_KEMENHUB_022_106,ACC_PPATK_078_191,20364424974.79,Belanja Barang,Belanja ATK dan operasional kantor,0
2023-08-31,ACC_PUPR_033_131,ACC_ESDM_020_457,10999054412.06,Belanja Bantuan Sosial,Bansos tunai,0
2023-02-21,ACC_BPS_054_574,ACC_KEMENHUB_022_119,11640310217.22,Belanja Pembayaran Bunga Utang,Pembayaran imbal hasil obligasi,0
2023-06-22,ACC_KEMENHUB_022_309,ACC_KEMENHAN_012_749,12056469687.43,Belanja Modal,Pembangunan/rehabilitasi gedung,0
2023-12-03,ACC_KEMENKOPUKM_044_495,ACC_KEMENESDM_020_057,6155921858.79,Belanja Bantuan Sosial,Transfer bantuan sosial,0
2023-04-03,ACC_BPS_054_232,ACC_KES_024_402,17124521997.61,Belanja Pegawai,Pembayaran THR,0
2023-01-23,ACC_BPS_054_574,ACC_KEMENDIKBUD_023_267,16927900977.45,Belanja Barang,Belanja internet dan komunikasi,0
2023-06-02,ACC_KEU_015_239,ACC_PERT_018_265,28604851714.52,Belanja Barang,Belanja internet dan komunikasi,0
2023-04-23,ACC_POLRI_060_166,ACC_BPJS_NA_668,6314763471.71,Belanja Pegawai,Tunjangan kinerja triwulan,0
2023-02-19,ACC_KEMENDAG_090_107,ACC_PUPR_033_009,6634590816.86,Belanja Pegawai,Pembayaran gaji ke-13,0
2023-12-28,ACC_PUPR_033_309,ACC_BPJS_NA_850,2925818174.66,Belanja Subsidi,Subsidi energi,1
2023-12-31,ACC_PPATK_078_575,ACC_KEMENLU_011_399,6804317527.91,Belanja Lain-lain,Belanja operasi non-rutin,1
2023-03-27,ACC_BRIN_124_582,ACC_KEMENHUB_022_047,29027492223.95,Belanja Pembayaran Bunga Utang,Pembayaran bunga SBN,0
2023-07-22,ACC_PERT_018_130,ACC_KEMENKOPUKM_044_448,9237766002.04,Belanja Lain-lain,Belanja operasi non-rutin,0
2023-10-19,ACC_KEMENHUB_022_389,ACC_KEMENLU_011_576,29718310071.55,Belanja Lain-lain,Belanja operasi non-rutin,0
2023-07-31,ACC_KEMENPERIN_019_540,ACC_POLRI_060_087,18858435692.97,Belanja Lain-lain,Belanja tak terduga,0
2023-06-06,ACC_PERT_018_265,ACC_KEU_015_777,93732914781.99,Belanja Subsidi,Subsidi energi,0
2023-07-05,ACC_KEMENAG_025_326,ACC_KOMINFO_059_183,10076251318.6,Belanja Pembayaran Bunga Utang,Pembayaran bunga SBN,0
2023-07-21,ACC_KEMENDIKBUD_023_065,ACC_KEMENKOPUKM_044_956,25428220254.32,Belanja Barang,Belanja internet dan komunikasi,0
2023-09-20,ACC_BPJS_NA_174,ACC_PPATK_078_441,5587344300.28,Belanja Subsidi,Subsidi pupuk,0
2023-02-15,ACC_POLRI_060_394,ACC_KEMENDAG_090_772,16104271067.71,Belanja Barang,Belanja ATK dan operasional kantor,0
2023-02-06,ACC_KEMENDAG_090_003,ACC_BPJS_NA_483,8245258617.44,Belanja Pegawai,Honorarium kegiatan resmi,0
2023-12-10,ACC_KEMENHUB_022_449,ACC_SOS_027_332,19759321459.71,Belanja Pembayaran Bunga Utang,Pembayaran bunga pinjaman luar negeri,0
2023-08-07,ACC_BPK_004_658,ACC_PUPR_033_810,47710151943.97,Belanja Modal,Honorarium kegiatan resmi,1
2023-06-10,ACC_BPK_004_741,ACC_KEMENDAG_090_746,16433830835.27,Belanja Lain-lain,Belanja lainnya sesuai ketentuan,0
2023-08-01,ACC_KEMENESDM_020_354,ACC_ESDM_020_824,14071384570.93,Belanja Pembayaran Bunga Utang,Pembayaran imbal hasil obligasi,0
2023-01-10,ACC_ESDM_020_983,ACC_POLRI_060_044,6747712925.66,Belanja Pegawai,Gaji pegawai bulan berjalan,0
2023-06-18,ACC_KEMENESDM_020_642,ACC_BPK_004_531,51923354994.26,Belanja Pembayaran Bunga Utang,Pembayaran bunga pinjaman luar negeri,0
2023-12-11,ACC_KEMENHUB_022_513,ACC_SOS_027_130,25649113155.14,Belanja Barang,Pengadaan barang operasional,0
2023-05-18,ACC_KEMENESDM_020_275,ACC_KEMENHAN_012_464,12782094829.57,Belanja Subsidi,Subsidi pupuk,0
2023-09-13,ACC_KEMENHAN_012_882,ACC_KEMENDAGRI_010_824,8023313851.26,Belanja Subsidi,Pembayaran subsidi,0
2023-02-26,ACC_BPJS_NA_498,ACC_KEMENHUB_022_614,22563242192.09,Belanja Pembayaran Bunga Utang,Pembayaran imbal hasil obligasi,0
2023-03-11,ACC_PPATK_078_850,ACC_ESDM_020_561,7687775663.94,Belanja Barang,Belanja pemeliharaan rutin,0
2023-07-21,ACC_KEMENPERIN_019_179,ACC_KEMENDAG_090_057,4729512431.56,Belanja Pembayaran Bunga Utang,Pembayaran imbal hasil obligasi,0
2023-10-19,ACC_PUPR_033_906,ACC_KEMENESDM_020_946,3281211451.79,Belanja Modal,Pembayaran termin proyek resmi,0
2023-09-26,ACC_KEMENHAN_012_715,ACC_BPK_004_378,18282836759.13,Belanja Modal,Pembangunan/rehabilitasi gedung,0
2023-12-14,ACC_PERT_018_358,ACC_POLRI_060_056,35051359389.7,Belanja Bantuan Sosial,Transfer bantuan sosial,0
2023-12-17,ACC_KEMENHUB_022_732,ACC_BRIN_124_508,5453822308.58,Belanja Barang,Belanja internet dan komunikasi,0
2023-12-24,ACC_SOS_027_723,ACC_PPATK_078_810,17026749624.78,Belanja Pembayaran Bunga Utang,Pembayaran kupon SUN,0
2023-02-18,ACC_KEMENESDM_020_559,ACC_POLRI_060_627,8156874135.82,Belanja Modal,Pembangunan infrastruktur jalan,0
2023-07-29,ACC_KEMENHUB_022_774,ACC_KOMINFO_059_211,37419026821.24,Belanja Subsidi,Subsidi pangan,0
2023-09-21,ACC_BPK_004_807,ACC_KEMENDAGRI_010_111,10533956259.92,Belanja Barang,Penyewaan jasa kebersihan,0
2023-08-26,ACC_KOMINFO_059_891,ACC_KEMENAG_025_457,13572745384.94,Belanja Barang,Belanja pemeliharaan rutin,0
2023-01-03,ACC_ESDM_020_790,ACC_KEMENKOPUKM_044_968,6009177993.75,Belanja Modal,Pengadaan peralatan dan mesin,0
2023-06-25,ACC_PPATK_078_628,ACC_BPS_054_084,9480618325.39,Belanja Subsidi,Subsidi bunga kredit program,0
2023-07-18,ACC_ESDM_020_571,ACC_KEMENPAREKRAF_040_234,22635243159.16,Belanja Pembayaran Bunga Utang,Pembayaran bunga SBN,0
2023-02-23,ACC_KEMENPAREKRAF_040_446,ACC_PERT_018_849,8762686110.72,Belanja Pembayaran Bunga Utang,Pembayaran kupon SUN,0
2023-09-23,ACC_PERT_018_373,ACC_KOMINFO_059_152,8359148607.27,Belanja Pembayaran Bunga Utang,Pembayaran kupon SUN,0
2023-03-24,ACC_PPATK_078_955,ACC_PERT_018_415,9165623765.86,Belanja Subsidi,Subsidi bunga kredit program,0
2023-01-13,ACC_KEU_015_315,ACC_KEU_015_315,9606943955.42,Belanja Pegawai,Tunjangan kinerja triwulan,1
2023-02-10,ACC_PERT_018_184,ACC_KEMENLU_011_035,50028969524.770615,Belanja Pegawai,Pembayaran gaji ke-13,1
2023-03-11,ACC_KOMINFO_059_746,ACC_KES_024_523,10853234694.86,Belanja Pembayaran Bunga Utang,Pembayaran bunga pinjaman luar negeri,0
2023-10-31,ACC_KES_024_536,ACC_BPS_054_274,32568265545.32,Belanja Pembayaran Bunga Utang,Pembayaran bunga pinjaman luar negeri,0
2023-04-30,ACC_KEMENKOPUKM_044_225,ACC_KEMENESDM_020_570,16821107503.65,Belanja Pembayaran Bunga Utang,Pembayaran kupon SUN,0
2023-02-23,ACC_SOS_027_146,ACC_PPATK_078_771,40504534589.75,Belanja Pegawai,Pembayaran gaji ke-13,0
2023-03-14,ACC_ESDM_020_815,ACC_PPATK_078_597,14959416861.02,Belanja Pegawai,Gaji pegawai bulan berjalan,0
2023-05-12,ACC_KEMENPERIN_019_120,ACC_SOS_027_728,20495707118.77,Belanja Subsidi,Subsidi pangan,0
2023-01-10,ACC_KEMENLU_011_094,ACC_KEU_015_414,38287109820.78,Belanja Bantuan Sosial,Transfer bantuan sosial,0
2023-04-17,ACC_KEU_015_617,ACC_KEMENESDM_020_071,8448330452.68,Belanja Barang,Pengadaan barang operasional,0
2023-08-20,ACC_ESDM_020_932,ACC_BPK_004_282,10991061560.04,Belanja Modal,Pembayaran imbal hasil obligasi,1
2023-07-25,ACC_POLRI_060_264,ACC_ESDM_020_311,24167547387.09,Belanja Pegawai,Pembayaran gaji ke-13,0
2023-12-08,ACC_KEU_015_813,ACC_SOS_027_562,2960960240.41,Belanja Barang,Belanja internet dan komunikasi,0
2023-09-15,ACC_PPATK_078_941,ACC_KEMENDAGRI_010_351,23811781389.98,Belanja Subsidi,Pembayaran subsidi,0
2023-04-14,ACC_KOMINFO_059_527,ACC_ESDM_020_782,28181049533.35,Belanja Modal,Pengadaan aset TIK,0
2023-01-27,ACC_KEMENAG_025_597,ACC_KEMENKOPUKM_044_009,20861905288.37,Belanja Pembayaran Bunga Utang,Pembayaran bunga pinjaman luar negeri,0
2023-03-08,ACC_KEMENDAG_090_275,ACC_KEMENDAGRI_010_494,21055932070.0,Belanja Pegawai,Pembayaran THR,0
2023-07-07,ACC_ESDM_020_164,ACC_BPK_004_779,8798934584.51,Belanja Pegawai,Gaji pegawai bulan berjalan,0
2023-10-31,ACC_KEMENHUB_022_340,ACC_BPJS_NA_726,12739640914.18,Belanja Pegawai,Honorarium kegiatan resmi,0
2023-01-11,ACC_KEMENESDM_020_524,ACC_KEMENHUB_022_622,3144975050.17,Belanja Bantuan Sosial,Transfer bantuan sosial,0
2023-03-20,ACC_KEU_015_346,ACC_PUPR_033_609,10227053688.14,Belanja Subsidi,Pembayaran subsidi,0
2023-01-30,ACC_KEMENHUB_022_024,ACC_KEMENDAG_090_471,19957697519.34,Belanja Subsidi,Pembayaran subsidi,0
2023-05-30,ACC_KEMENDIKBUD_023_526,ACC_BPS_054_304,20864644577.13,Belanja Pembayaran Bunga Utang,Pembayaran bunga pinjaman luar negeri,0
2023-08-28,ACC_KEU_015_482,ACC_BPK_004_906,33619636902.55,Belanja Modal,Pembayaran termin proyek resmi,0
2023-05-17,ACC_BPK_004_327,ACC_BPS_054_336,85022494897.85,Belanja Subsidi,Subsidi pangan,0
2023-03-22,ACC_ESDM_020_087,ACC_KEMENHAN_012_776,8713070134.75,Belanja Barang,Penyewaan jasa kebersihan,0
2023-04-06,ACC_BPK_004_605,ACC_BRIN_124_515,22065716496.22,Belanja Pembayaran Bunga Utang,Pembayaran kupon SUN,0
2023-01-02,ACC_BRIN_124_991,ACC_BPJS_NA_958,15949651628.15,Belanja Pembayaran Bunga Utang,Pembayaran bunga SBN,0
2023-11-26,ACC_KEMENPAREKRAF_040_873,ACC_PERT_018_918,9646588939.63,Belanja Pegawai,Gaji pegawai bulan berjalan,0
2023-08-14,ACC_BPK_004_031,ACC_SOS_027_702,5163427161.69,Belanja Pegawai,Honorarium kegiatan resmi,0
2023-10-01,ACC_KEMENHAN_012_301,ACC_KES_024_111,30165494113.18,Belanja Pembayaran Bunga Utang,Pembayaran imbal hasil obligasi,0
2023-05-20,ACC_SOS_027_433,ACC_KEMENHAN_012_417,5312137675.0,Belanja Pembayaran Bunga Utang,Pembayaran bunga SBN,0
2023-10-10,ACC_PUPR_033_746,ACC_KEMENPERIN_019_979,22173281019.31,Belanja Pembayaran Bunga Utang,Pembayaran bunga pinjaman luar negeri,0
2023-12-10,ACC_PERT_018_486,ACC_BPS_054_444,16206402812.52,Belanja Barang,Belanja internet dan komunikasi,0
2023-02-23,ACC_KEMENDAGRI_010_216,ACC_KEMENPERIN_019_420,15213478193.46,Belanja Pembayaran Bunga Utang,Pembayaran bunga pinjaman luar negeri,0
2023-12-31,ACC_BRIN_124_228,ACC_BPS_054_237,15056068509.65,Belanja Subsidi,Subsidi energi,0
2023-02-06,ACC_BRIN_124_579,ACC_KEMENDAG_090_623,3526439957.58,Belanja Bantuan Sosial,Bantuan sosial kebencanaan,0
2023-07-28,ACC_KEMENDAG_090_381,ACC_KEMENHAN_012_087,17607754534.58,Belanja Pembayaran Bunga Utang,Pembayaran bunga SBN,0
2023-01-13,ACC_POLRI_060_447,ACC_KEMENPAREKRAF_040_300,12230204534.56,Belanja Lain-lain,Cadangan risiko fiskal,0
2023-08-21,ACC_POLRI_060_763,ACC_BPJS_NA_899,27897094885.42,Belanja Barang,Pengadaan barang operasional,0
2023-07-05,ACC_KEU_015_205,ACC_ESDM_020_078,13322057835.18,Belanja Subsidi,Subsidi energi,0
2023-07-13,ACC_KEMENDAGRI_010_103,ACC_ESDM_020_617,27524306616.18,Belanja Modal,Pengadaan aset TIK,0
2023-10-20,ACC_KEMENKOPUKM_044_201,ACC_PPATK_078_536,6333223935.47,Belanja Lain-lain,Belanja operasi non-rutin,0
2023-03-24,ACC_KES_024_809,ACC_SOS_027_458,5425679506.86,Belanja Lain-lain,Belanja operasi non-rutin,0
2023-04-23,ACC_PPATK_078_340,ACC_POLRI_060_516,59442581801.86,Belanja Modal,Pengadaan peralatan dan mesin,0
2023-11-12,ACC_KES_024_114,ACC_KEMENDAGRI_010_167,8215962196.29,Belanja Pegawai,Tunjangan kinerja triwulan,0
2023-03-03,ACC_PERT_018_283,ACC_KEMENLU_011_054,9076458567.06,Belanja Pegawai,Honorarium kegiatan resmi,0
2023-05-16,ACC_KEMENDAGRI_010_330,ACC_KEMENPAREKRAF_040_144,45922722181.95,Belanja Modal,Pengadaan aset TIK,0
2023-12-06,ACC_KEMENPAREKRAF_040_721,ACC_BPJS_NA_915,43498537817.47,Belanja Pembayaran Bunga Utang,Pembayaran kupon SUN,0
2023-05-03,ACC_KEMENPERIN_019_628,ACC_KEMENESDM_020_669,6110668686.62,Belanja Modal,Pembangunan/rehabilitasi gedung,0
2023-11-15,ACC_ESDM_020_238,ACC_KEMENESDM_020_545,2248766010.13,Belanja Barang,Belanja ATK dan operasional kantor,0
2023-04-13,ACC_KEMENLU_011_723,ACC_BPS_054_430,9315312479.13,Belanja Lain-lain,Belanja operasi non-rutin,0
2023-02-22,ACC_KEMENHUB_022_600,ACC_KEMENPAREKRAF_040_610,58965661826.02,Belanja Pembayaran Bunga Utang,Pembayaran bunga pinjaman luar negeri,0
2023-07-07,ACC_KEMENLU_011_888,ACC_KES_024_256,16566840840.08,Belanja Pembayaran Bunga Utang,Pembayaran kupon SUN,0
2023-06-13,ACC_KEMENDIKBUD_023_392,ACC_KEMENAG_025_658,4975942909.45,Belanja Pegawai,Tunjangan kinerja triwulan,0
2023-09-10,ACC_BPJS_NA_672,ACC_KES_024_861,10913723852.64,Belanja Modal,Pengadaan peralatan dan mesin,0
2023-10-16,ACC_KEMENHAN_012_050,ACC_KEU_015_004,8391420152.11,Belanja Lain-lain,Belanja tak terduga,0
2023-06-13,ACC_KEU_015_223,ACC_KEMENHAN_012_870,13922035076.95,Belanja Modal,Pembangunan infrastruktur jalan,0
2023-03-02,ACC_KEMENPAREKRAF_040_356,ACC_ESDM_020_833,14023872253.68,Belanja Barang,Pengadaan barang operasional,0
2023-10-20,ACC_PUPR_033_557,ACC_KEMENHAN_012_691,13080149831.13,Belanja Pembayaran Bunga Utang,Pembayaran imbal hasil obligasi,0
2023-12-23,ACC_ESDM_020_365,ACC_KEMENDAG_090_608,12104428807.99,Belanja Barang,Belanja pemeliharaan rutin,0
2023-10-18,ACC_ESDM_020_567,ACC_KEMENHUB_022_153,10464626968.2,Belanja Lain-lain,Belanja operasi non-rutin,0
2023-12-28,ACC_BPK_004_858,ACC_KOMINFO_059_579,13673322621.1,Belanja Barang,Belanja ATK dan operasional kantor,0
2023-03-06,ACC_PUPR_033_082,ACC_PPATK_078_617,8473027203.51,Belanja Pegawai,Penyaluran hibah pemerintah pusat,1
2023-01-28,ACC_SOS_027_995,ACC_BPJS_NA_016,79571544709.6,Belanja Modal,Pengadaan peralatan dan mesin,0
2023-10-25,ACC_KEMENLU_011_566,ACC_PPATK_078_288,21594517969.21,Belanja Barang,Pengadaan barang operasional,0
2023-05-01,ACC_BPJS_NA_259,ACC_BPS_054_722,10772153946.07,Belanja Barang,Penyewaan jasa kebersihan,0
2023-10-23,ACC_PUPR_033_706,ACC_BPJS_NA_068,6381103173.41,Belanja Pegawai,Gaji pegawai bulan berjalan,0
2023-10-25,ACC_BRIN_124_930,ACC_KEMENAG_025_606,18861042959.61,Belanja Pembayaran Bunga Utang,Pembayaran bunga SBN,0
2023-12-23,ACC_KEMENPAREKRAF_040_428,ACC_KEMENPERIN_019_215,9004613774.18,Belanja Barang,Belanja ATK dan operasional kantor,0
2023-08-02,ACC_KEU_015_098,ACC_ESDM_020_528,26552885398.42,Belanja Barang,Penyewaan jasa kebersihan,0
2023-01-16,ACC_ESDM_020_710,ACC_KES_024_620,3666436669.56,Belanja Pegawai,Tunjangan kinerja triwulan,0
2023-04-26,ACC_KES_024_150,ACC_KEU_015_518,16476466210.3,Belanja Pembayaran Bunga Utang,Pembayaran kupon SUN,0
2023-05-25,ACC_ESDM_020_806,ACC_PERT_018_913,39859834041.87,Belanja Pembayaran Bunga Utang,Pembayaran kupon SUN,0
2023-03-18,ACC_PPATK_078_416,ACC_ESDM_020_383,16605950510.31,Belanja Bantuan Sosial,Bantuan sosial kebencanaan,0
2023-01-07,ACC_BPJS_NA_918,ACC_KEMENDAG_090_085,25365706844.0,Belanja Barang,Belanja pemeliharaan rutin,0
2023-02-16,ACC_BPS_054_341,ACC_PPATK_078_498,177953095929.23,Belanja Subsidi,Subsidi bunga kredit program,0
2023-08-12,ACC_KEMENKOPUKM_044_791,ACC_KEMENESDM_020_515,40329244076.93,Belanja Subsidi,Pembayaran subsidi,0
2023-08-16,ACC_KEMENDAG_090_689,ACC_SOS_027_323,21830778862.53,Belanja Pembayaran Bunga Utang,Pembayaran bunga pinjaman luar negeri,0
2023-01-31,ACC_PUPR_033_066,ACC_KEMENESDM_020_718,12830466490.69,Belanja Pegawai,Gaji pegawai bulan berjalan,0
2023-10-30,ACC_KEMENPERIN_019_747,ACC_PERT_018_790,64678590494.093704,Belanja Pembayaran Bunga Utang,Pembayaran bunga pinjaman luar negeri,1
2023-12-16,ACC_KEU_015_737,ACC_KEMENLU_011_595,9693354414.0,Belanja Barang,Belanja pemeliharaan rutin,0
2023-03-02,ACC_BRIN_124_105,ACC_KEMENKOPUKM_044_337,16955034693.93,Belanja Barang,Belanja internet dan komunikasi,0
2023-03-18,ACC_BPJS_NA_511,ACC_POLRI_060_230,6509348777.1,Belanja Pembayaran Bunga Utang,Pembayaran imbal hasil obligasi,0
2023-11-08,ACC_BPJS_NA_646,ACC_BPK_004_729,11577966650.62,Belanja Modal,Pengadaan aset TIK,0
2023-06-27,ACC_PERT_018_374,ACC_POLRI_060_759,22409065007.04,Belanja Pembayaran Bunga Utang,Pembayaran bunga SBN,0
2023-02-23,ACC_KEMENDIKBUD_023_802,ACC_KEMENLU_011_239,35463117741.53,Belanja Subsidi,Subsidi energi,0
2023-04-22,ACC_PPATK_078_088,ACC_KOMINFO_059_740,7858601359.44,Belanja Pegawai,Pembayaran THR,0
2023-10-01,ACC_KEMENPERIN_019_582,ACC_KEMENPERIN_019_582,3088473848.04,Belanja Subsidi,Subsidi energi,1
2023-10-17,ACC_KEMENLU_011_819,ACC_PERT_018_873,39693914934.54,Belanja Modal,Pembangunan infrastruktur jalan,0
2023-12-25,ACC_KEMENPERIN_019_136,ACC_KES_024_655,24974669079.17,Belanja Pembayaran Bunga Utang,Pembayaran kupon SUN,0
2023-07-06,ACC_KEMENPAREKRAF_040_523,ACC_KEMENDAGRI_010_660,6570145048.49,Belanja Lain-lain,Belanja operasi non-rutin,0
2023-12-26,ACC_KEMENLU_011_577,ACC_PERT_018_001,41408821051.82,Belanja Subsidi,Pembayaran subsidi,0
2023-11-12,ACC_KEMENHAN_012_537,ACC_KEMENESDM_020_859,74577243782.7263,Belanja Subsidi,Subsidi pangan,1
2023-02-02,ACC_KOMINFO_059_712,ACC_POLRI_060_234,18767698375.2,Belanja Modal,Pembayaran termin proyek resmi,0
2023-03-02,ACC_SOS_027_553,ACC_KES_024_441,9408965076.04,Belanja Lain-lain,Cadangan risiko fiskal,0
2023-07-23,ACC_KEMENPERIN_019_694,ACC_KEMENDAGRI_010_371,17052238336.31,Belanja Pembayaran Bunga Utang,Pembayaran bunga SBN,0
2023-05-27,ACC_BPK_004_716,ACC_KEMENDAG_090_498,15627712997.22,Belanja Barang,Belanja ATK dan operasional kantor,0
2023-11-11,ACC_KEMENHUB_022_376,ACC_SOS_027_806,14162790536.24,Belanja Pembayaran Bunga Utang,Pembayaran bunga SBN,0
2023-01-21,ACC_KOMINFO_059_810,ACC_KEMENPERIN_019_420,38135915459.86,Belanja Modal,Pembayaran termin proyek resmi,0
2023-02-02,ACC_KEMENDAG_090_069,ACC_KOMINFO_059_592,10011214720.04,Belanja Pembayaran Bunga Utang,Pembayaran bunga pinjaman luar negeri,0
2023-10-12,ACC_KEMENESDM_020_914,ACC_PUPR_033_733,8277992161.37,Belanja Barang,Belanja ATK dan operasional kantor,0
2023-02-16,ACC_POLRI_060_159,ACC_KES_024_446,34741614381.86,Belanja Subsidi,Subsidi pupuk,0
2023-01-11,ACC_KEMENAG_025_666,ACC_PUPR_033_732,19454009973.19,Belanja Pembayaran Bunga Utang,Pembayaran kupon SUN,0
2023-03-03,ACC_PUPR_033_148,ACC_KEMENDAGRI_010_899,5260730732.36,Belanja Pembayaran Bunga Utang,Pembayaran bunga SBN,0
2023-10-27,ACC_KEMENDAG_090_093,ACC_KEU_015_975,8824407793.01,Belanja Bantuan Sosial,Bantuan pangan nontunai,0
2023-01-30,ACC_KEMENDAG_090_872,ACC_KEMENLU_011_366,4685617375.74,Belanja Pegawai,Pembayaran gaji ke-13,0
2023-02-20,ACC_KOMINFO_059_392,ACC_KEMENDAGRI_010_435,27345779096.78,Belanja Subsidi,Subsidi pangan,0
2023-11-08,ACC_PPATK_078_548,ACC_KEMENHAN_012_089,11212406241.63,Belanja Modal,Pengadaan peralatan dan mesin,0
2023-11-14,ACC_BPJS_NA_877,ACC_BRIN_124_757,7722881487.97,Belanja Modal,Pembayaran termin proyek resmi,0
2023-02-26,ACC_KEMENDAGRI_010_113,ACC_BPS_054_735,15772963822.61,Belanja Barang,Belanja internet dan komunikasi,0
2023-09-13,ACC_SOS_027_692,ACC_KEMENDIKBUD_023_184,14075389678.22,Belanja Barang,Belanja ATK dan operasional kantor,0
2023-09-14,ACC_KEU_015_090,ACC_KEMENAG_025_738,55600759100.67,Belanja Pembayaran Bunga Utang,Pembayaran kupon SUN,0
2023-05-31,ACC_KEMENPAREKRAF_040_435,ACC_KEMENAG_025_625,39937915366.4,Belanja Pegawai,Gaji pegawai bulan berjalan,0
2023-11-26,ACC_KEMENDAG_090_984,ACC_PERT_018_737,1701732558.94,Belanja Lain-lain,Belanja tak terduga,0
2023-04-19,ACC_BRIN_124_930,ACC_KEMENKOPUKM_044_401,5715101191.1,Belanja Pegawai,Gaji pegawai bulan berjalan,0
2023-12-18,ACC_KEMENESDM_020_806,ACC_KES_024_666,12056137569.84,Belanja Barang,Belanja ATK dan operasional kantor,0
2023-09-22,ACC_KOMINFO_059_633,ACC_BRIN_124_288,21101936878.65,Belanja Subsidi,Subsidi energi,0
2023-02-20,ACC_BPJS_NA_261,ACC_PERT_018_134,10186978936.51,Belanja Pembayaran Bunga Utang,Pembayaran imbal hasil obligasi,0
2023-12-28,ACC_KEMENKOPUKM_044_568,ACC_ESDM_020_217,28560318774.26,Belanja Modal,Pembangunan/rehabilitasi gedung,0
2023-05-23,ACC_KEMENDAG_090_346,ACC_KEMENHAN_012_554,54703500725.08,Belanja Pembayaran Bunga Utang,Pembayaran kupon SUN,0
2023-09-24,ACC_PUPR_033_194,ACC_BPJS_NA_667,84053120301.94,Belanja Subsidi,Subsidi pangan,0
2023-10-04,ACC_BPK_004_277,ACC_KOMINFO_059_072,22657496716.49,Belanja Modal,Pembangunan infrastruktur jalan,0
2023-07-05,ACC_KEMENPERIN_019_525,ACC_KES_024_841,40305275589.41,Belanja Bantuan Sosial,Bansos tunai,0
2023-01-17,ACC_KEMENAG_025_585,ACC_KEMENESDM_020_012,29796334206.44,Belanja Pembayaran Bunga Utang,Pembayaran kupon SUN,0
2023-06-29,ACC_SOS_027_634,ACC_KEU_015_716,18547498972.6,Belanja Bantuan Sosial,Bansos tunai,0
2023-04-27,ACC_KEMENDAG_090_259,ACC_KEMENHUB_022_482,29662453922.03,Belanja Subsidi,Pembayaran subsidi,0
2023-10-30,ACC_KEMENPAREKRAF_040_937,ACC_SOS_027_576,17799050947.82,Belanja Lain-lain,Belanja operasi non-rutin,0
2023-01-01,ACC_KEMENDAGRI_010_331,ACC_PERT_018_577,16609262009.41,Belanja Barang,Penyewaan jasa kebersihan,0
2023-05-05,ACC_PERT_018_768,ACC_KES_024_391,17655144890.06,Belanja Barang,Penyewaan jasa kebersihan,0
2023-10-30,ACC_KEMENAG_025_090,ACC_KEMENHAN_012_808,16240451185.29,Belanja Barang,Penyewaan jasa kebersihan,0
2023-02-04,ACC_KES_024_494,ACC_PERT_018_553,5278123692.67,Belanja Lain-lain,Belanja operasi non-rutin,0
2023-04-06,ACC_POLRI_060_392,ACC_KEMENPAREKRAF_040_492,10729142189.9,Belanja Lain-lain,Cadangan risiko fiskal,0
2023-12-09,ACC_KEMENKOPUKM_044_644,ACC_KEMENESDM_020_176,5502168159.71,Belanja Pegawai,Tunjangan kinerja triwulan,0
2023-07-28,ACC_SOS_027_217,ACC_KEMENAG_025_536,15561675989.91,Belanja Subsidi,Subsidi pangan,0
2023-08-14,ACC_PUPR_033_730,ACC_KEMENHAN_012_211,17189500122.8,Belanja Pegawai,Honorarium kegiatan resmi,0
2023-02-07,ACC_KEMENLU_011_871,ACC_BPS_054_468,21234486832.35,Belanja Modal,Pembangunan infrastruktur jalan,0
2023-11-04,ACC_BRIN_124_252,ACC_ESDM_020_287,31731416783.92,Belanja Subsidi,Subsidi pangan,0
2023-03-15,ACC_KEMENHAN_012_274,ACC_KEMENDIKBUD_023_783,32621397742.87,Belanja Pembayaran Bunga Utang,Pembayaran imbal hasil obligasi,0
2023-12-19,ACC_KEMENHAN_012_005,ACC_KES_024_293,11797694690.5,Belanja Pegawai,Pembayaran THR,0
2023-09-30,ACC_KEMENDIKBUD_023_563,ACC_KEMENKOPUKM_044_765,4175201672.42,Belanja Pembayaran Bunga Utang,Pembayaran imbal hasil obligasi,0
2023-05-02,ACC_BRIN_124_412,ACC_PUPR_033_187,6614212986.71,Belanja Barang,Belanja internet dan komunikasi,0
2023-07-15,ACC_KEMENESDM_020_246,ACC_PUPR_033_903,16584160946.82,Belanja Modal,Pengadaan peralatan dan mesin,0
2023-02-09,ACC_BPJS_NA_680,ACC_KEMENHUB_022_043,16244634612.13,Belanja Subsidi,Pembayaran subsidi,0
2023-06-09,ACC_ESDM_020_244,ACC_SOS_027_927,54972186913.89,Belanja Subsidi,Subsidi bunga kredit program,0
2023-04-13,ACC_KEMENLU_011_826,ACC_PERT_018_598,6491923734.53,Belanja Pembayaran Bunga Utang,Pembayaran kupon SUN,0
2023-06-14,ACC_KES_024_474,ACC_BPK_004_634,8901497765.27,Belanja Barang,Belanja pemeliharaan rutin,0
2023-11-08,ACC_KEMENKOPUKM_044_736,ACC_BRIN_124_025,21321517532.76,Belanja Modal,Pembayaran termin proyek resmi,0
2023-07-22,ACC_KEMENHAN_012_267,ACC_KEMENKOPUKM_044_984,20620988534.0,Belanja Lain-lain,Belanja operasi non-rutin,0
2023-08-10,ACC_KEMENESDM_020_104,ACC_KEMENHUB_022_111,9630293813.04,Belanja Pembayaran Bunga Utang,Pembayaran kupon SUN,0
2023-09-15,ACC_SOS_027_680,ACC_KES_024_805,18757192385.54,Belanja Subsidi,Bantuan pangan nontunai,1
2023-09-07,ACC_PPATK_078_482,ACC_SOS_027_331,74573497683.46,Belanja Subsidi,Subsidi pangan,0
2023-11-12,ACC_BPS_054_908,ACC_KOMINFO_059_749,13381081640.6,Belanja Pegawai,Pembayaran THR,0
2023-05-12,ACC_KEMENDAGRI_010_618,ACC_KES_024_033,7517369135.51,Belanja Lain-lain,Cadangan risiko fiskal,0
2023-06-28,ACC_KEMENDAGRI_010_222,ACC_KEMENPERIN_019_370,48753904388.97,Belanja Lain-lain,Belanja operasi non-rutin,0
2023-06-16,ACC_KOMINFO_059_663,ACC_BPJS_NA_553,20206757704.83,Belanja Modal,Pengadaan aset TIK,0
2023-10-31,ACC_SOS_027_743,ACC_POLRI_060_727,5664348181.21,Belanja Pembayaran Bunga Utang,Pembayaran kupon SUN,0
2023-02-26,ACC_PUPR_033_215,ACC_KEMENHUB_022_935,34904839880.97,Belanja Modal,Pengadaan peralatan dan mesin,0
2023-12-07,ACC_KEMENPAREKRAF_040_026,ACC_ESDM_020_435,10849030822.97,Belanja Lain-lain,Belanja tak terduga,0
2023-09-09,ACC_KEMENDAGRI_010_036,ACC_KEMENAG_025_410,6402502524.07,Belanja Modal,Pembayaran termin proyek resmi,0
2023-02-24,ACC_KEMENPERIN_019_939,ACC_KEMENLU_011_996,9425007511.59,Belanja Lain-lain,Belanja lainnya sesuai ketentuan,0
2023-05-29,ACC_KEMENHAN_012_406,ACC_BPS_054_777,16607156684.79,Belanja Bantuan Sosial,Bantuan program keluarga harapan,0
2023-04-18,ACC_KOMINFO_059_389,ACC_PUPR_033_425,126168305650.22815,Belanja Barang,Belanja ATK dan operasional kantor,1
2023-03-09,ACC_KEU_015_944,ACC_BRIN_124_066,29707607983.22,Belanja Pembayaran Bunga Utang,Pembayaran kupon SUN,0
2023-11-17,ACC_POLRI_060_719,ACC_KEMENESDM_020_832,3085600941.18,Belanja Barang,Belanja ATK dan operasional kantor,0
2023-03-03,ACC_KES_024_210,ACC_ESDM_020_849,37741556089.62,Belanja Modal,Pembayaran termin proyek resmi,0
2023-03-06,ACC_POLRI_060_642,ACC_KEMENLU_011_689,11093843469.21,Belanja Modal,Pembayaran termin proyek resmi,0
2023-06-12,ACC_KEMENDAG_090_977,ACC_BPJS_NA_332,35647262083.12,Belanja Subsidi,Subsidi pangan,0
2023-12-24,ACC_BPS_054_967,ACC_KEMENDIKBUD_023_444,5017021270.93,Belanja Pembayaran Bunga Utang,Pembayaran bunga pinjaman luar negeri,0
2023-01-12,ACC_BRIN_124_689,ACC_POLRI_060_991,29294780969.69,Belanja Barang,Belanja ATK dan operasional kantor,0
2023-07-22,ACC_PUPR_033_226,ACC_KES_024_080,19003134354.0,Belanja Subsidi,Subsidi pangan,0
2023-02-21,ACC_KEMENDAGRI_010_161,ACC_KEMENDAG_090_981,30139172226.9,Belanja Modal,Pengadaan peralatan dan mesin,0
2023-11-13,ACC_KOMINFO_059_666,ACC_KEMENHAN_012_805,21317020383.12,Belanja Barang,Belanja pemeliharaan rutin,0
2023-08-13,ACC_KEMENPAREKRAF_040_779,ACC_KEMENHUB_022_949,13095003363.76,Belanja Barang,Belanja ATK dan operasional kantor,0
2023-06-02,ACC_BPJS_NA_684,ACC_BPS_054_910,8091844740.88,Belanja Lain-lain,Cadangan risiko fiskal,0
2023-07-03,ACC_BPJS_NA_490,ACC_KEMENAG_025_180,3943045898.9,Belanja Pegawai,Pembayaran THR,0
2023-11-25,ACC_KEU_015_202,ACC_KEMENHUB_022_475,15563466912.19,Belanja Barang,Belanja internet dan komunikasi,0
2023-02-11,ACC_KOMINFO_059_543,ACC_KES_024_982,14804828219.93,Belanja Pembayaran Bunga Utang,Pembayaran bunga pinjaman luar negeri,0
2023-07-01,ACC_KEMENDAGRI_010_696,ACC_BRIN_124_244,14189997316.8,Belanja Pembayaran Bunga Utang,Pembayaran imbal hasil obligasi,0
2023-09-13,ACC_KEU_015_612,ACC_ESDM_020_567,6249293395.64,Belanja Barang,Belanja pemeliharaan rutin,0
2023-09-01,ACC_ESDM_020_060,ACC_KEMENPAREKRAF_040_104,27643904844.13,Belanja Lain-lain,Cadangan risiko fiskal,0
2023-06-08,ACC_SOS_027_744,ACC_BRIN_124_077,17729538328.16,Belanja Bantuan Sosial,Bantuan program keluarga harapan,0
2023-10-15,ACC_POLRI_060_655,ACC_KEMENDIKBUD_023_525,28133065809.67,Belanja Barang,Pengadaan barang operasional,0
2023-09-24,ACC_KEMENKOPUKM_044_781,ACC_ESDM_020_609,14447545094.2,Belanja Barang,Belanja pemeliharaan rutin,0
2023-02-05,ACC_KEMENESDM_020_160,ACC_KEMENAG_025_937,26584862883.37,Belanja Modal,Pembayaran termin proyek resmi,0
2023-05-07,ACC_PUPR_033_774,ACC_KOMINFO_059_857,24272650698.03,Belanja Subsidi,Subsidi energi,0
2023-11-25,ACC_BPS_054_302,ACC_BPJS_NA_963,153652841800.13135,Belanja Barang,Belanja internet dan komunikasi,1
2023-09-10,ACC_PERT_018_683,ACC_KEMENPERIN_019_257,29117631464.54,Belanja Pegawai,Pembayaran THR,0
2023-09-22,ACC_KOMINFO_059_685,ACC_KEMENHAN_012_732,36384929565.65,Belanja Pembayaran Bunga Utang,Pembayaran bunga pinjaman luar negeri,0
2023-06-19,ACC_KOMINFO_059_406,ACC_BRIN_124_103,8849792040.56,Belanja Pembayaran Bunga Utang,Pembayaran bunga SBN,0
2023-06-16,ACC_KEMENHAN_012_596,ACC_KEU_015_970,6590835672.78,Belanja Lain-lain,Hibah uang kepada lembaga,1
2023-03-30,ACC_KEMENDAG_090_437,ACC_KEMENDIKBUD_023_120,5236761870.23,Belanja Pegawai,Gaji pegawai bulan berjalan,0
2023-02-21,ACC_BPJS_NA_652,ACC_KEMENPAREKRAF_040_531,9230719630.14,Belanja Pegawai,Pembayaran THR,0
2023-08-18,ACC_BPS_054_481,ACC_KEMENHAN_012_130,10834387982.4,Belanja Modal,Pembangunan/rehabilitasi gedung,0
2023-10-26,ACC_KEMENHUB_022_970,ACC_BPS_054_529,63453245377.77,Belanja Pembayaran Bunga Utang,Pembayaran imbal hasil obligasi,0
2023-06-01,ACC_SOS_027_330,ACC_PERT_018_116,17981124068.71,Belanja Pembayaran Bunga Utang,Pembayaran kupon SUN,0
2023-12-26,ACC_BPS_054_005,ACC_KEMENHAN_012_028,12442121756.63,Belanja Pegawai,Tunjangan kinerja triwulan,0
2023-08-19,ACC_KEMENHUB_022_395,ACC_KEMENPERIN_019_968,12471744972.84,Belanja Pembayaran Bunga Utang,Pembayaran bunga pinjaman luar negeri,0
2023-02-15,ACC_KEMENHUB_022_028,ACC_BPS_054_519,30008496317.02,Belanja Modal,Pengadaan aset TIK,0
2023-04-04,ACC_KEMENDAG_090_082,ACC_BRIN_124_088,10392084106.23,Belanja Pembayaran Bunga Utang,Pembayaran kupon SUN,0
2023-08-27,ACC_KEMENESDM_020_390,ACC_KEMENDAG_090_218,17021028531.73,Belanja Pegawai,Pembayaran gaji ke-13,0
2023-02-07,ACC_SOS_027_907,ACC_KES_024_948,16555790362.92,Belanja Barang,Pengadaan barang operasional,0
2023-01-14,ACC_KES_024_612,ACC_KEMENESDM_020_187,67426940415.52,Belanja Modal,Pembayaran termin proyek resmi,0
2023-10-06,ACC_KEMENPERIN_019_341,ACC_BPS_054_328,4549645033.44,Belanja Lain-lain,Belanja lainnya sesuai ketentuan,0
2023-01-17,ACC_KEMENPAREKRAF_040_426,ACC_PPATK_078_029,3706664821.37,Belanja Pegawai,Pembayaran gaji ke-13,0
2023-12-07,ACC_KEMENHUB_022_313,ACC_SOS_027_584,9325992962.18,Belanja Pembayaran Bunga Utang,Pembayaran kupon SUN,0
2023-03-16,ACC_KEMENDIKBUD_023_102,ACC_KEMENAG_025_532,11438055525.17,Belanja Barang,Pengadaan barang operasional,0
2023-06-22,ACC_BRIN_124_004,ACC_KEMENDAG_090_852,33505726475.0,Belanja Modal,Pengadaan aset TIK,0
2023-06-16,ACC_KOMINFO_059_300,ACC_BPK_004_993,19446265720.38,Belanja Pembayaran Bunga Utang,Pembayaran kupon SUN,0
2023-04-10,ACC_KEMENHUB_022_786,ACC_KEMENLU_011_175,30269936797.83,Belanja Pembayaran Bunga Utang,Pembayaran bunga SBN,0
2023-07-17,ACC_KOMINFO_059_648,ACC_KEMENPAREKRAF_040_104,21839988455.82,Belanja Modal,Pembayaran termin proyek resmi,0
2023-09-07,ACC_KEMENHAN_012_013,ACC_KEMENKOPUKM_044_567,56392741494.51,Belanja Subsidi,Subsidi pangan,0
2023-09-25,ACC_KEMENESDM_020_571,ACC_BPJS_NA_973,4853028298.09,Belanja Pegawai,Pembayaran THR,0
2023-09-29,ACC_KEU_015_902,ACC_KEMENHAN_012_014,9294597462.95,Belanja Pembayaran Bunga Utang,Pembayaran bunga pinjaman luar negeri,0
2023-09-03,ACC_KEMENDIKBUD_023_266,ACC_KEMENDAG_090_849,4078883471.41,Belanja Pegawai,Honorarium kegiatan resmi,0
2023-06-07,ACC_BRIN_124_300,ACC_POLRI_060_951,36684658852.84,Belanja Pembayaran Bunga Utang,Pembayaran imbal hasil obligasi,0
2023-12-08,ACC_BPS_054_765,ACC_BRIN_124_679,51118411878.03,Belanja Modal,Pengadaan peralatan dan mesin,0
2023-09-05,ACC_KEU_015_950,ACC_BPS_054_380,19672433357.85,Belanja Barang,Pengadaan barang operasional,0
2023-12-11,ACC_KEU_015_599,ACC_ESDM_020_261,21171713997.4,Belanja Pembayaran Bunga Utang,Pembayaran imbal hasil obligasi,0
2023-12-16,ACC_KEMENDIKBUD_023_240,ACC_PPATK_078_679,14624510375.66,Belanja Barang,Belanja internet dan komunikasi,0
2023-07-03,ACC_KEMENDAGRI_010_713,ACC_PERT_018_523,17361709478.46,Belanja Modal,Pembangunan infrastruktur jalan,0
2023-05-30,ACC_BPS_054_354,ACC_BPK_004_867,31573890673.27,Belanja Subsidi,Subsidi pupuk,0
2023-08-30,ACC_KEMENLU_011_856,ACC_KOMINFO_059_939,5068872146.34,Belanja Bantuan Sosial,Bantuan sosial kebencanaan,0
2023-01-03,ACC_KEMENESDM_020_654,ACC_KEMENLU_011_898,15775022614.8,Belanja Pembayaran Bunga Utang,Pembayaran bunga SBN,0
2023-08-14,ACC_KEMENAG_025_651,ACC_BPS_054_622,7745843576.99,Belanja Lain-lain,Belanja tak terduga,0
2023-02-26,ACC_KEMENESDM_020_942,ACC_KEMENLU_011_635,13011997673.85,Belanja Subsidi,Subsidi energi,0
2023-08-14,ACC_KEMENLU_011_443,ACC_KEMENDAGRI_010_206,20835038227.31,Belanja Barang,Belanja internet dan komunikasi,0
2023-07-02,ACC_PERT_018_710,ACC_BPS_054_991,4328035844.29,Belanja Pegawai,Tunjangan kinerja triwulan,0
2023-03-26,ACC_SOS_027_155,ACC_BPJS_NA_169,33869892113.4,Belanja Barang,Belanja ATK dan operasional kantor,0
2023-02-04,ACC_KEMENDIKBUD_023_420,ACC_SOS_027_184,12730590152.38,Belanja Pembayaran Bunga Utang,Pembayaran kupon SUN,0
2023-05-02,ACC_KEMENESDM_020_417,ACC_POLRI_060_535,23452582999.25,Belanja Pegawai,Pembayaran gaji ke-13,0
2023-11-22,ACC_PERT_018_480,ACC_KEMENDAGRI_010_150,21443086871.19,Belanja Pegawai,Tunjangan kinerja triwulan,0
2023-01-17,ACC_KES_024_551,ACC_KEU_015_845,12954666997.1,Belanja Lain-lain,Belanja operasi non-rutin,0
2023-07-21,ACC_KEU_015_423,ACC_KEMENESDM_020_280,5251447952.48,Belanja Barang,Belanja internet dan komunikasi,0
2023-10-19,ACC_ESDM_020_355,ACC_KEU_015_582,4854825274.42,Belanja Barang,Belanja internet dan komunikasi,0
2023-03-21,ACC_BPJS_NA_557,ACC_KEMENHUB_022_988,16163396528.83,Belanja Barang,Pengadaan barang operasional,0
2023-11-19,ACC_KEMENAG_025_332,ACC_KEMENLU_011_243,35386348062.5,Belanja Barang,Pengadaan barang operasional,0
2023-07-01,ACC_PPATK_078_809,ACC_ESDM_020_473,25503995774.2,Belanja Modal,Pengadaan aset TIK,0
2023-02-26,ACC_KEMENESDM_020_322,ACC_KEMENHAN_012_977,13238637336.98,Belanja Pembayaran Bunga Utang,Pembayaran bunga pinjaman luar negeri,0
2023-09-23,ACC_BPK_004_227,ACC_KEMENESDM_020_829,24337894416.19,Belanja Barang,Belanja ATK dan operasional kantor,0
2023-01-04,ACC_KEMENDAG_090_439,ACC_KOMINFO_059_310,55559767093.26,Belanja Modal,Pembangunan infrastruktur jalan,0
2023-03-30,ACC_BPK_004_320,ACC_PPATK_078_375,22866159676.04,Belanja Subsidi,Subsidi pangan,0
2023-02-28,ACC_POLRI_060_185,ACC_BRIN_124_438,39401622545.56,Belanja Pegawai,Gaji pegawai bulan berjalan,0
2023-03-17,ACC_POLRI_060_656,ACC_KES_024_613,7827055005.2,Belanja Lain-lain,Belanja tak terduga,0
2023-10-04,ACC_KEMENESDM_020_578,ACC_KEU_015_648,15111487723.83,Belanja Barang,Belanja internet dan komunikasi,0
2023-09-23,ACC_SOS_027_953,ACC_KEMENKOPUKM_044_900,185433963859.65,Belanja Modal,Pembangunan infrastruktur jalan,0
2023-09-07,ACC_SOS_027_850,ACC_ESDM_020_762,13184525052.03,Belanja Modal,Pembangunan/rehabilitasi gedung,0
2023-02-25,ACC_POLRI_060_683,ACC_PERT_018_920,17986331531.06,Belanja Pembayaran Bunga Utang,Pembayaran bunga SBN,0
2023-05-31,ACC_KES_024_655,ACC_KEMENPAREKRAF_040_630,15674208683.62,Belanja Pegawai,Honorarium kegiatan resmi,0
2023-08-23,ACC_KOMINFO_059_017,ACC_KEMENLU_011_594,21184785637.04,Belanja Pembayaran Bunga Utang,Pembayaran bunga SBN,0
2023-02-01,ACC_KEMENPAREKRAF_040_023,ACC_KEU_015_614,16952050007.41,Belanja Lain-lain,Belanja operasi non-rutin,0
2023-05-24,ACC_KES_024_930,ACC_KEMENPAREKRAF_040_104,28894966827.75,Belanja Lain-lain,Belanja lainnya sesuai ketentuan,0
2023-09-01,ACC_KOMINFO_059_583,ACC_BRIN_124_274,22761066990.36,Belanja Modal,Pengadaan aset TIK,0
2023-05-05,ACC_KEMENLU_011_383,ACC_KEMENDAGRI_010_317,14237429350.5,Belanja Pegawai,Pembayaran THR,0
2023-07-11,ACC_PERT_018_337,ACC_KEMENDAG_090_738,36508397981.59,Belanja Barang,Pengadaan barang operasional,0
2023-12-28,ACC_PERT_018_796,ACC_BRIN_124_432,87138908319.31,Belanja Pembayaran Bunga Utang,Pembayaran bunga SBN,0
2023-06-01,ACC_SOS_027_322,ACC_KEMENDAGRI_010_607,10884613846.26,Belanja Barang,Penyewaan jasa kebersihan,0
2023-03-06,ACC_KEMENPAREKRAF_040_893,ACC_KEMENPERIN_019_270,13802642929.57,Belanja Pembayaran Bunga Utang,Pembayaran bunga SBN,0
2023-11-17,ACC_PERT_018_438,ACC_KEMENDIKBUD_023_019,47674386132.9,Belanja Barang,Penyewaan jasa kebersihan,0
2023-02-23,ACC_SOS_027_990,ACC_KOMINFO_059_460,1678961451.97,Belanja Pegawai,Pembayaran gaji ke-13,0
2023-01-15,ACC_KEU_015_560,ACC_KEMENHUB_022_651,6624094130.86,Belanja Pembayaran Bunga Utang,Pembayaran bunga SBN,0
2023-12-21,ACC_KEMENDIKBUD_023_457,ACC_ESDM_020_722,19791534776.2,Belanja Modal,Pengadaan peralatan dan mesin,0
2023-12-18,ACC_KEMENHAN_012_976,ACC_SOS_027_075,12093548360.16,Belanja Modal,Pengadaan peralatan dan mesin,0
2023-08-30,ACC_KEU_015_663,ACC_KEMENDAGRI_010_063,4933840949.26,Belanja Barang,Belanja ATK dan operasional kantor,0
2023-04-08,ACC_BPK_004_268,ACC_KES_024_662,16456201949.35,Belanja Pembayaran Bunga Utang,Pembayaran bunga pinjaman luar negeri,0
2023-03-25,ACC_POLRI_060_285,ACC_KEMENPAREKRAF_040_684,38924074479.08,Belanja Barang,Belanja ATK dan operasional kantor,0
2023-05-13,ACC_KES_024_052,ACC_KEMENHAN_012_493,28358870391.63,Belanja Barang,Belanja internet dan komunikasi,0
2023-10-25,ACC_KEMENESDM_020_399,ACC_KEMENDAG_090_591,30194557441.05,Belanja Subsidi,Subsidi pangan,0
2023-02-16,ACC_PPATK_078_246,ACC_KEMENPAREKRAF_040_503,33690061947.28,Belanja Pembayaran Bunga Utang,Pembayaran kupon SUN,0
2023-08-28,ACC_KEMENDIKBUD_023_490,ACC_KEMENLU_011_780,13560980369.99,Belanja Bantuan Sosial,Bansos tunai,0
2023-07-17,ACC_POLRI_060_243,ACC_PERT_018_507,15616158236.63,Belanja Bantuan Sosial,Bansos tunai,0
2023-10-06,ACC_BRIN_124_591,ACC_BPJS_NA_429,27499418771.04,Belanja Subsidi,Subsidi bunga kredit program,0
2023-04-19,ACC_KEMENLU_011_435,ACC_SOS_027_233,33298267348.39,Belanja Pembayaran Bunga Utang,Pembayaran imbal hasil obligasi,0
2023-08-20,ACC_PERT_018_952,ACC_KOMINFO_059_750,17215794138.99,Belanja Modal,Pengadaan aset TIK,0
2023-03-18,ACC_BPS_054_690,ACC_KEMENKOPUKM_044_490,54053161728.67,Belanja Modal,Pengadaan aset TIK,0
2023-01-19,ACC_KEMENPERIN_019_994,ACC_PPATK_078_571,11268921980.25,Belanja Subsidi,Subsidi bunga kredit program,0
2023-02-03,ACC_KEMENDAGRI_010_295,ACC_KEMENPERIN_019_251,37520597464.19,Belanja Bantuan Sosial,Transfer bantuan sosial,0
2023-04-16,ACC_KEMENPERIN_019_440,ACC_KEMENLU_011_180,32522869450.75,Belanja Pembayaran Bunga Utang,Pembayaran kupon SUN,0
2023-05-25,ACC_KOMINFO_059_327,ACC_KEMENAG_025_154,3318279939.49,Belanja Lain-lain,Cadangan risiko fiskal,0
2023-09-09,ACC_KEMENHAN_012_302,ACC_KEMENESDM_020_070,7329634185.34,Belanja Modal,Pembayaran termin proyek resmi,0
2023-11-12,ACC_KEMENKOPUKM_044_588,ACC_PERT_018_063,27903980299.34,Belanja Barang,Pengadaan barang operasional,0
2023-02-17,ACC_KEMENDIKBUD_023_445,ACC_POLRI_060_920,21579175352.8,Belanja Pembayaran Bunga Utang,Pembayaran kupon SUN,0
2023-09-23,ACC_KEMENDAG_090_256,ACC_KEMENPERIN_019_039,9402977543.15,Belanja Pembayaran Bunga Utang,Pembayaran imbal hasil obligasi,0
2023-04-28,ACC_KEMENLU_011_370,ACC_KEU_015_209,7564102881.5,Belanja Pegawai,Gaji pegawai bulan berjalan,0
2023-11-12,ACC_PERT_018_393,ACC_KEMENDAGRI_010_941,24838417743.57,Belanja Pembayaran Bunga Utang,Pembayaran kupon SUN,0
2023-08-28,ACC_PERT_018_865,ACC_KEMENHAN_012_259,20256140507.61,Belanja Bantuan Sosial,Bansos tunai,0
2023-02-27,ACC_KES_024_582,ACC_KOMINFO_059_605,26110106210.99,Belanja Subsidi,Pembayaran gaji ke-13,1
2023-05-17,ACC_KEMENHAN_012_617,ACC_ESDM_020_305,10337929000.47,Belanja Barang,Penyewaan jasa kebersihan,0
2023-11-01,ACC_SOS_027_438,ACC_KEU_015_656,36322610040.2,Belanja Modal,Pembangunan/rehabilitasi gedung,0
2023-09-09,ACC_BPJS_NA_728,ACC_KEU_015_126,170982857888.79,Belanja Pembayaran Bunga Utang,Pembayaran imbal hasil obligasi,0
2023-01-28,ACC_KOMINFO_059_848,ACC_KEMENKOPUKM_044_266,6243200784.79,Belanja Lain-lain,Cadangan risiko fiskal,0
2023-05-12,ACC_BPK_004_858,ACC_KEMENHUB_022_511,9004743038.2,Belanja Pegawai,Pengadaan peralatan dan mesin,1
2023-05-12,ACC_KEMENLU_011_553,ACC_KEMENDAG_090_201,16795739576.15,Belanja Barang,Belanja internet dan komunikasi,0
2023-10-11,ACC_KOMINFO_059_357,ACC_KEMENDIKBUD_023_047,21918090980.59,Belanja Pembayaran Bunga Utang,Pembayaran bunga pinjaman luar negeri,0
2023-01-28,ACC_SOS_027_335,ACC_KEMENHUB_022_526,11598771339.91,Belanja Pegawai,Honorarium kegiatan resmi,0
2023-01-16,ACC_BPJS_NA_990,ACC_KEMENPERIN_019_936,11760565802.12,Belanja Pegawai,Gaji pegawai bulan berjalan,0
2023-08-29,ACC_KEMENAG_025_058,ACC_KEMENESDM_020_984,22146703257.74,Belanja Bantuan Sosial,Bantuan program keluarga harapan,0
2023-12-11,ACC_BRIN_124_642,ACC_BPS_054_729,18310090273.55,Belanja Pembayaran Bunga Utang,Pembayaran imbal hasil obligasi,0
2023-04-13,ACC_KEMENDAGRI_010_729,ACC_KOMINFO_059_358,7359537753.92,Belanja Lain-lain,Belanja tak terduga,0
2023-06-07,ACC_PUPR_033_674,ACC_KEMENPAREKRAF_040_018,25467835394.76,Belanja Bantuan Sosial,Bantuan program keluarga harapan,0
2023-06-04,ACC_PUPR_033_567,ACC_POLRI_060_487,48895907167.92,Belanja Modal,Pengadaan aset TIK,0
2023-05-31,ACC_SOS_027_359,ACC_KEMENKOPUKM_044_368,24950079303.14,Belanja Pembayaran Bunga Utang,Pembayaran bunga pinjaman luar negeri,0
2023-12-06,ACC_KEMENPERIN_019_924,ACC_KEMENDAGRI_010_640,21390967821.43,Belanja Pembayaran Bunga Utang,Pembayaran kupon SUN,0
2023-05-23,ACC_BPK_004_400,ACC_KEMENAG_025_097,21800844678.42,Belanja Pegawai,Gaji pegawai bulan berjalan,0
2023-12-31,ACC_KEMENDAG_090_925,ACC_KEU_015_491,37958874846.22,Belanja Barang,Belanja internet dan komunikasi,1
2023-04-22,ACC_KEU_015_453,ACC_KEMENKOPUKM_044_316,22041060199.83,Belanja Subsidi,Subsidi bunga kredit program,0
2023-09-09,ACC_ESDM_020_074,ACC_KEMENLU_011_453,3508806869.26,Belanja Lain-lain,Belanja lainnya sesuai ketentuan,0
2023-04-06,ACC_KEMENHUB_022_938,ACC_KEMENDIKBUD_023_031,30860941385.06,Belanja Subsidi,Pembayaran subsidi,0
2023-12-20,ACC_KEMENDAGRI_010_305,ACC_KEMENESDM_020_599,29352708162.31,Belanja Bantuan Sosial,Transfer bantuan sosial,0
2023-01-28,ACC_KES_024_589,ACC_KEMENPAREKRAF_040_925,26117359496.51,Belanja Lain-lain,Belanja lainnya sesuai ketentuan,0
2023-02-19,ACC_BPS_054_857,ACC_PPATK_078_177,4664804503.72,Belanja Barang,Penyewaan jasa kebersihan,0
2023-08-15,ACC_POLRI_060_127,ACC_KEMENDAGRI_010_349,16910071098.37,Belanja Lain-lain,Cadangan risiko fiskal,0
2023-04-06,ACC_KEMENLU_011_352,ACC_KES_024_986,18932892655.21,Belanja Bantuan Sosial,Bantuan sosial kebencanaan,0
2023-03-23,ACC_KEMENDAGRI_010_640,ACC_KEMENPAREKRAF_040_359,22475540037.36,Belanja Modal,Pembangunan infrastruktur jalan,0
2023-07-22,ACC_PUPR_033_170,ACC_KEMENLU_011_599,33494669593.35,Belanja Subsidi,Subsidi bunga kredit program,0
2023-08-28,ACC_BPJS_NA_337,ACC_KEMENKOPUKM_044_138,7266600752.01,Belanja Subsidi,Subsidi pangan,0
2023-07-20,ACC_KEMENESDM_020_292,ACC_SOS_027_342,11796690127.49,Belanja Modal,Pembangunan/rehabilitasi gedung,0
2023-04-08,ACC_KEMENPERIN_019_216,ACC_SOS_027_636,7190003860.7,Belanja Pegawai,Gaji pegawai bulan berjalan,0
2023-01-27,ACC_BPK_004_677,ACC_PUPR_033_455,12335598961.79,Belanja Barang,Pengadaan barang operasional,0
2023-01-14,ACC_ESDM_020_098,ACC_SOS_027_279,4148257546.69,Belanja Lain-lain,Cadangan risiko fiskal,0
2023-04-22,ACC_BPJS_NA_207,ACC_PPATK_078_864,16867520264.74,Belanja Modal,Pengadaan aset TIK,0
2023-03-02,ACC_BPK_004_597,ACC_PERT_018_695,15917170512.38,Belanja Pembayaran Bunga Utang,Pembayaran bunga SBN,0
2023-09-28,ACC_KOMINFO_059_913,ACC_PPATK_078_802,12660836044.28,Belanja Lain-lain,Cadangan risiko fiskal,0
2023-02-08,ACC_KEMENHUB_022_998,ACC_KEU_015_718,6516441346.69,Belanja Pegawai,Gaji pegawai bulan berjalan,0
2023-05-23,ACC_POLRI_060_615,ACC_PUPR_033_419,30908723570.98,Belanja Pegawai,Gaji pegawai bulan berjalan,0
2023-02-24,ACC_PUPR_033_962,ACC_KEMENDAG_090_748,17439428261.14,Belanja Pembayaran Bunga Utang,Pembayaran bunga SBN,0
2023-12-17,ACC_POLRI_060_339,ACC_KEMENDAGRI_010_947,26543947136.16,Belanja Pembayaran Bunga Utang,Belanja pemeliharaan rutin,1
2023-03-11,ACC_POLRI_060_672,ACC_BPJS_NA_898,5845813067.46,Belanja Barang,Belanja ATK dan operasional kantor,0
2023-03-18,ACC_ESDM_020_767,ACC_KEMENAG_025_759,14802057128.21,Belanja Lain-lain,Belanja operasi non-rutin,0
2023-05-19,ACC_SOS_027_078,ACC_ESDM_020_592,7124534812.09,Belanja Barang,Penyewaan jasa kebersihan,0
2023-05-01,ACC_ESDM_020_592,ACC_KEMENAG_025_718,31528349399.73,Belanja Subsidi,Subsidi pangan,0
2023-10-01,ACC_KEMENESDM_020_410,ACC_KEMENKOPUKM_044_358,19244101825.93,Belanja Subsidi,Pembayaran subsidi,0
2023-04-24,ACC_KEMENDIKBUD_023_487,ACC_BPK_004_789,14021996609.73,Belanja Barang,Belanja internet dan komunikasi,0
2023-12-18,ACC_KEMENPAREKRAF_040_044,ACC_BRIN_124_592,6132484305.67,Belanja Pegawai,Pembayaran THR,0
2023-05-23,ACC_POLRI_060_823,ACC_KEMENDAGRI_010_299,43173226842.11,Belanja Pembayaran Bunga Utang,Pembayaran kupon SUN,0
2023-06-10,ACC_BPK_004_062,ACC_KES_024_567,35893255099.59,Belanja Pembayaran Bunga Utang,Pembayaran imbal hasil obligasi,0
2023-10-17,ACC_KEMENDAG_090_169,ACC_BPJS_NA_266,11376556619.77,Belanja Bantuan Sosial,Transfer bantuan sosial,0
2023-07-04,ACC_KEMENHAN_012_334,ACC_KEMENHUB_022_515,57208233994.38,Belanja Subsidi,Subsidi energi,0
2023-09-11,ACC_BRIN_124_586,ACC_KEMENESDM_020_335,9806845689.41,Belanja Pegawai,Tunjangan kinerja triwulan,0
2023-09-17,ACC_BPJS_NA_004,ACC_KES_024_888,19554380168.51,Belanja Barang,Pengadaan barang operasional,0
2023-08-14,ACC_KEMENPAREKRAF_040_864,ACC_PUPR_033_500,46680431422.39,Belanja Bantuan Sosial,Bansos tunai,0
2023-12-19,ACC_KEU_015_776,ACC_BRIN_124_370,6556052272.94,Belanja Barang,Belanja ATK dan operasional kantor,0
2023-02-09,ACC_KEMENKOPUKM_044_634,ACC_KEMENLU_011_647,20884348314.97,Belanja Bantuan Sosial,Bansos tunai,0
2023-06-02,ACC_KEMENPAREKRAF_040_540,ACC_SOS_027_427,46688001558.98,Belanja Modal,Pembangunan/rehabilitasi gedung,0
2023-08-09,ACC_KOMINFO_059_634,ACC_KEMENAG_025_361,106569860349.05,Belanja Subsidi,Subsidi pupuk,0
2023-03-12,ACC_KEMENDIKBUD_023_662,ACC_KEMENDAGRI_010_699,25945275251.31,Belanja Modal,Pembangunan/rehabilitasi gedung,0
2023-04-19,ACC_BPJS_NA_865,ACC_KEMENKOPUKM_044_513,39144072244.75,Belanja Subsidi,Subsidi energi,0
2023-06-18,ACC_KEMENDIKBUD_023_248,ACC_SOS_027_620,5406648659.21,Belanja Lain-lain,Belanja tak terduga,0
2023-11-13,ACC_BPK_004_737,ACC_KEMENHAN_012_397,12612084865.51,Belanja Pembayaran Bunga Utang,Pembayaran kupon SUN,0
2023-06-17,ACC_KEMENKOPUKM_044_743,ACC_KEMENPERIN_019_126,83713338055.98,Belanja Lain-lain,Belanja tak terduga,0
2023-02-17,ACC_KEMENLU_011_202,ACC_KOMINFO_059_059,4178741035.89,Belanja Pegawai,Gaji pegawai bulan berjalan,0
2023-01-11,ACC_POLRI_060_793,ACC_BPS_054_701,32705811347.04,Belanja Pegawai,Tunjangan kinerja triwulan,0
2023-04-03,ACC_BRIN_124_628,ACC_KEMENDAG_090_844,18981784918.78,Belanja Barang,Belanja internet dan komunikasi,0
2023-10-20,ACC_KEMENESDM_020_444,ACC_SOS_027_705,12131584614.97,Belanja Pegawai,Tunjangan kinerja triwulan,0
2023-10-31,ACC_KEMENKOPUKM_044_958,ACC_SOS_027_340,10550515100.41,Belanja Modal,Pembayaran termin proyek resmi,0
2023-11-20,ACC_BPK_004_302,ACC_KEU_015_881,27880147589.11,Belanja Subsidi,Subsidi pangan,0
2023-09-30,ACC_PERT_018_466,ACC_POLRI_060_466,19579784921.38,Belanja Pembayaran Bunga Utang,Pembayaran bunga SBN,0
2023-02-09,ACC_KEMENPAREKRAF_040_690,ACC_BRIN_124_329,22794241307.56,Belanja Subsidi,Subsidi pupuk,0
2023-05-25,ACC_KEMENKOPUKM_044_632,ACC_KEMENHAN_012_109,12428305415.68,Belanja Barang,Penyewaan jasa kebersihan,0
2023-11-04,ACC_SOS_027_423,ACC_KEMENHUB_022_572,16788196736.5,Belanja Pembayaran Bunga Utang,Pembayaran bunga SBN,0
2023-06-19,ACC_KEMENHAN_012_819,ACC_BPS_054_792,16038929980.04,Belanja Modal,Pengadaan peralatan dan mesin,0
2023-09-13,ACC_ESDM_020_683,ACC_KEMENLU_011_073,11185557850.84,Belanja Modal,Pembangunan infrastruktur jalan,0
2023-06-03,ACC_BPS_054_255,ACC_KEMENDIKBUD_023_351,11995038116.74,Belanja Subsidi,Subsidi bunga kredit program,0
2023-11-08,ACC_PUPR_033_808,ACC_KEMENKOPUKM_044_765,10404323586.79,Belanja Barang,Penyewaan jasa kebersihan,0
2023-05-15,ACC_KEMENHAN_012_843,ACC_SOS_027_523,23399385871.57,Belanja Barang,Pengadaan barang operasional,0
2023-11-15,ACC_KEMENESDM_020_080,ACC_KEMENLU_011_191,42217306321.09,Belanja Modal,Pengadaan aset TIK,0
2023-08-17,ACC_KOMINFO_059_993,ACC_KEMENDAG_090_596,17181301168.89,Belanja Modal,Pengadaan peralatan dan mesin,0
2023-12-27,ACC_KEMENLU_011_701,ACC_PERT_018_021,11826581562.7,Belanja Pembayaran Bunga Utang,Pembayaran imbal hasil obligasi,0
2023-12-02,ACC_KEMENDIKBUD_023_988,ACC_KEMENPERIN_019_976,101035444291.89,Belanja Subsidi,Subsidi pangan,0
2023-06-26,ACC_KEMENDIKBUD_023_725,ACC_BPS_054_358,33908303827.92,Belanja Barang,Pengadaan barang operasional,0
2023-10-03,ACC_BRIN_124_659,ACC_PUPR_033_898,10294748072.58,Belanja Pegawai,Tunjangan kinerja triwulan,0
2023-04-01,ACC_SOS_027_072,ACC_BPK_004_365,36643026626.71,Belanja Subsidi,Pembayaran subsidi,0
2023-07-18,ACC_PUPR_033_017,ACC_KEMENAG_025_218,44722144538.06,Belanja Bantuan Sosial,Bantuan pangan nontunai,0
2023-05-18,ACC_BPK_004_147,ACC_KES_024_210,40111081386.98,Belanja Modal,Pembangunan infrastruktur jalan,0
2023-06-04,ACC_SOS_027_010,ACC_POLRI_060_353,7459333124.03,Belanja Lain-lain,Belanja tak terduga,0
2023-05-14,ACC_KEMENPERIN_019_006,ACC_BPJS_NA_333,18348885261.16,Belanja Lain-lain,Belanja operasi non-rutin,0
2023-05-27,ACC_KEMENLU_011_377,ACC_SOS_027_640,24835373250.58,Belanja Pembayaran Bunga Utang,Pembayaran bunga pinjaman luar negeri,0
2023-02-20,ACC_PPATK_078_154,ACC_BPJS_NA_582,50249311149.3,Belanja Modal,Pembangunan/rehabilitasi gedung,0
2023-06-12,ACC_KEMENPAREKRAF_040_971,ACC_KOMINFO_059_648,8676428536.16,Belanja Modal,Pengadaan peralatan dan mesin,0
2023-06-26,ACC_KOMINFO_059_115,ACC_KEMENHAN_012_499,8810430455.68,Belanja Barang,Penyewaan jasa kebersihan,0
2023-03-04,ACC_BPJS_NA_733,ACC_KEMENPERIN_019_016,8582992128.96,Belanja Modal,Pembangunan/rehabilitasi gedung,0
2023-05-02,ACC_PPATK_078_948,ACC_KEU_015_258,5195793509.51,Belanja Pegawai,Gaji pegawai bulan berjalan,0
2023-05-26,ACC_PERT_018_977,ACC_KEMENDIKBUD_023_237,11015736345.34,Belanja Bantuan Sosial,Bantuan sosial kebencanaan,0
2023-03-27,ACC_KEMENPAREKRAF_040_679,ACC_PPATK_078_129,24834149813.22,Belanja Modal,Pembangunan/rehabilitasi gedung,0
2023-02-27,ACC_BPJS_NA_257,ACC_BPK_004_141,57794276646.79,Belanja Pembayaran Bunga Utang,Pembayaran bunga pinjaman luar negeri,0
2023-07-28,ACC_KEMENDAGRI_010_716,ACC_BRIN_124_519,12431330225.34,Belanja Barang,Pengadaan barang operasional,0
2023-12-30,ACC_PERT_018_055,ACC_KEMENDAGRI_010_156,18798085711.34,Belanja Subsidi,Subsidi pangan,0
2023-06-15,ACC_ESDM_020_542,ACC_KEU_015_322,30372570320.95,Belanja Barang,Belanja pemeliharaan rutin,0
2023-11-14,ACC_BPS_054_075,ACC_KEMENDAGRI_010_959,6084042279.51,Belanja Pegawai,Gaji pegawai bulan berjalan,0
2023-12-29,ACC_PERT_018_096,ACC_POLRI_060_040,19243218444.21,Belanja Pembayaran Bunga Utang,Pembayaran bunga SBN,0
2023-09-29,ACC_PERT_018_499,ACC_BRIN_124_525,33544355161.46,Belanja Pembayaran Bunga Utang,Pembayaran bunga SBN,0
2023-05-31,ACC_KEMENPERIN_019_804,ACC_KEMENHAN_012_043,25373747515.26,Belanja Barang,Belanja pemeliharaan rutin,0
2023-01-30,ACC_KEMENAG_025_441,ACC_KEU_015_542,5542697814.31,Belanja Pembayaran Bunga Utang,Pembayaran kupon SUN,0
2023-04-09,ACC_BPK_004_962,ACC_KEMENPAREKRAF_040_094,22566238042.22,Belanja Modal,Pembayaran termin proyek resmi,0
2023-09-12,ACC_PUPR_033_214,ACC_KEU_015_422,14012661258.79,Belanja Pegawai,Pembayaran gaji ke-13,0
2023-10-22,ACC_BRIN_124_694,ACC_KEMENDAG_090_642,29993120848.16,Belanja Modal,Pengadaan peralatan dan mesin,0
2023-04-06,ACC_KEMENDIKBUD_023_203,ACC_PERT_018_447,12678243278.89,Belanja Subsidi,Subsidi energi,0
2023-03-09,ACC_SOS_027_092,ACC_KEMENDAG_090_778,12204102116.71,Belanja Subsidi,Subsidi bunga kredit program,0
2023-04-26,ACC_KEMENKOPUKM_044_859,ACC_KEMENPAREKRAF_040_912,27954435691.62,Belanja Modal,Pembangunan/rehabilitasi gedung,0
2023-09-16,ACC_KEMENHUB_022_308,ACC_POLRI_060_367,4690307004.31,Belanja Modal,Pengadaan aset TIK,0
2023-02-17,ACC_POLRI_060_027,ACC_KEMENHAN_012_508,10942596202.79,Belanja Pembayaran Bunga Utang,Pembayaran kupon SUN,0
2023-12-31,ACC_KEU_015_953,ACC_KEMENHAN_012_298,17945775760.38,Belanja Subsidi,Subsidi bunga kredit program,0
2023-01-30,ACC_BPJS_NA_439,ACC_KEMENDAGRI_010_340,36782016103.88329,Belanja Subsidi,Subsidi pupuk,1
2023-02-23,ACC_BRIN_124_366,ACC_KEMENPERIN_019_795,13023725203.74,Belanja Barang,Belanja pemeliharaan rutin,0
2023-11-24,ACC_SOS_027_002,ACC_POLRI_060_910,25432211104.78,Belanja Modal,Pembangunan infrastruktur jalan,0
2023-05-26,ACC_PPATK_078_530,ACC_KEMENESDM_020_528,21635272043.4,Belanja Subsidi,Pembayaran subsidi,0
2023-12-18,ACC_ESDM_020_810,ACC_BPS_054_209,4569385497.29,Belanja Barang,Belanja ATK dan operasional kantor,0
2023-04-23,ACC_BRIN_124_690,ACC_ESDM_020_973,12458419951.49,Belanja Pegawai,Honorarium kegiatan resmi,0
2023-02-07,ACC_KEMENPAREKRAF_040_609,ACC_KEU_015_198,24522570689.8,Belanja Pembayaran Bunga Utang,Pembayaran bunga pinjaman luar negeri,0
2023-01-07,ACC_KEMENAG_025_556,ACC_PPATK_078_332,12378112076.61,Belanja Pembayaran Bunga Utang,Pembayaran kupon SUN,0
2023-03-30,ACC_KEMENHAN_012_018,ACC_KOMINFO_059_620,81714035401.19,Belanja Modal,Pembayaran termin proyek resmi,0
2023-11-06,ACC_KOMINFO_059_579,ACC_KEMENLU_011_605,10189707744.54,Belanja Pegawai,Gaji pegawai bulan berjalan,0
2023-11-07,ACC_POLRI_060_134,ACC_KEMENESDM_020_385,19692352537.69,Belanja Modal,Pembangunan infrastruktur jalan,0
2023-12-26,ACC_KEMENKOPUKM_044_971,ACC_KEMENDIKBUD_023_114,10277724920.52,Belanja Barang,Belanja ATK dan operasional kantor,0
2023-12-23,ACC_POLRI_060_656,ACC_BRIN_124_056,12779129116.28,Belanja Modal,Pembangunan/rehabilitasi gedung,0
2023-01-06,ACC_KEMENDAGRI_010_542,ACC_KEMENLU_011_447,6753398182.17,Belanja Barang,Belanja internet dan komunikasi,0
2023-06-15,ACC_BPS_054_837,ACC_POLRI_060_831,15627817062.26,Belanja Pegawai,Honorarium kegiatan resmi,0
2023-09-25,ACC_KOMINFO_059_837,ACC_PUPR_033_510,40657147026.21,Belanja Barang,Belanja internet dan komunikasi,0
2023-08-27,ACC_KEMENDIKBUD_023_010,ACC_BPJS_NA_302,55699762453.24,Belanja Barang,Penyewaan jasa kebersihan,0
2023-10-20,ACC_KEMENPERIN_019_052,ACC_SOS_027_752,3396659354.62,Belanja Pegawai,Pembayaran THR,0
2023-12-23,ACC_KEMENKOPUKM_044_640,ACC_KEMENAG_025_816,44763454600.68,Belanja Modal,Pembangunan/rehabilitasi gedung,0
2023-03-22,ACC_KEMENDAG_090_261,ACC_SOS_027_006,20131208738.14,Belanja Subsidi,Pembayaran subsidi,0
2023-03-22,ACC_KEMENPAREKRAF_040_923,ACC_BRIN_124_515,3583054656.23,Belanja Subsidi,Subsidi energi,0
2023-12-15,ACC_KEMENKOPUKM_044_561,ACC_BRIN_124_228,9683520138.91,Belanja Lain-lain,Belanja tak terduga,0
2023-09-14,ACC_KEMENDIKBUD_023_955,ACC_KEMENDAG_090_506,11286527321.95,Belanja Pembayaran Bunga Utang,Pembayaran bunga pinjaman luar negeri,0
2023-05-26,ACC_KEMENDAG_090_290,ACC_KEMENPAREKRAF_040_769,6727674549.25,Belanja Pegawai,Honorarium kegiatan resmi,0
2023-01-16,ACC_KES_024_924,ACC_KEMENDAG_090_988,21056983387.28,Belanja Barang,Pengadaan barang operasional,0
2023-12-28,ACC_KEMENKOPUKM_044_454,ACC_PUPR_033_217,14307555033.06,Belanja Barang,Belanja ATK dan operasional kantor,1
2023-10-03,ACC_KEMENDAG_090_364,ACC_KEMENAG_025_642,51636537124.44,Belanja Modal,Pembayaran termin proyek resmi,0
2023-06-26,ACC_PUPR_033_979,ACC_KEMENPAREKRAF_040_460,9118905560.93,Belanja Barang,Penyewaan jasa kebersihan,0
2023-12-08,ACC_KEU_015_177,ACC_BPS_054_130,14550078196.56,Belanja Subsidi,Subsidi bunga kredit program,0
2023-12-26,ACC_BRIN_124_088,ACC_KEU_015_532,58607494094.3,Belanja Modal,Pembayaran termin proyek resmi,0
2023-12-20,ACC_POLRI_060_416,ACC_ESDM_020_051,22015677998.84,Belanja Lain-lain,Cadangan risiko fiskal,0
2023-03-04,ACC_KEMENDAG_090_089,ACC_KEMENDIKBUD_023_701,45460427937.36,Belanja Subsidi,Subsidi pupuk,0
2023-06-25,ACC_ESDM_020_364,ACC_KES_024_776,8521590528.57,Belanja Pegawai,Honorarium kegiatan resmi,0
2023-02-11,ACC_ESDM_020_483,ACC_PPATK_078_987,28331921050.28,Belanja Barang,Belanja ATK dan operasional kantor,0
2023-07-08,ACC_BPS_054_160,ACC_KEMENAG_025_814,14194769854.14,Belanja Pembayaran Bunga Utang,Pembayaran bunga SBN,0
2023-03-15,ACC_KEMENDAG_090_864,ACC_BPK_004_018,8707446008.89,Belanja Pembayaran Bunga Utang,Pembayaran bunga SBN,0
2023-02-07,ACC_KEMENPAREKRAF_040_718,ACC_KEMENHAN_012_386,6384401385.49,Belanja Bantuan Sosial,Bansos tunai,0
2023-04-18,ACC_BRIN_124_901,ACC_KEMENESDM_020_098,19340115152.0,Belanja Pegawai,Pembayaran THR,0
2023-03-31,ACC_BPS_054_430,ACC_KEMENLU_011_219,4516716590.56,Belanja Subsidi,Pembayaran subsidi,0
2023-04-06,ACC_POLRI_060_915,ACC_KEMENDAG_090_544,12161263778.8,Belanja Pegawai,Pembayaran gaji ke-13,0
2023-04-30,ACC_KEMENDAG_090_786,ACC_PERT_018_652,20577214582.27,Belanja Modal,Pembangunan infrastruktur jalan,0
2023-03-23,ACC_BPS_054_448,ACC_BRIN_124_912,15201683385.77,Belanja Pegawai,Honorarium kegiatan resmi,0
2023-01-24,ACC_KEMENAG_025_061,ACC_ESDM_020_823,3781754757.12,Belanja Pembayaran Bunga Utang,Pembayaran bunga pinjaman luar negeri,0
2023-08-13,ACC_POLRI_060_991,ACC_ESDM_020_680,4365678508.6,Belanja Pegawai,Pembayaran THR,0
2023-06-02,ACC_KEMENHUB_022_096,ACC_KOMINFO_059_565,41435986523.15,Belanja Subsidi,Subsidi bunga kredit program,0
2023-04-20,ACC_KEMENDAG_090_458,ACC_KES_024_828,10164390810.31,Belanja Pegawai,Honorarium kegiatan resmi,0
2023-07-31,ACC_KEMENAG_025_763,ACC_KEMENESDM_020_168,9228623338.01,Belanja Modal,Pengadaan aset TIK,0
2023-08-18,ACC_KEMENHUB_022_751,ACC_PERT_018_787,14629248609.8,Belanja Modal,Pengadaan aset TIK,0
2023-06-23,ACC_BPS_054_848,ACC_SOS_027_621,9568615967.02,Belanja Lain-lain,Belanja tak terduga,0
2023-10-18,ACC_KEMENDIKBUD_023_328,ACC_KEMENKOPUKM_044_604,16265334421.45,Belanja Pembayaran Bunga Utang,Pembayaran imbal hasil obligasi,0
2023-06-30,ACC_KEMENDIKBUD_023_950,ACC_BRIN_124_815,18337341972.15,Belanja Barang,Penyewaan jasa kebersihan,0
2023-03-25,ACC_KEMENKOPUKM_044_214,ACC_KEMENHAN_012_546,28552929046.23,Belanja Pembayaran Bunga Utang,Pembayaran kupon SUN,0
2023-11-09,ACC_KEMENKOPUKM_044_040,ACC_BPS_054_998,36478799944.78,Belanja Barang,Belanja pemeliharaan rutin,0
2023-09-29,ACC_KEMENKOPUKM_044_136,ACC_KEU_015_599,8708047993.37,Belanja Lain-lain,Belanja lainnya sesuai ketentuan,0
2023-01-23,ACC_BPS_054_235,ACC_KES_024_131,12097605851.49,Belanja Pegawai,Tunjangan kinerja triwulan,0
2023-01-17,ACC_KEMENPERIN_019_882,ACC_KEMENDAG_090_954,26399146635.73,Belanja Lain-lain,Belanja tak terduga,0
2023-11-30,ACC_KEMENAG_025_442,ACC_KEMENDIKBUD_023_696,12246625994.94,Belanja Lain-lain,Cadangan risiko fiskal,0
2023-01-12,ACC_ESDM_020_520,ACC_KEMENPERIN_019_080,10807539160.97,Belanja Pembayaran Bunga Utang,Pembayaran imbal hasil obligasi,0
2023-09-29,ACC_PUPR_033_133,ACC_KEMENLU_011_005,10454875248.35,Belanja Bantuan Sosial,Bansos tunai,0
2023-04-27,ACC_KEMENLU_011_690,ACC_BRIN_124_773,7010530041.04,Belanja Barang,Pengadaan barang operasional,0
2023-03-23,ACC_KEMENKOPUKM_044_638,ACC_KEMENDIKBUD_023_084,68926300338.25,Belanja Modal,Pengadaan aset TIK,0
2023-06-24,ACC_PUPR_033_828,ACC_KES_024_842,6724522349.04,Belanja Bantuan Sosial,Transfer bantuan sosial,0
2023-06-18,ACC_POLRI_060_955,ACC_KEMENESDM_020_572,15006865919.16,Belanja Barang,Pengadaan barang operasional,0
2023-08-29,ACC_KEMENDAGRI_010_702,ACC_KEMENPERIN_019_496,20651408930.52,Belanja Modal,Pembayaran termin proyek resmi,0
2023-10-02,ACC_KEMENDAG_090_825,ACC_KEMENAG_025_015,92934122381.18,Belanja Modal,Pengadaan aset TIK,0
2023-07-27,ACC_BPJS_NA_060,ACC_KEMENDAGRI_010_365,13842591002.23,Belanja Barang,Pengadaan barang operasional,0
2023-10-09,ACC_SOS_027_500,ACC_PPATK_078_209,5949402477.69,Belanja Pegawai,Pembayaran gaji ke-13,0
2023-04-07,ACC_BRIN_124_731,ACC_KEMENDIKBUD_023_389,10759473675.1,Belanja Pegawai,Gaji pegawai bulan berjalan,0
2023-03-07,ACC_BPJS_NA_639,ACC_BPJS_NA_639,18316134703.99,Belanja Barang,Belanja internet dan komunikasi,1
2023-09-24,ACC_ESDM_020_794,ACC_KEMENHUB_022_149,43761727095.36,Belanja Lain-lain,Belanja operasi non-rutin,0
2023-02-26,ACC_ESDM_020_005,ACC_BPK_004_526,10426140603.93,Belanja Pegawai,Tunjangan kinerja triwulan,0
2023-11-20,ACC_KEMENDAG_090_436,ACC_KEMENESDM_020_816,10021604409.53,Belanja Pegawai,Honorarium kegiatan resmi,0
2023-10-07,ACC_PPATK_078_132,ACC_KEU_015_393,21858246592.28,Belanja Bantuan Sosial,Bantuan program keluarga harapan,0
2023-04-26,ACC_KEMENPERIN_019_419,ACC_BPJS_NA_202,21646091994.24,Belanja Pembayaran Bunga Utang,Pembayaran bunga pinjaman luar negeri,0
2023-07-19,ACC_SOS_027_762,ACC_KES_024_099,24367155546.31,Belanja Subsidi,Pembayaran subsidi,0
2023-08-01,ACC_ESDM_020_143,ACC_KEMENPERIN_019_702,10834343077.01,Belanja Bantuan Sosial,Transfer bantuan sosial,0
2023-05-15,ACC_KEMENDIKBUD_023_411,ACC_SOS_027_985,16902005848.09,Belanja Pembayaran Bunga Utang,Pembayaran bunga pinjaman luar negeri,0
2023-01-13,ACC_KOMINFO_059_785,ACC_SOS_027_745,18738635389.56,Belanja Pembayaran Bunga Utang,Pembayaran kupon SUN,0
2023-02-02,ACC_KEU_015_388,ACC_KEMENDIKBUD_023_476,103365366988.72,Belanja Bantuan Sosial,Bantuan program keluarga harapan,0
2023-01-16,ACC_KEMENLU_011_997,ACC_PUPR_033_662,9377068103.07,Belanja Pegawai,Gaji pegawai bulan berjalan,0
2023-03-13,ACC_KEMENDAG_090_593,ACC_KEMENLU_011_573,16953337162.56,Belanja Subsidi,Subsidi pangan,0
2023-02-27,ACC_PERT_018_332,ACC_BPK_004_889,24716937654.77,Belanja Modal,Pembangunan infrastruktur jalan,0
2023-06-12,ACC_POLRI_060_283,ACC_KEMENPERIN_019_729,2095271681.39,Belanja Pegawai,Pembayaran THR,0
2023-08-29,ACC_BRIN_124_857,ACC_KEMENPERIN_019_045,8229196879.36,Belanja Barang,Pengadaan barang operasional,0
2023-04-12,ACC_BPS_054_974,ACC_ESDM_020_603,19365040684.33,Belanja Pegawai,Gaji pegawai bulan berjalan,0
2023-10-31,ACC_PERT_018_786,ACC_ESDM_020_384,14013029408.71,Belanja Lain-lain,Belanja tak terduga,0
2023-04-18,ACC_PERT_018_094,ACC_KEMENDIKBUD_023_823,9259046965.81,Belanja Barang,Belanja internet dan komunikasi,0
2023-10-20,ACC_KOMINFO_059_016,ACC_KEMENPAREKRAF_040_991,10022256915.54,Belanja Pembayaran Bunga Utang,Pembayaran kupon SUN,0
2023-08-03,ACC_KEMENDAG_090_656,ACC_BRIN_124_786,5374173557.65,Belanja Modal,Pembayaran termin proyek resmi,0
2023-05-18,ACC_KEMENAG_025_716,ACC_KEMENPAREKRAF_040_814,44465564810.06,Belanja Modal,Pembangunan/rehabilitasi gedung,0
2023-10-28,ACC_BRIN_124_373,ACC_POLRI_060_162,25575935310.93,Belanja Subsidi,Subsidi pangan,0
2023-12-19,ACC_KEMENLU_011_083,ACC_BPJS_NA_892,3327906964.8,Belanja Pegawai,Gaji pegawai bulan berjalan,0
2023-05-08,ACC_KEMENKOPUKM_044_230,ACC_BPS_054_018,8526172791.71,Belanja Subsidi,Subsidi pangan,0
2023-12-18,ACC_ESDM_020_890,ACC_KEU_015_281,8394168748.97,Belanja Barang,Penyewaan jasa kebersihan,0
2023-12-26,ACC_KEMENKOPUKM_044_791,ACC_SOS_027_217,9632974979.66,Belanja Pegawai,Pembayaran gaji ke-13,0
2023-07-26,ACC_KEMENLU_011_665,ACC_KEU_015_992,19757021026.67,Belanja Lain-lain,Cadangan risiko fiskal,0
2023-06-19,ACC_PUPR_033_429,ACC_KEMENESDM_020_753,30290726967.42,Belanja Pembayaran Bunga Utang,Pembayaran kupon SUN,0
2023-11-17,ACC_PUPR_033_436,ACC_KEMENHAN_012_592,58706632602.88,Belanja Subsidi,Subsidi energi,0
2023-11-22,ACC_KEMENKOPUKM_044_939,ACC_PPATK_078_029,44079246118.59,Belanja Modal,Pengadaan aset TIK,0
2023-03-16,ACC_POLRI_060_557,ACC_KEU_015_581,12788523889.75,Belanja Lain-lain,Belanja tak terduga,0
2023-08-29,ACC_KEMENHAN_012_253,ACC_KEMENDIKBUD_023_936,15612944382.28,Belanja Barang,Belanja internet dan komunikasi,0
2023-12-02,ACC_KOMINFO_059_729,ACC_KEMENHAN_012_714,26691188467.5,Belanja Subsidi,Subsidi pupuk,0
2023-06-03,ACC_KEMENLU_011_992,ACC_KEMENDIKBUD_023_231,7289064838.02,Belanja Lain-lain,Belanja lainnya sesuai ketentuan,0
2023-06-26,ACC_PERT_018_693,ACC_KEMENESDM_020_984,9502186591.61,Belanja Lain-lain,Belanja tak terduga,0
2023-09-23,ACC_KEMENHAN_012_902,ACC_KEMENESDM_020_135,10221686728.57,Belanja Bantuan Sosial,Bantuan sosial kebencanaan,0
2023-12-13,ACC_KEMENDAGRI_010_456,ACC_KEMENKOPUKM_044_259,12664430341.52,Belanja Lain-lain,Belanja tak terduga,0
2023-05-02,ACC_POLRI_060_462,ACC_BRIN_124_116,38375030708.6,Belanja Subsidi,Subsidi bunga kredit program,0
2023-03-08,ACC_KEMENLU_011_645,ACC_KES_024_281,19334908397.67,Belanja Barang,Belanja pemeliharaan rutin,0
2023-08-28,ACC_KEMENLU_011_060,ACC_KEMENPAREKRAF_040_650,9342881607.58,Belanja Bantuan Sosial,Bantuan sosial kebencanaan,0
2023-06-14,ACC_BRIN_124_831,ACC_PERT_018_189,16037038538.98,Belanja Modal,Pembangunan infrastruktur jalan,0
2023-03-16,ACC_BPJS_NA_557,ACC_KEMENDIKBUD_023_428,9205171946.26,Belanja Lain-lain,Cadangan risiko fiskal,0
2023-06-24,ACC_ESDM_020_673,ACC_BPJS_NA_579,16577832114.79,Belanja Modal,Pembangunan/rehabilitasi gedung,0
2023-05-04,ACC_KEMENAG_025_694,ACC_KEMENHAN_012_376,4749584645.46,Belanja Subsidi,Subsidi pupuk,0
2023-02-05,ACC_KEMENPERIN_019_212,ACC_KEMENLU_011_896,8408767966.01,Belanja Modal,Pembayaran termin proyek resmi,0
2023-12-03,ACC_PUPR_033_841,ACC_KEU_015_988,28524433020.34,Belanja Pembayaran Bunga Utang,Pembayaran bunga pinjaman luar negeri,0
2023-02-15,ACC_BPK_004_668,ACC_SOS_027_401,21551013977.07,Belanja Lain-lain,Belanja lainnya sesuai ketentuan,0
2023-03-01,ACC_KEMENPAREKRAF_040_517,ACC_BRIN_124_965,22176637168.01,Belanja Pegawai,Pembayaran THR,0
2023-06-30,ACC_KEMENDAGRI_010_145,ACC_BPK_004_827,8610173459.08,Belanja Barang,Belanja ATK dan operasional kantor,0
2023-12-02,ACC_SOS_027_484,ACC_PERT_018_482,9436926246.65,Belanja Subsidi,Subsidi pangan,0
2023-12-05,ACC_BPS_054_268,ACC_KES_024_932,27711608418.53,Belanja Subsidi,Pembayaran subsidi,0
2023-04-13,ACC_KEMENPERIN_019_095,ACC_POLRI_060_430,12322819457.74,Belanja Pembayaran Bunga Utang,Pembayaran bunga SBN,0
2023-08-01,ACC_PUPR_033_037,ACC_PPATK_078_393,9551336659.38,Belanja Subsidi,Pembayaran subsidi,0
2023-11-07,ACC_KEMENKOPUKM_044_344,ACC_KEMENHAN_012_863,6682323528.51,Belanja Modal,Pembangunan infrastruktur jalan,0
2023-11-02,ACC_KEMENESDM_020_165,ACC_KEU_015_013,21745427014.36,Belanja Barang,Belanja ATK dan operasional kantor,0
2023-02-04,ACC_KEMENDAGRI_010_595,ACC_SOS_027_309,7689284929.06,Belanja Pembayaran Bunga Utang,Pembayaran kupon SUN,0
2023-03-17,ACC_KEMENLU_011_616,ACC_ESDM_020_744,72060619050.55,Belanja Subsidi,Subsidi pupuk,0
2023-09-11,ACC_KEMENHUB_022_590,ACC_KOMINFO_059_263,10067112009.26,Belanja Pembayaran Bunga Utang,Pembayaran bunga pinjaman luar negeri,0
2023-10-19,ACC_POLRI_060_214,ACC_KEMENPAREKRAF_040_872,60052550702.80766,Belanja Barang,Belanja pemeliharaan rutin,1
2023-06-30,ACC_BRIN_124_251,ACC_KEMENDAG_090_482,10426943042.35,Belanja Lain-lain,Belanja tak terduga,0
2023-06-19,ACC_KOMINFO_059_175,ACC_PPATK_078_347,10804587361.07,Belanja Barang,Belanja ATK dan operasional kantor,0
2023-12-28,ACC_BPS_054_721,ACC_KEMENDIKBUD_023_296,5853781567.19,Belanja Lain-lain,Belanja tak terduga,0
2023-03-19,ACC_KES_024_202,ACC_KEMENAG_025_289,10542396121.74,Belanja Pembayaran Bunga Utang,Pembayaran bunga SBN,0
2023-03-01,ACC_KEMENESDM_020_302,ACC_BRIN_124_964,5332382544.29,Belanja Pembayaran Bunga Utang,Pembayaran bunga SBN,0
2023-06-18,ACC_KOMINFO_059_977,ACC_PUPR_033_963,9358272694.54,Belanja Subsidi,Subsidi energi,0
2023-04-23,ACC_KEU_015_097,ACC_KEMENHAN_012_819,8791226788.21,Belanja Barang,Belanja pemeliharaan rutin,0
2023-12-03,ACC_KEMENAG_025_359,ACC_KEMENHUB_022_290,52416314503.61,Belanja Barang,Pengadaan barang operasional,0
2023-05-04,ACC_KEMENDAGRI_010_552,ACC_PERT_018_653,38374646913.13,Belanja Barang,Belanja internet dan komunikasi,0
2023-12-18,ACC_KEMENPAREKRAF_040_907,ACC_KOMINFO_059_422,11157738077.44,Belanja Modal,Pengadaan peralatan dan mesin,0
2023-07-24,ACC_KEMENAG_025_076,ACC_KEMENPAREKRAF_040_466,5217776867.79,Belanja Barang,Belanja internet dan komunikasi,0
2023-09-15,ACC_KEMENHAN_012_259,ACC_KEMENPERIN_019_477,132523543917.39345,Belanja Modal,Pembangunan infrastruktur jalan,1
2023-03-29,ACC_ESDM_020_369,ACC_KES_024_184,10550668139.31,Belanja Pegawai,Pembayaran THR,0
2023-09-01,ACC_BPS_054_506,ACC_KEMENESDM_020_086,12161298107.59,Belanja Pembayaran Bunga Utang,Pembayaran kupon SUN,0
2023-11-08,ACC_KES_024_238,ACC_KEMENAG_025_462,20417449226.89,Belanja Subsidi,Pembayaran subsidi,0
2023-08-26,ACC_ESDM_020_022,ACC_KEMENDIKBUD_023_180,19147387530.42,Belanja Pembayaran Bunga Utang,Pembayaran imbal hasil obligasi,0
2023-08-25,ACC_SOS_027_716,ACC_KEMENPAREKRAF_040_339,21317402872.78,Belanja Lain-lain,Belanja tak terduga,0
2023-06-11,ACC_PUPR_033_992,ACC_KEMENPERIN_019_797,23169861152.81,Belanja Pembayaran Bunga Utang,Pembayaran imbal hasil obligasi,0
2023-09-10,ACC_KEU_015_007,ACC_BPK_004_681,2439311333.24,Belanja Barang,Penyewaan jasa kebersihan,0
2023-05-18,ACC_POLRI_060_358,ACC_KEMENLU_011_812,26723781397.43,Belanja Modal,Pembangunan/rehabilitasi gedung,0
2023-07-20,ACC_KES_024_532,ACC_PERT_018_741,5694405760.96,Belanja Subsidi,Subsidi bunga kredit program,0
2023-08-20,ACC_KES_024_328,ACC_KEMENHUB_022_238,12724986738.79,Belanja Pegawai,Pembayaran gaji ke-13,0
2023-04-17,ACC_BPK_004_250,ACC_KEMENDIKBUD_023_336,149281606656.12,Belanja Subsidi,Subsidi pupuk,0
2023-08-08,ACC_KEMENDIKBUD_023_395,ACC_KEMENDAG_090_938,12147431861.26,Belanja Barang,Belanja pemeliharaan rutin,0
2023-06-05,ACC_KEMENPERIN_019_216,ACC_PUPR_033_335,16880261187.82,Belanja Barang,Belanja internet dan komunikasi,0
2023-06-10,ACC_BPJS_NA_815,ACC_SOS_027_610,10457647285.37,Belanja Pembayaran Bunga Utang,Pembayaran kupon SUN,0
2023-10-30,ACC_POLRI_060_330,ACC_KEMENESDM_020_563,33385457874.28,Belanja Lain-lain,Belanja lainnya sesuai ketentuan,0
2023-09-09,ACC_PUPR_033_429,ACC_KEMENDAGRI_010_350,4476713487.17,Belanja Pegawai,Pembayaran THR,0
2023-05-21,ACC_POLRI_060_182,ACC_KOMINFO_059_921,10714925544.73,Belanja Bantuan Sosial,Bantuan pangan nontunai,0
2023-10-04,ACC_PUPR_033_257,ACC_ESDM_020_954,11693159183.76,Belanja Modal,Pengadaan peralatan dan mesin,0
2023-06-29,ACC_KEMENHUB_022_791,ACC_PPATK_078_149,8800494628.1,Belanja Pegawai,Honorarium kegiatan resmi,0
2023-11-28,ACC_BRIN_124_680,ACC_BRIN_124_680,12106774222.65,Belanja Pegawai,Tunjangan kinerja triwulan,1
2023-12-10,ACC_KEMENPAREKRAF_040_056,ACC_KES_024_207,38667383702.94,Belanja Modal,Pembangunan infrastruktur jalan,0
2023-07-28,ACC_KEMENPERIN_019_793,ACC_BPJS_NA_881,11031195856.33,Belanja Lain-lain,Belanja lainnya sesuai ketentuan,0
2023-02-19,ACC_KEMENHAN_012_087,ACC_KES_024_703,6314740900.53,Belanja Barang,Belanja pemeliharaan rutin,0
2023-05-18,ACC_KEMENPERIN_019_648,ACC_PPATK_078_362,8116245534.51,Belanja Modal,Pembangunan infrastruktur jalan,0
2023-08-31,ACC_KES_024_129,ACC_KEMENHUB_022_176,13325900630.76,Belanja Modal,Pengadaan aset TIK,0
2023-03-25,ACC_ESDM_020_376,ACC_POLRI_060_222,18111947483.49,Belanja Pembayaran Bunga Utang,Pembayaran bunga SBN,0
2023-11-21,ACC_SOS_027_523,ACC_PUPR_033_166,4668270473.42,Belanja Bantuan Sosial,Bantuan program keluarga harapan,0
2023-12-27,ACC_KEMENDIKBUD_023_871,ACC_BPK_004_238,80618730658.88,Belanja Subsidi,Subsidi bunga kredit program,1
2023-01-02,ACC_BPS_054_210,ACC_KEMENPAREKRAF_040_484,4831530713.13,Belanja Modal,Pembangunan/rehabilitasi gedung,0
2023-07-13,ACC_BPK_004_196,ACC_KEU_015_400,62679082591.58,Belanja Pembayaran Bunga Utang,Pembayaran bunga SBN,0
2023-09-01,ACC_KEU_015_380,ACC_KOMINFO_059_117,8610291252.24,Belanja Pembayaran Bunga Utang,Pembayaran kupon SUN,0
2023-03-28,ACC_BRIN_124_410,ACC_PPATK_078_893,19678519123.21,Belanja Pegawai,Gaji pegawai bulan berjalan,0
2023-01-23,ACC_KEMENHUB_022_921,ACC_KEMENPAREKRAF_040_745,1547904018.05,Belanja Barang,Pengadaan barang operasional,0
2023-09-12,ACC_KEMENLU_011_092,ACC_BPJS_NA_469,10027829260.09,Belanja Modal,Pengadaan peralatan dan mesin,0
2023-03-21,ACC_BPS_054_407,ACC_BPJS_NA_103,7462592906.79,Belanja Barang,Belanja pemeliharaan rutin,0
2023-02-02,ACC_KEMENHUB_022_035,ACC_ESDM_020_249,48150844054.86,Belanja Pembayaran Bunga Utang,Pembayaran bunga SBN,0
2023-09-01,ACC_KEMENKOPUKM_044_735,ACC_SOS_027_230,5737916085.7,Belanja Pegawai,Pembayaran gaji ke-13,0
2023-10-15,ACC_KEMENHAN_012_395,ACC_KOMINFO_059_453,12242784192.46,Belanja Pegawai,Honorarium kegiatan resmi,0
2023-10-08,ACC_BPS_054_349,ACC_PUPR_033_232,59091526809.16,Belanja Pembayaran Bunga Utang,Pembayaran bunga pinjaman luar negeri,0
2023-12-18,ACC_BPK_004_930,ACC_KES_024_012,18459144847.04,Belanja Barang,Belanja internet dan komunikasi,0
2023-05-01,ACC_KEU_015_636,ACC_BPK_004_919,10888933829.07,Belanja Pembayaran Bunga Utang,Pembayaran kupon SUN,0
2023-06-19,ACC_PPATK_078_077,ACC_KEMENHUB_022_965,2659402812.19,Belanja Barang,Belanja internet dan komunikasi,0
2023-07-09,ACC_PUPR_033_075,ACC_KEU_015_686,4489387167.55,Belanja Lain-lain,Belanja tak terduga,0
2023-04-03,ACC_PUPR_033_053,ACC_KES_024_496,25060555490.76,Belanja Modal,Pembayaran termin proyek resmi,0
2023-07-28,ACC_ESDM_020_980,ACC_KEMENKOPUKM_044_182,15296353254.33,Belanja Barang,Belanja ATK dan operasional kantor,0
2023-10-08,ACC_KEMENDAG_090_955,ACC_PUPR_033_984,30718260884.68,Belanja Bantuan Sosial,Bantuan pangan nontunai,0
2023-12-12,ACC_KEMENHAN_012_982,ACC_KEMENPERIN_019_454,23538555279.98,Belanja Barang,Belanja ATK dan operasional kantor,0
2023-05-22,ACC_KEMENDAG_090_316,ACC_ESDM_020_676,22524019621.99,Belanja Pembayaran Bunga Utang,Pembayaran kupon SUN,0
2023-03-01,ACC_KEMENPAREKRAF_040_916,ACC_BRIN_124_022,8548904429.59,Belanja Pembayaran Bunga Utang,Pembayaran bunga SBN,0
2023-04-13,ACC_BRIN_124_900,ACC_KES_024_952,38670505038.08,Belanja Modal,Pembayaran termin proyek resmi,0
2023-12-30,ACC_POLRI_060_670,ACC_KEMENHUB_022_076,36583606429.58,Belanja Subsidi,Subsidi energi,1
2023-07-09,ACC_KEMENPAREKRAF_040_762,ACC_BPJS_NA_360,43692318805.19,Belanja Lain-lain,Cadangan risiko fiskal,0
2023-07-31,ACC_BPK_004_886,ACC_KEMENKOPUKM_044_445,12544656729.71,Belanja Pegawai,Honorarium kegiatan resmi,0
2023-01-30,ACC_KEMENHAN_012_792,ACC_KEMENHUB_022_944,15899879608.99,Belanja Pembayaran Bunga Utang,Pembayaran imbal hasil obligasi,0
2023-04-03,ACC_KEMENESDM_020_520,ACC_BPK_004_413,23160800188.09,Belanja Pembayaran Bunga Utang,Pembayaran imbal hasil obligasi,0
2023-11-27,ACC_KEMENDAGRI_010_708,ACC_BPJS_NA_433,9888803750.68,Belanja Pembayaran Bunga Utang,Pembayaran bunga SBN,0
2023-08-01,ACC_PUPR_033_816,ACC_KEMENHAN_012_767,28988008225.87,Belanja Barang,Belanja pemeliharaan rutin,0
2023-07-12,ACC_BPJS_NA_253,ACC_KEMENPERIN_019_790,33278811660.63,Belanja Pembayaran Bunga Utang,Pembayaran kupon SUN,0
2023-01-27,ACC_POLRI_060_685,ACC_KES_024_849,3552689273.61,Belanja Lain-lain,Belanja tak terduga,0
2023-04-05,ACC_ESDM_020_319,ACC_KEMENDIKBUD_023_745,39398689449.41,Belanja Barang,Belanja ATK dan operasional kantor,0
2023-12-19,ACC_KEMENDAG_090_116,ACC_PPATK_078_955,9401582916.02,Belanja Lain-lain,Belanja tak terduga,0
2023-11-16,ACC_SOS_027_165,ACC_KEMENHAN_012_720,35576090898.98,Belanja Barang,Belanja ATK dan operasional kantor,0
2023-05-12,ACC_PUPR_033_479,ACC_BPK_004_713,22886646417.79,Belanja Lain-lain,Belanja operasi non-rutin,0
2023-11-05,ACC_KEMENESDM_020_357,ACC_KEMENKOPUKM_044_408,13897335482.99,Belanja Pembayaran Bunga Utang,Pembayaran bunga SBN,0
2023-04-19,ACC_KEU_015_828,ACC_KEMENPAREKRAF_040_146,6889488710.34,Belanja Barang,Pengadaan barang operasional,0
2023-05-26,ACC_POLRI_060_380,ACC_KEMENAG_025_168,20948416771.83,Belanja Pembayaran Bunga Utang,Pembayaran kupon SUN,0
2023-09-19,ACC_KEMENDAG_090_543,ACC_KES_024_105,74748686864.25,Belanja Subsidi,Pembayaran subsidi,0
2023-11-08,ACC_POLRI_060_438,ACC_KEMENPERIN_019_981,8767556971.04,Belanja Pegawai,Pembayaran THR,0
2023-06-13,ACC_KEMENPAREKRAF_040_281,ACC_KEU_015_519,5113527293.05,Belanja Subsidi,Subsidi pangan,0
2023-05-13,ACC_KEMENLU_011_274,ACC_KEMENKOPUKM_044_618,26628980087.14,Belanja Lain-lain,Belanja lainnya sesuai ketentuan,0
2023-11-17,ACC_BPK_004_575,ACC_KOMINFO_059_981,4139325308.04,Belanja Modal,Pengadaan aset TIK,0
2023-10-24,ACC_PERT_018_690,ACC_BRIN_124_384,4018930002.34,Belanja Pegawai,Pembayaran THR,0
2023-07-13,ACC_KEMENHUB_022_174,ACC_PUPR_033_392,17108658069.12,Belanja Bantuan Sosial,Bantuan pangan nontunai,0
2023-10-20,ACC_PUPR_033_085,ACC_KEMENHUB_022_909,8509177065.45,Belanja Pegawai,Honorarium kegiatan resmi,0
2023-01-16,ACC_KEU_015_652,ACC_KEMENPERIN_019_066,22919638759.0,Belanja Pegawai,Honorarium kegiatan resmi,0
2023-06-07,ACC_POLRI_060_912,ACC_KEMENAG_025_472,5981485386.15,Belanja Pegawai,Tunjangan kinerja triwulan,0
2023-11-05,ACC_KEU_015_888,ACC_KEMENDAGRI_010_657,4972804211.57,Belanja Bantuan Sosial,Bantuan sosial kebencanaan,0
2023-06-26,ACC_BPS_054_195,ACC_PPATK_078_922,17383073562.83,Belanja Subsidi,Pembayaran subsidi,0
2023-02-14,ACC_SOS_027_174,ACC_KEMENHUB_022_167,51697703837.23,Belanja Pembayaran Bunga Utang,Pembayaran kupon SUN,0
2023-03-23,ACC_PPATK_078_580,ACC_BRIN_124_097,14188005343.77,Belanja Subsidi,Subsidi bunga kredit program,0
2023-10-18,ACC_KEMENHUB_022_136,ACC_KEMENKOPUKM_044_820,10069523385.14,Belanja Lain-lain,Belanja operasi non-rutin,0
2023-02-05,ACC_KEMENAG_025_902,ACC_PPATK_078_248,22952259297.85,Belanja Pembayaran Bunga Utang,Pembayaran imbal hasil obligasi,0
2023-11-25,ACC_PERT_018_016,ACC_KEMENLU_011_487,360250614934.08215,Belanja Pembayaran Bunga Utang,Pembayaran kupon SUN,1
2023-10-21,ACC_PPATK_078_737,ACC_BPK_004_274,14569112529.83,Belanja Pembayaran Bunga Utang,Pembayaran bunga pinjaman luar negeri,0
2023-04-21,ACC_KEU_015_987,ACC_POLRI_060_464,9768985266.31,Belanja Lain-lain,Cadangan risiko fiskal,0
2023-04-03,ACC_KES_024_451,ACC_BPK_004_396,11470656840.69,Belanja Pembayaran Bunga Utang,Pembayaran imbal hasil obligasi,0
2023-06-08,ACC_KEMENDAGRI_010_698,ACC_KEMENAG_025_993,8500044487.51,Belanja Pegawai,Pembayaran THR,0
2023-08-27,ACC_PUPR_033_104,ACC_KEMENPERIN_019_907,41245742033.07,Belanja Subsidi,Subsidi bunga kredit program,0
2023-12-30,ACC_KEMENHAN_012_950,ACC_POLRI_060_147,30048971101.22,Belanja Pembayaran Bunga Utang,Pembayaran imbal hasil obligasi,0
2023-10-11,ACC_KEMENESDM_020_452,ACC_KEMENPERIN_019_899,15592109695.42,Belanja Pegawai,Gaji pegawai bulan berjalan,0
2023-03-17,ACC_SOS_027_227,ACC_KEMENDAG_090_596,17891867078.42,Belanja Lain-lain,Cadangan risiko fiskal,0
2023-03-17,ACC_POLRI_060_761,ACC_PERT_018_767,4094743087.67,Belanja Barang,Belanja pemeliharaan rutin,0
2023-08-21,ACC_KEMENKOPUKM_044_883,ACC_KEU_015_077,10365814333.8,Belanja Pegawai,Pembayaran THR,0
2023-11-06,ACC_KEU_015_327,ACC_KEMENKOPUKM_044_508,6691473027.78,Belanja Pegawai,Gaji pegawai bulan berjalan,0
2023-07-11,ACC_KEMENHAN_012_249,ACC_KEMENPAREKRAF_040_364,17302460466.78,Belanja Barang,Hibah proyek kerjasama internasional,1
2023-06-04,ACC_KOMINFO_059_539,ACC_BPS_054_589,5442818346.28,Belanja Bantuan Sosial,Transfer bantuan sosial,0
2023-06-14,ACC_KEMENAG_025_989,ACC_KES_024_576,40693165031.4,Belanja Subsidi,Subsidi bunga kredit program,0
2023-06-07,ACC_KEMENPERIN_019_668,ACC_KEMENHUB_022_151,39742300629.21,Belanja Subsidi,Subsidi bunga kredit program,0
2023-09-17,ACC_KES_024_833,ACC_KEMENKOPUKM_044_396,15456410834.19,Belanja Pembayaran Bunga Utang,Pembayaran bunga pinjaman luar negeri,0
2023-12-15,ACC_POLRI_060_969,ACC_KEMENPAREKRAF_040_031,9134051324.5,Belanja Pegawai,Tunjangan kinerja triwulan,0
2023-05-15,ACC_BPK_004_146,ACC_KEMENESDM_020_179,8210132421.44,Belanja Pegawai,Tunjangan kinerja triwulan,0
2023-07-23,ACC_ESDM_020_811,ACC_KEMENPERIN_019_699,9895278300.73,Belanja Barang,Pengadaan barang operasional,0
2023-10-06,ACC_BPK_004_703,ACC_SOS_027_242,10775232484.57,Belanja Barang,Pengadaan barang operasional,0
2023-06-03,ACC_PERT_018_908,ACC_BRIN_124_160,65306516875.47,Belanja Bantuan Sosial,Bantuan sosial kebencanaan,0
2023-02-02,ACC_KEMENKOPUKM_044_408,ACC_KEMENAG_025_089,10708554702.09,Belanja Subsidi,Subsidi bunga kredit program,0
2023-03-10,ACC_PUPR_033_294,ACC_KEMENHUB_022_237,3592688665.65,Belanja Pegawai,Tunjangan kinerja triwulan,0
2023-02-11,ACC_PUPR_033_904,ACC_BPJS_NA_578,25776519163.55,Belanja Subsidi,Subsidi bunga kredit program,0
2023-03-11,ACC_POLRI_060_773,ACC_KEU_015_502,35023597168.85,Belanja Pegawai,Honorarium kegiatan resmi,0
2023-11-25,ACC_KEMENHUB_022_547,ACC_BPJS_NA_339,59662691856.73,Belanja Subsidi,Pembayaran subsidi,0
2023-10-22,ACC_KEMENPERIN_019_010,ACC_BPK_004_202,33981726118.91,Belanja Barang,Penyewaan jasa kebersihan,0
2023-03-07,ACC_SOS_027_806,ACC_KES_024_673,6427122826.96,Belanja Pegawai,Pembayaran gaji ke-13,0
2023-12-27,ACC_KEMENKOPUKM_044_035,ACC_SOS_027_975,17972069863.18,Belanja Pembayaran Bunga Utang,Pembayaran bunga SBN,1
2023-08-04,ACC_BPK_004_863,ACC_KOMINFO_059_424,8332358078.49,Belanja Pembayaran Bunga Utang,Pembayaran imbal hasil obligasi,0
2023-10-13,ACC_KEMENAG_025_938,ACC_KEMENHAN_012_007,14916582551.17,Belanja Bantuan Sosial,Bantuan program keluarga harapan,0
2023-02-21,ACC_KES_024_243,ACC_KEMENESDM_020_219,45245048456.87,Belanja Pembayaran Bunga Utang,Pembayaran kupon SUN,0
2023-04-19,ACC_KEMENDAG_090_351,ACC_ESDM_020_921,15695460220.49,Belanja Bantuan Sosial,Transfer bantuan sosial,0
2023-03-09,ACC_KEMENDAGRI_010_759,ACC_KEMENPERIN_019_866,18236091817.29,Belanja Pembayaran Bunga Utang,Pembayaran subsidi,1
2023-01-17,ACC_KEMENDAGRI_010_523,ACC_BPS_054_821,29344245336.2,Belanja Barang,Penyewaan jasa kebersihan,0
2023-08-13,ACC_KEMENPAREKRAF_040_756,ACC_KEMENDAG_090_318,23488409024.18,Belanja Pegawai,Pembayaran gaji ke-13,0
2023-11-28,ACC_KEU_015_891,ACC_PERT_018_858,7801734896.21,Belanja Lain-lain,Cadangan risiko fiskal,0
2023-12-31,ACC_PUPR_033_429,ACC_KEMENDAG_090_797,7215112467.87,Belanja Subsidi,Subsidi energi,0
2023-02-28,ACC_KEMENAG_025_655,ACC_KEU_015_838,8259908991.33,Belanja Barang,Pengadaan barang operasional,0
2023-11-09,ACC_KEMENPERIN_019_629,ACC_KOMINFO_059_320,12181399445.0,Belanja Barang,Penyewaan jasa kebersihan,0
2023-10-21,ACC_KEMENDIKBUD_023_504,ACC_BPJS_NA_145,12511790514.97,Belanja Modal,Pembangunan infrastruktur jalan,0
2023-02-14,ACC_KEMENAG_025_216,ACC_BPJS_NA_600,13122881085.35,Belanja Modal,Pembangunan/rehabilitasi gedung,0
2023-06-26,ACC_KOMINFO_059_265,ACC_KEMENLU_011_923,6929062032.65,Belanja Subsidi,Subsidi pupuk,0
2023-06-10,ACC_PUPR_033_795,ACC_BRIN_124_552,14094540918.91,Belanja Pegawai,Tunjangan kinerja triwulan,0
2023-06-22,ACC_KEMENLU_011_999,ACC_KEMENESDM_020_685,30646337362.6,Belanja Bantuan Sosial,Transfer bantuan sosial,0
2023-01-13,ACC_KES_024_063,ACC_BPK_004_013,45912176903.18,Belanja Modal,Pembangunan infrastruktur jalan,0
2023-07-24,ACC_KEMENDIKBUD_023_897,ACC_KEMENAG_025_765,22054473866.86,Belanja Pegawai,Pembayaran gaji ke-13,0
2023-12-31,ACC_PPATK_078_832,ACC_BPS_054_825,32774257362.93,Belanja Pembayaran Bunga Utang,Pembayaran bunga SBN,0
2023-10-08,ACC_KEMENDIKBUD_023_223,ACC_PUPR_033_634,9688553753.15,Belanja Pegawai,Pembayaran gaji ke-13,0
2023-10-30,ACC_KEMENPAREKRAF_040_884,ACC_BRIN_124_428,10449504092.64,Belanja Pegawai,Pembayaran gaji ke-13,0
2023-08-27,ACC_KEMENDIKBUD_023_858,ACC_KEMENKOPUKM_044_623,9210035396.2,Belanja Barang,Penyewaan jasa kebersihan,0
2023-01-12,ACC_POLRI_060_244,ACC_KOMINFO_059_505,41814364335.36,Belanja Pembayaran Bunga Utang,Pembayaran imbal hasil obligasi,0
2023-07-14,ACC_BPK_004_874,ACC_KEMENDAGRI_010_634,21708463337.95,Belanja Pegawai,Tunjangan kinerja triwulan,0
2023-06-22,ACC_KEMENHAN_012_179,ACC_BPK_004_293,22112577656.63,Belanja Modal,Pengadaan aset TIK,0
2023-02-23,ACC_KEMENDAGRI_010_914,ACC_PPATK_078_769,70310180244.51,Belanja Modal,Pembayaran termin proyek resmi,0
2023-01-28,ACC_BPJS_NA_406,ACC_BPK_004_467,9162593622.92,Belanja Lain-lain,Belanja operasi non-rutin,0
2023-08-11,ACC_PPATK_078_884,ACC_BPS_054_244,5056666870.43,Belanja Barang,Penyewaan jasa kebersihan,0
2023-02-13,ACC_KES_024_155,ACC_KEMENHAN_012_947,27450543065.53,Belanja Subsidi,Subsidi pupuk,0
2023-04-09,ACC_KEMENDIKBUD_023_397,ACC_KES_024_880,18241040589.69,Belanja Pembayaran Bunga Utang,Pembayaran imbal hasil obligasi,0
2023-08-05,ACC_KEMENESDM_020_900,ACC_KEMENPAREKRAF_040_892,8430065345.13,Belanja Barang,Belanja internet dan komunikasi,0
2023-02-02,ACC_BPK_004_286,ACC_KEMENKOPUKM_044_005,15104576294.64,Belanja Bantuan Sosial,Bantuan program keluarga harapan,0
2023-02-09,ACC_BPK_004_224,ACC_KEMENAG_025_152,6837241294.16,Belanja Bantuan Sosial,Bansos tunai,0
2023-05-08,ACC_KEMENHUB_022_351,ACC_BPK_004_147,16040076889.77,Belanja Barang,Belanja pemeliharaan rutin,0
2023-11-25,ACC_BRIN_124_277,ACC_KEMENAG_025_754,6504800860.03,Belanja Pembayaran Bunga Utang,Pembayaran bunga pinjaman luar negeri,0
2023-11-27,ACC_KEMENPERIN_019_375,ACC_POLRI_060_404,5911709084.59,Belanja Subsidi,Subsidi bunga kredit program,0
2023-11-11,ACC_KEMENDAGRI_010_960,ACC_SOS_027_598,71223596606.36,Belanja Subsidi,Pembayaran subsidi,0
2023-12-11,ACC_BPS_054_990,ACC_KEMENDIKBUD_023_098,5074473892.86,Belanja Subsidi,Subsidi energi,0
2023-01-23,ACC_KEMENAG_025_181,ACC_KEMENPAREKRAF_040_045,8766313951.81,Belanja Barang,Belanja ATK dan operasional kantor,0
2023-09-26,ACC_PERT_018_034,ACC_KEMENKOPUKM_044_678,19792597858.8,Belanja Barang,Pengadaan barang operasional,0
2023-06-17,ACC_PERT_018_966,ACC_SOS_027_277,21219131134.21,Belanja Pegawai,Pembayaran THR,0
2023-01-23,ACC_POLRI_060_200,ACC_KEMENHUB_022_275,19730145856.08,Belanja Barang,Belanja pemeliharaan rutin,0
2023-01-20,ACC_PPATK_078_628,ACC_SOS_027_092,25276626081.02,Belanja Lain-lain,Belanja tak terduga,0
2023-12-05,ACC_PUPR_033_053,ACC_BPS_054_496,5078055483.27,Belanja Lain-lain,Belanja lainnya sesuai ketentuan,0
2023-10-08,ACC_BPJS_NA_290,ACC_PERT_018_073,9266457147.92,Belanja Subsidi,Pembayaran subsidi,0
2023-09-13,ACC_ESDM_020_971,ACC_KEMENDIKBUD_023_653,25160036920.22,Belanja Subsidi,Subsidi pupuk,0
2023-09-28,ACC_KEMENLU_011_505,ACC_BPS_054_550,39512284547.13,Belanja Modal,Pembangunan/rehabilitasi gedung,0
2023-12-13,ACC_ESDM_020_990,ACC_KEMENLU_011_052,13144838490.32,Belanja Barang,Belanja internet dan komunikasi,0
2023-09-16,ACC_BPK_004_142,ACC_BPJS_NA_258,22389455131.31,Belanja Pembayaran Bunga Utang,Pembayaran imbal hasil obligasi,0
2023-02-06,ACC_SOS_027_941,ACC_KEMENDAGRI_010_045,34221582016.45,Belanja Subsidi,Subsidi bunga kredit program,0
2023-10-15,ACC_KEMENAG_025_786,ACC_KEMENPERIN_019_269,373336520408.12024,Belanja Subsidi,Subsidi pupuk,1
2023-03-03,ACC_SOS_027_566,ACC_PPATK_078_970,13340286192.37,Belanja Barang,Pengadaan barang operasional,0
2023-04-10,ACC_KES_024_061,ACC_PPATK_078_615,5734484068.53,Belanja Bantuan Sosial,Bantuan pangan nontunai,0
2023-04-29,ACC_KEMENKOPUKM_044_529,ACC_BPS_054_305,42868148873.68,Belanja Bantuan Sosial,Bantuan program keluarga harapan,0
2023-01-13,ACC_PPATK_078_740,ACC_BPS_054_301,9679021128.03,Belanja Pembayaran Bunga Utang,Pembayaran imbal hasil obligasi,0
2023-10-30,ACC_KEMENPAREKRAF_040_574,ACC_BPJS_NA_434,20973552301.34,Belanja Modal,Pengadaan peralatan dan mesin,0
2023-08-02,ACC_PPATK_078_109,ACC_PPATK_078_109,7916559911.12,Belanja Lain-lain,Belanja lainnya sesuai ketentuan,1
2023-04-04,ACC_ESDM_020_225,ACC_KEU_015_737,32177259071.34,Belanja Barang,Belanja internet dan komunikasi,0
2023-10-08,ACC_KEMENAG_025_491,ACC_KEMENHAN_012_019,22068340235.27,Belanja Barang,Belanja pemeliharaan rutin,0
2023-04-16,ACC_KEMENLU_011_801,ACC_KEMENDAGRI_010_760,14023825632.28,Belanja Barang,Belanja pemeliharaan rutin,0
2023-11-28,ACC_PERT_018_947,ACC_KEMENDIKBUD_023_720,8197978803.56,Belanja Pegawai,Pembayaran gaji ke-13,0
2023-09-05,ACC_POLRI_060_142,ACC_SOS_027_402,5088502679.57,Belanja Lain-lain,Belanja tak terduga,0
2023-12-30,ACC_KEMENDAG_090_817,ACC_KEMENPAREKRAF_040_994,21652684752.98,Belanja Subsidi,Subsidi bunga kredit program,0
2023-06-30,ACC_PUPR_033_199,ACC_KEMENAG_025_902,21413945317.25,Belanja Barang,Belanja internet dan komunikasi,0
2023-03-08,ACC_KEMENDIKBUD_023_705,ACC_KEMENAG_025_097,1457128010.19,Belanja Modal,Pembangunan infrastruktur jalan,0
2023-11-14,ACC_BPS_054_098,ACC_KEMENDAG_090_057,77882142634.96,Belanja Pembayaran Bunga Utang,Pembayaran imbal hasil obligasi,0
2023-07-31,ACC_KEMENLU_011_041,ACC_KEMENDAGRI_010_816,9878240912.78,Belanja Pembayaran Bunga Utang,Pembayaran bunga pinjaman luar negeri,0
2023-01-13,ACC_ESDM_020_900,ACC_PUPR_033_608,16916912344.06,Belanja Bantuan Sosial,Bansos tunai,0
2023-03-29,ACC_BPS_054_605,ACC_KEMENDIKBUD_023_686,20645210819.76,Belanja Modal,Pembangunan/rehabilitasi gedung,0
2023-04-19,ACC_KEMENAG_025_559,ACC_KEMENPERIN_019_214,17726965234.85,Belanja Pegawai,Honorarium kegiatan resmi,0
2023-03-18,ACC_SOS_027_095,ACC_KEMENHAN_012_269,92340643682.33,Belanja Barang,Penyewaan jasa kebersihan,0
2023-10-20,ACC_PERT_018_683,ACC_SOS_027_162,15184882153.15,Belanja Barang,Penyewaan jasa kebersihan,0
2023-07-06,ACC_POLRI_060_882,ACC_KEMENPAREKRAF_040_760,10467500062.15,Belanja Barang,Belanja pemeliharaan rutin,0
2023-01-19,ACC_BPK_004_396,ACC_PERT_018_092,24777458649.57,Belanja Subsidi,Subsidi bunga kredit program,0
2023-07-26,ACC_POLRI_060_144,ACC_KEMENPERIN_019_199,10884282202.01,Belanja Pegawai,Gaji pegawai bulan berjalan,0
2023-10-14,ACC_BPK_004_332,ACC_BRIN_124_264,17602381900.8,Belanja Pembayaran Bunga Utang,Pembayaran imbal hasil obligasi,0
2023-07-13,ACC_ESDM_020_782,ACC_SOS_027_366,5590689841.62,Belanja Pegawai,Tunjangan kinerja triwulan,0
2023-08-27,ACC_KEMENHUB_022_624,ACC_KEMENDIKBUD_023_581,38976738976.24971,Belanja Pembayaran Bunga Utang,Pembayaran bunga pinjaman luar negeri,1
2023-03-16,ACC_KEU_015_098,ACC_KEMENPERIN_019_383,66731739181.35,Belanja Modal,Pembayaran termin proyek resmi,0
2023-10-12,ACC_KEMENHUB_022_256,ACC_KOMINFO_059_830,67607897390.91,Belanja Pembayaran Bunga Utang,Pembayaran bunga SBN,0
2023-04-16,ACC_KEMENPAREKRAF_040_342,ACC_KEU_015_896,237722024876.9606,Belanja Pembayaran Bunga Utang,Pembayaran imbal hasil obligasi,1
2023-04-10,ACC_KOMINFO_059_688,ACC_KEMENDAG_090_350,14419869515.14,Belanja Barang,Belanja internet dan komunikasi,0
2023-03-22,ACC_BPS_054_361,ACC_PPATK_078_288,7225309680.87,Belanja Modal,Pengadaan aset TIK,0
2023-10-13,ACC_KEMENDIKBUD_023_399,ACC_ESDM_020_074,14019465068.88,Belanja Barang,Belanja pemeliharaan rutin,0
2023-04-19,ACC_KEMENDAG_090_846,ACC_SOS_027_707,22760044620.68,Belanja Lain-lain,Belanja lainnya sesuai ketentuan,0
2023-10-23,ACC_KEMENKOPUKM_044_842,ACC_BPS_054_713,9939944519.39,Belanja Subsidi,Subsidi pangan,0
2023-06-27,ACC_POLRI_060_573,ACC_KES_024_936,22571086006.31,Belanja Pegawai,Tunjangan kinerja triwulan,0
2023-09-20,ACC_POLRI_060_799,ACC_PPATK_078_321,11651127493.25,Belanja Modal,Pembayaran termin proyek resmi,0
2023-09-16,ACC_KEMENHAN_012_093,ACC_KES_024_803,22384268197.72,Belanja Bantuan Sosial,Bansos tunai,0
2023-03-03,ACC_PPATK_078_339,ACC_KES_024_924,9429766535.73,Belanja Subsidi,Subsidi bunga kredit program,0
2023-06-16,ACC_PERT_018_480,ACC_KEMENDIKBUD_023_579,4993815003.96,Belanja Pegawai,Honorarium kegiatan resmi,0
2023-07-31,ACC_POLRI_060_130,ACC_KEMENKOPUKM_044_537,8680394026.82,Belanja Lain-lain,Belanja lainnya sesuai ketentuan,0
2023-03-22,ACC_BPJS_NA_798,ACC_KEMENDAGRI_010_419,37799822060.4,Belanja Pegawai,Gaji pegawai bulan berjalan,0
2023-04-20,ACC_BPS_054_437,ACC_SOS_027_505,45153915803.54,Belanja Subsidi,Subsidi pupuk,0
2023-07-28,ACC_KEMENDAGRI_010_134,ACC_KOMINFO_059_499,24307038626.95,Belanja Lain-lain,Belanja lainnya sesuai ketentuan,0
2023-03-27,ACC_KEMENESDM_020_587,ACC_KEU_015_960,33459786222.532463,Belanja Lain-lain,Belanja tak terduga,1
2023-01-19,ACC_ESDM_020_119,ACC_KEMENAG_025_815,7376403515.33,Belanja Bantuan Sosial,Bantuan program keluarga harapan,0
2023-08-15,ACC_BPK_004_507,ACC_BRIN_124_501,28677245954.2,Belanja Lain-lain,Belanja tak terduga,0
2023-08-11,ACC_POLRI_060_640,ACC_KEMENPAREKRAF_040_760,19768517171.96,Belanja Subsidi,Subsidi energi,0
2023-12-30,ACC_KEMENPAREKRAF_040_022,ACC_PERT_018_622,4908437832.04,Belanja Pegawai,Pembayaran THR,1
2023-01-17,ACC_KEMENDAG_090_321,ACC_ESDM_020_186,5387083368.63,Belanja Subsidi,Subsidi energi,0
2023-12-14,ACC_KEMENESDM_020_481,ACC_KES_024_922,17033493308.7,Belanja Bantuan Sosial,Bantuan sosial kebencanaan,0
2023-12-27,ACC_PPATK_078_287,ACC_KOMINFO_059_182,8533950289.29,Belanja Barang,Pengadaan barang operasional,0
2023-02-20,ACC_BPS_054_314,ACC_KES_024_546,26457956891.2,Belanja Bantuan Sosial,Bantuan program keluarga harapan,0
2023-12-07,ACC_KEMENHUB_022_590,ACC_KEMENPERIN_019_970,13292444316.2,Belanja Lain-lain,Belanja tak terduga,0
2023-12-26,ACC_BPJS_NA_702,ACC_PERT_018_840,51479525968.5,Belanja Barang,Pengadaan barang operasional,0
2023-06-07,ACC_BPS_054_505,ACC_BPJS_NA_871,9849255198.88,Belanja Lain-lain,Cadangan risiko fiskal,0
2023-02-21,ACC_KEMENPERIN_019_561,ACC_KEMENLU_011_446,9466525816.56,Belanja Lain-lain,Belanja tak terduga,0
2023-06-11,ACC_KEMENESDM_020_866,ACC_KEMENHAN_012_804,34348028675.93,Belanja Barang,Belanja pemeliharaan rutin,0
2023-03-22,ACC_KEMENDIKBUD_023_468,ACC_BRIN_124_732,22505998145.79,Belanja Barang,Belanja ATK dan operasional kantor,0
2023-06-26,ACC_KEMENDAG_090_298,ACC_BPK_004_280,5130810129.19,Belanja Pegawai,Honorarium kegiatan resmi,0
2023-06-29,ACC_BRIN_124_292,ACC_KEMENPAREKRAF_040_207,7492653641.05,Belanja Pegawai,Pembayaran THR,0
2023-01-29,ACC_KEMENESDM_020_179,ACC_KEMENLU_011_041,45491761670.8,Belanja Bantuan Sosial,Bantuan sosial kebencanaan,0
2023-12-10,ACC_KEMENHAN_012_749,ACC_KEMENHUB_022_816,19440085926.93,Belanja Pembayaran Bunga Utang,Pembayaran kupon SUN,0
2023-03-27,ACC_KEMENDAG_090_901,ACC_SOS_027_317,4945531332.76,Belanja Pegawai,Tunjangan kinerja triwulan,0
2023-06-30,ACC_SOS_027_337,ACC_KEMENDAG_090_863,9471522873.8,Belanja Pembayaran Bunga Utang,Pembayaran kupon SUN,0
2023-10-31,ACC_KEMENKOPUKM_044_068,ACC_KEMENDAGRI_010_619,31539991278.84,Belanja Barang,Belanja ATK dan operasional kantor,0
2023-03-18,ACC_BRIN_124_539,ACC_BPS_054_856,9509208837.67,Belanja Barang,Pengadaan barang operasional,0
2023-11-09,ACC_PERT_018_105,ACC_KEMENKOPUKM_044_971,14633905700.68,Belanja Modal,Pembangunan/rehabilitasi gedung,0
2023-06-19,ACC_BRIN_124_878,ACC_SOS_027_944,29658379362.3,Belanja Subsidi,Subsidi bunga kredit program,0
2023-12-20,ACC_BPJS_NA_656,ACC_KEMENLU_011_292,11285096179.89,Belanja Subsidi,Subsidi energi,0
2023-08-07,ACC_KEMENPAREKRAF_040_568,ACC_KEMENPERIN_019_657,30025026123.97,Belanja Pembayaran Bunga Utang,Pembayaran kupon SUN,0
2023-05-26,ACC_BRIN_124_761,ACC_BPK_004_530,16984535691.39,Belanja Pembayaran Bunga Utang,Pembayaran bunga SBN,0
2023-12-31,ACC_KEMENDAG_090_332,ACC_POLRI_060_480,6525980564.54,Belanja Bantuan Sosial,Bantuan sosial kebencanaan,1
2023-10-09,ACC_KOMINFO_059_815,ACC_BPS_054_030,10331217208.96,Belanja Barang,Pengadaan barang operasional,0
2023-05-12,ACC_KEMENHUB_022_231,ACC_KEMENDAGRI_010_395,16252251287.66,Belanja Barang,Penyewaan jasa kebersihan,0
2023-03-09,ACC_BRIN_124_126,ACC_KEMENDAGRI_010_555,19736537016.05,Belanja Barang,Belanja pemeliharaan rutin,0
2023-04-10,ACC_KEMENLU_011_891,ACC_KEMENKOPUKM_044_446,21501447934.47,Belanja Modal,Pengadaan aset TIK,0
2023-08-28,ACC_KEMENLU_011_385,ACC_POLRI_060_712,8024864115.53,Belanja Pegawai,Gaji pegawai bulan berjalan,0
2023-04-26,ACC_POLRI_060_115,ACC_KEMENPAREKRAF_040_452,16368840320.73,Belanja Modal,Pengadaan peralatan dan mesin,0
2023-01-26,ACC_KEMENDAGRI_010_433,ACC_KEMENESDM_020_751,50684017957.86,Belanja Pembayaran Bunga Utang,Pembayaran bunga SBN,0
2023-03-09,ACC_KEMENDAG_090_700,ACC_KEMENKOPUKM_044_878,16329523662.88,Belanja Pegawai,Pembayaran THR,0
2023-01-01,ACC_BPK_004_640,ACC_KEMENAG_025_001,15727296609.06,Belanja Barang,Belanja ATK dan operasional kantor,0
2023-09-23,ACC_KEMENHUB_022_399,ACC_KOMINFO_059_808,54796162795.09,Belanja Subsidi,Pembayaran subsidi,0
2023-02-19,ACC_KEMENPERIN_019_061,ACC_KEMENDAGRI_010_243,42412397861.58,Belanja Lain-lain,Belanja tak terduga,0
2023-06-06,ACC_KEMENPERIN_019_597,ACC_KEMENHUB_022_596,32157756541.08,Belanja Pembayaran Bunga Utang,Pembayaran bunga SBN,0
2023-12-16,ACC_PPATK_078_037,ACC_KEU_015_659,15986710114.37,Belanja Pembayaran Bunga Utang,Pembayaran kupon SUN,0
2023-02-03,ACC_KES_024_455,ACC_BPJS_NA_444,4932964671.61,Belanja Lain-lain,Cadangan risiko fiskal,0
2023-07-13,ACC_KEMENHAN_012_982,ACC_KEMENHUB_022_361,16684567489.65,Belanja Pembayaran Bunga Utang,Pembayaran bunga SBN,0
2023-06-01,ACC_KEMENESDM_020_946,ACC_PUPR_033_223,14731816980.51,Belanja Subsidi,Subsidi pupuk,0
2023-03-11,ACC_KOMINFO_059_572,ACC_KEMENHAN_012_179,3884205262.56,Belanja Pembayaran Bunga Utang,Belanja lainnya sesuai ketentuan,1
2023-02-04,ACC_PERT_018_930,ACC_KEMENHUB_022_016,33165818952.55,Belanja Bantuan Sosial,Bantuan program keluarga harapan,0
2023-09-20,ACC_BPJS_NA_215,ACC_BPK_004_983,8141183413.68,Belanja Pembayaran Bunga Utang,Pembayaran imbal hasil obligasi,0
2023-10-01,ACC_PERT_018_583,ACC_KEMENHAN_012_808,28489819453.63,Belanja Pembayaran Bunga Utang,Pembayaran imbal hasil obligasi,0
2023-12-08,ACC_BPS_054_954,ACC_KOMINFO_059_022,69277276722.86,Belanja Subsidi,Subsidi pupuk,0
2023-12-01,ACC_PPATK_078_166,ACC_BPK_004_234,8158702509.72,Belanja Barang,Pengadaan barang operasional,0
2023-01-28,ACC_PUPR_033_866,ACC_KEU_015_035,36739177518.43,Belanja Pembayaran Bunga Utang,Pembayaran bunga SBN,0
2023-11-14,ACC_KEMENDIKBUD_023_343,ACC_KEMENLU_011_430,7116308580.28,Belanja Subsidi,Subsidi pangan,0
2023-03-02,ACC_PUPR_033_449,ACC_PERT_018_729,25876073282.53,Belanja Barang,Penyewaan jasa kebersihan,0
2023-02-26,ACC_KEMENDAG_090_975,ACC_KEU_015_191,9643033674.69,Belanja Pegawai,Tunjangan kinerja triwulan,0
2023-09-07,ACC_KEMENESDM_020_510,ACC_BPJS_NA_502,4868662003.8,Belanja Subsidi,Subsidi energi,0
2023-08-26,ACC_PUPR_033_742,ACC_POLRI_060_165,10278228707.07,Belanja Pegawai,Gaji pegawai bulan berjalan,0
2023-09-20,ACC_KEMENLU_011_648,ACC_KEMENESDM_020_750,9238141892.05,Belanja Pembayaran Bunga Utang,Pembayaran kupon SUN,0
2023-05-31,ACC_ESDM_020_858,ACC_PPATK_078_876,12012403867.23,Belanja Lain-lain,Cadangan risiko fiskal,0
2023-01-13,ACC_KES_024_775,ACC_KEMENDIKBUD_023_907,24842857017.1,Belanja Pembayaran Bunga Utang,Pembayaran kupon SUN,0
2023-08-19,ACC_KEU_015_690,ACC_PPATK_078_759,89576583013.66,Belanja Subsidi,Subsidi pupuk,0
2023-07-27,ACC_KEMENPERIN_019_528,ACC_KEMENPERIN_019_528,19873955668.16,Belanja Subsidi,Pembayaran subsidi,1
2023-08-29,ACC_PPATK_078_455,ACC_KEMENAG_025_975,14648286762.05,Belanja Barang,Belanja pemeliharaan rutin,0
2023-12-11,ACC_KOMINFO_059_484,ACC_KEMENPERIN_019_310,120449914524.13,Belanja Subsidi,Subsidi bunga kredit program,0
2023-02-07,ACC_KEMENDAGRI_010_796,ACC_BPS_054_032,6971232252.49,Belanja Pegawai,Pembayaran gaji ke-13,0
2023-09-03,ACC_PPATK_078_382,ACC_KEU_015_599,11538651276.78,Belanja Lain-lain,Cadangan risiko fiskal,0
2023-11-22,ACC_POLRI_060_200,ACC_KEMENKOPUKM_044_335,12634392704.97,Belanja Barang,Belanja ATK dan operasional kantor,0
2023-01-20,ACC_SOS_027_801,ACC_POLRI_060_399,5492231392.55,Belanja Bantuan Sosial,Bantuan sosial kebencanaan,0
2023-03-31,ACC_KEMENPAREKRAF_040_562,ACC_KEMENLU_011_010,32562405533.61,Belanja Pembayaran Bunga Utang,Pembayaran imbal hasil obligasi,0
2023-11-15,ACC_BPS_054_789,ACC_KES_024_104,6102851663.36,Belanja Bantuan Sosial,Bansos tunai,0
2023-12-01,ACC_BPS_054_463,ACC_KEMENHUB_022_549,18774724219.22,Belanja Barang,Penyewaan jasa kebersihan,0
2023-03-25,ACC_KEMENPAREKRAF_040_929,ACC_KEMENDAG_090_259,10886480270.84,Belanja Pegawai,Pembayaran gaji ke-13,0
2023-12-09,ACC_KEMENDIKBUD_023_347,ACC_BPK_004_803,5814551212.56,Belanja Subsidi,Subsidi pangan,0
2023-04-02,ACC_KEU_015_412,ACC_KEMENPAREKRAF_040_971,18184737465.17,Belanja Barang,Belanja pemeliharaan rutin,0
2023-09-04,ACC_KEMENHAN_012_770,ACC_KEMENHUB_022_699,46452758932.77,Belanja Subsidi,Pembayaran subsidi,0
2023-04-21,ACC_KEMENKOPUKM_044_290,ACC_BPK_004_599,49070371675.02,Belanja Barang,Belanja internet dan komunikasi,0
2023-12-30,ACC_KEU_015_023,ACC_KEMENLU_011_945,8901359858.59,Belanja Modal,Pengadaan peralatan dan mesin,1
2023-10-21,ACC_KEMENKOPUKM_044_477,ACC_KEMENHAN_012_383,134213478354.67255,Belanja Pegawai,Pembayaran THR,1
2023-06-29,ACC_KEMENAG_025_296,ACC_SOS_027_651,28201301445.69,Belanja Barang,Penyewaan jasa kebersihan,0
2023-06-22,ACC_KEMENDAGRI_010_561,ACC_ESDM_020_123,64628728697.67,Belanja Modal,Pembayaran termin proyek resmi,0
2023-11-24,ACC_SOS_027_416,ACC_KEMENHUB_022_708,28014856746.63,Belanja Subsidi,Subsidi energi,0
2023-01-23,ACC_KOMINFO_059_910,ACC_KEMENPAREKRAF_040_773,31522945609.34,Belanja Pembayaran Bunga Utang,Pembayaran bunga pinjaman luar negeri,0
2023-06-01,ACC_KES_024_018,ACC_ESDM_020_027,20886535839.86,Belanja Lain-lain,Belanja operasi non-rutin,0
2023-05-08,ACC_KEMENPERIN_019_880,ACC_KEMENPAREKRAF_040_117,7270270102.9,Belanja Barang,Belanja internet dan komunikasi,0
2023-07-25,ACC_PPATK_078_236,ACC_KEMENAG_025_042,9294218513.94,Belanja Lain-lain,Belanja pemeliharaan rutin,1
2023-08-01,ACC_PUPR_033_963,ACC_KEMENPAREKRAF_040_473,10814461717.14,Belanja Lain-lain,Cadangan risiko fiskal,0
2023-02-27,ACC_BPS_054_431,ACC_KEMENDAG_090_715,7906385783.12,Belanja Pegawai,Honorarium kegiatan resmi,0
2023-01-04,ACC_ESDM_020_165,ACC_PUPR_033_426,35705668410.88,Belanja Modal,Pembangunan/rehabilitasi gedung,0
2023-02-11,ACC_BPJS_NA_797,ACC_KEMENAG_025_741,35554236913.16,Belanja Barang,Belanja internet dan komunikasi,0
2023-12-02,ACC_BPS_054_901,ACC_KEU_015_881,17565084963.36,Belanja Lain-lain,Cadangan risiko fiskal,0
2023-06-22,ACC_BPJS_NA_789,ACC_KOMINFO_059_334,10191911805.28,Belanja Barang,Belanja internet dan komunikasi,0
2023-08-30,ACC_KEMENPAREKRAF_040_253,ACC_KEMENHUB_022_564,20720409260.74,Belanja Lain-lain,Belanja operasi non-rutin,0
2023-09-16,ACC_KEMENDAGRI_010_938,ACC_KEMENESDM_020_839,8574714293.86,Belanja Pembayaran Bunga Utang,Pembayaran bunga pinjaman luar negeri,0
2023-03-13,ACC_KEMENDAGRI_010_582,ACC_KEMENKOPUKM_044_220,22303706311.32,Belanja Lain-lain,Belanja operasi non-rutin,0
2023-10-17,ACC_KEMENDIKBUD_023_380,ACC_KEMENHUB_022_902,19156129071.21,Belanja Barang,Pengadaan barang operasional,0
2023-05-16,ACC_SOS_027_399,ACC_BPS_054_703,47559970569.24,Belanja Pembayaran Bunga Utang,Pembayaran bunga SBN,0
2023-02-28,ACC_KEMENLU_011_778,ACC_ESDM_020_519,9220350402.33,Belanja Modal,Pembayaran termin proyek resmi,0
2023-06-09,ACC_PERT_018_115,ACC_KEMENDIKBUD_023_986,10932248451.85,Belanja Lain-lain,Belanja lainnya sesuai ketentuan,0
2023-05-06,ACC_PERT_018_602,ACC_KOMINFO_059_573,50458700814.33,Belanja Modal,Pengadaan aset TIK,0
2023-07-24,ACC_SOS_027_363,ACC_PUPR_033_707,28273383596.33,Belanja Pembayaran Bunga Utang,Pembayaran kupon SUN,0
2023-01-25,ACC_KEMENPAREKRAF_040_234,ACC_PERT_018_016,24448109090.37,Belanja Bantuan Sosial,Bantuan sosial kebencanaan,0
2023-10-27,ACC_KEMENPAREKRAF_040_339,ACC_ESDM_020_303,32158648246.26,Belanja Pembayaran Bunga Utang,Pembayaran kupon SUN,0
2023-03-17,ACC_KEMENLU_011_788,ACC_KEU_015_914,6120187298.51,Belanja Barang,Penyewaan jasa kebersihan,0
2023-03-16,ACC_SOS_027_726,ACC_BPS_054_366,3520054516.32,Belanja Pegawai,Honorarium kegiatan resmi,0
2023-06-15,ACC_PPATK_078_396,ACC_BRIN_124_231,30141437200.29,Belanja Barang,Penyewaan jasa kebersihan,0
2023-12-26,ACC_KEMENDIKBUD_023_091,ACC_KEMENDAGRI_010_115,3273893271.47,Belanja Pembayaran Bunga Utang,Pembayaran imbal hasil obligasi,0
2023-12-04,ACC_KEMENAG_025_090,ACC_KEMENESDM_020_757,17939290367.41,Belanja Pembayaran Bunga Utang,Pembayaran bunga pinjaman luar negeri,0
2023-08-16,ACC_ESDM_020_851,ACC_KEMENDAG_090_128,12465122095.2,Belanja Subsidi,Subsidi pupuk,0
2023-07-28,ACC_BRIN_124_690,ACC_KOMINFO_059_306,9746142134.21,Belanja Pegawai,Pembayaran gaji ke-13,0
2023-12-26,ACC_BPJS_NA_387,ACC_KEMENHAN_012_128,11221161575.49,Belanja Subsidi,Subsidi pupuk,0
2023-08-30,ACC_KEMENPERIN_019_485,ACC_POLRI_060_244,2167699267.92,Belanja Lain-lain,Belanja operasi non-rutin,0
2023-02-27,ACC_KEMENKOPUKM_044_281,ACC_KOMINFO_059_557,5233539070.96,Belanja Barang,Penyewaan jasa kebersihan,0
2023-02-19,ACC_PPATK_078_593,ACC_ESDM_020_812,24305082009.03,Belanja Bantuan Sosial,Bansos tunai,0
2023-09-24,ACC_KEMENDIKBUD_023_676,ACC_BPJS_NA_655,17686452968.66,Belanja Pembayaran Bunga Utang,Pembayaran kupon SUN,0
2023-10-31,ACC_KEU_015_606,ACC_KEMENDAGRI_010_250,30695331067.0,Belanja Subsidi,Subsidi pangan,0
2023-01-15,ACC_PERT_018_797,ACC_ESDM_020_203,5652422377.86,Belanja Pegawai,Pembayaran THR,0
2023-10-23,ACC_KES_024_287,ACC_KEU_015_073,5211085156.89,Belanja Pegawai,Honorarium kegiatan resmi,0
2023-08-19,ACC_BPJS_NA_904,ACC_KOMINFO_059_563,8607708180.34,Belanja Modal,Pengadaan peralatan dan mesin,0
2023-10-07,ACC_BPJS_NA_809,ACC_SOS_027_305,16108981513.16,Belanja Barang,Belanja internet dan komunikasi,0
2023-12-30,ACC_KEMENKOPUKM_044_647,ACC_KEMENDAGRI_010_652,32561379402.19,Belanja Subsidi,Pembayaran subsidi,1
2023-06-25,ACC_PUPR_033_421,ACC_KEMENPERIN_019_971,27566565625.99,Belanja Subsidi,Subsidi pangan,0
2023-04-17,ACC_KEMENPERIN_019_171,ACC_PERT_018_058,4535714062.5,Belanja Pembayaran Bunga Utang,Pembayaran bunga SBN,0
2023-10-17,ACC_KEMENHAN_012_084,ACC_KEMENESDM_020_117,11601438967.36,Belanja Modal,Pembangunan infrastruktur jalan,0
2023-05-27,ACC_BPK_004_773,ACC_KEMENHAN_012_791,13870093977.27,Belanja Subsidi,Pembayaran subsidi,0
2023-12-29,ACC_KOMINFO_059_287,ACC_POLRI_060_141,40225255097.56,Belanja Lain-lain,Cadangan risiko fiskal,1
2023-06-20,ACC_BPS_054_355,ACC_KEMENAG_025_205,4363798449.62,Belanja Pembayaran Bunga Utang,Pembayaran imbal hasil obligasi,0
2023-10-18,ACC_KEMENHAN_012_111,ACC_KEMENPERIN_019_068,36133965933.63,Belanja Pembayaran Bunga Utang,Pembayaran kupon SUN,0
2023-03-10,ACC_POLRI_060_108,ACC_KEMENHUB_022_423,41767960590.44,Belanja Barang,Belanja internet dan komunikasi,0
2023-02-13,ACC_KEMENESDM_020_655,ACC_BRIN_124_723,7625750589.61,Belanja Pegawai,Tunjangan kinerja triwulan,0
2023-01-06,ACC_KES_024_730,ACC_KEMENAG_025_027,15322503186.28,Belanja Pegawai,Tunjangan kinerja triwulan,0
2023-02-25,ACC_SOS_027_368,ACC_PPATK_078_310,44096688986.29,Belanja Pembayaran Bunga Utang,Pembayaran bunga pinjaman luar negeri,0
2023-03-15,ACC_POLRI_060_157,ACC_PERT_018_266,13212382497.17,Belanja Pembayaran Bunga Utang,Pembayaran imbal hasil obligasi,0
2023-03-30,ACC_KEMENAG_025_748,ACC_SOS_027_132,8885750140.92,Belanja Bantuan Sosial,Bansos tunai,0
2023-12-20,ACC_KEMENDIKBUD_023_204,ACC_KEMENAG_025_799,1100334282.18,Belanja Pegawai,Pembayaran THR,0
2023-11-12,ACC_KEMENDAGRI_010_258,ACC_KEMENAG_025_292,142540030708.25,Belanja Subsidi,Subsidi pupuk,0
2023-12-28,ACC_KEMENPERIN_019_884,ACC_POLRI_060_492,16080784816.36,Belanja Pembayaran Bunga Utang,Pembayaran kupon SUN,1
2023-03-21,ACC_KOMINFO_059_619,ACC_PERT_018_812,54230726696.13,Belanja Bantuan Sosial,Transfer bantuan sosial,0
2023-05-15,ACC_BPK_004_862,ACC_KOMINFO_059_169,18105399034.53,Belanja Pembayaran Bunga Utang,Pembayaran bunga SBN,0
2023-08-24,ACC_KEMENPERIN_019_399,ACC_ESDM_020_588,8358958063.36,Belanja Lain-lain,Belanja tak terduga,0
2023-03-29,ACC_PERT_018_615,ACC_KEMENPAREKRAF_040_606,57426457579.31,Belanja Subsidi,Pembayaran subsidi,0
2023-09-23,ACC_KEMENDAGRI_010_253,ACC_KES_024_358,5135648733.44,Belanja Barang,Pengadaan barang operasional,0
2023-05-11,ACC_ESDM_020_222,ACC_KEMENDIKBUD_023_329,15046163609.36,Belanja Modal,Pengadaan aset TIK,0
2023-06-02,ACC_BPS_054_893,ACC_BRIN_124_879,34002331511.71,Belanja Modal,Pengadaan aset TIK,0
2023-03-22,ACC_KEMENDAGRI_010_950,ACC_KEMENDAG_090_228,15618201383.87,Belanja Pembayaran Bunga Utang,Pembayaran bunga SBN,0
2023-06-14,ACC_BPK_004_368,ACC_KEMENHUB_022_899,23252383042.1,Belanja Subsidi,Subsidi pangan,0
2023-07-17,ACC_KEMENLU_011_997,ACC_BPJS_NA_287,12698312545.96,Belanja Modal,Pengadaan aset TIK,0
2023-08-28,ACC_KEMENHAN_012_802,ACC_KEMENDAG_090_287,6678185687.65,Belanja Pembayaran Bunga Utang,Pembayaran imbal hasil obligasi,0
2023-02-02,ACC_KEMENDIKBUD_023_303,ACC_KES_024_244,17760144246.15,Belanja Barang,Belanja internet dan komunikasi,0
2023-10-10,ACC_KOMINFO_059_478,ACC_PERT_018_022,51459755385.99033,Belanja Subsidi,Subsidi bunga kredit program,1
2023-05-23,ACC_BPJS_NA_047,ACC_ESDM_020_027,14301632979.99,Belanja Barang,Belanja pemeliharaan rutin,0
2023-05-25,ACC_KEMENHUB_022_587,ACC_KEMENKOPUKM_044_699,11405844689.93,Belanja Lain-lain,Belanja operasi non-rutin,0
2023-09-21,ACC_BPJS_NA_673,ACC_POLRI_060_903,20324076553.19,Belanja Barang,Pengadaan barang operasional,0
2023-10-24,ACC_KEMENHUB_022_630,ACC_BPS_054_996,22423361617.98,Belanja Barang,Penyewaan jasa kebersihan,0
2023-02-26,ACC_PERT_018_347,ACC_KEU_015_302,49985943895.06,Belanja Bantuan Sosial,Bantuan pangan nontunai,0
2023-05-13,ACC_KEMENKOPUKM_044_682,ACC_BRIN_124_614,13706073835.96,Belanja Modal,Pembangunan/rehabilitasi gedung,0
2023-09-01,ACC_PPATK_078_451,ACC_BPS_054_903,15748399913.3,Belanja Lain-lain,Belanja tak terduga,0
2023-09-20,ACC_KEMENPERIN_019_849,ACC_KEMENHUB_022_845,9585895396.19,Belanja Pegawai,Tunjangan kinerja triwulan,0
2023-11-29,ACC_KEMENLU_011_465,ACC_KEMENHAN_012_200,6064030211.13,Belanja Pegawai,Tunjangan kinerja triwulan,0
2023-06-17,ACC_PPATK_078_240,ACC_KEU_015_884,15436131168.38,Belanja Barang,Belanja ATK dan operasional kantor,0
2023-07-27,ACC_KEMENKOPUKM_044_465,ACC_KEMENHAN_012_222,52272002023.61,Belanja Lain-lain,Belanja tak terduga,0
2023-12-31,ACC_KEU_015_072,ACC_KEMENAG_025_240,14958770810.19,Belanja Bantuan Sosial,Bantuan pangan nontunai,0
2023-09-05,ACC_KEMENDAGRI_010_482,ACC_SOS_027_312,16406513774.1,Belanja Pembayaran Bunga Utang,Pembayaran imbal hasil obligasi,0
2023-01-02,ACC_POLRI_060_074,ACC_KEMENDIKBUD_023_064,26242829669.49,Belanja Pembayaran Bunga Utang,Pembayaran bunga SBN,0
2023-07-20,ACC_KEMENPERIN_019_293,ACC_POLRI_060_798,26216140591.68,Belanja Pembayaran Bunga Utang,Pembayaran bunga SBN,0
2023-06-11,ACC_KEMENESDM_020_503,ACC_POLRI_060_448,6538145528.87,Belanja Pegawai,Pembayaran THR,0
2023-11-18,ACC_KEMENLU_011_120,ACC_PUPR_033_892,27468807606.75,Belanja Bantuan Sosial,Bantuan pangan nontunai,0
2023-06-09,ACC_POLRI_060_505,ACC_POLRI_060_505,30699115317.54,Belanja Barang,Pengadaan barang operasional,1
2023-11-12,ACC_KEMENAG_025_187,ACC_KEU_015_036,19927947497.82,Belanja Subsidi,Subsidi pangan,0
2023-04-17,ACC_KEMENPERIN_019_008,ACC_KEMENESDM_020_748,19023463382.01,Belanja Modal,Pengadaan aset TIK,0
2023-12-31,ACC_KEMENPAREKRAF_040_768,ACC_PERT_018_166,33736068555.8,Belanja Modal,Pengadaan aset TIK,0
2023-03-19,ACC_PPATK_078_719,ACC_KEMENESDM_020_823,10288872453.32,Belanja Pembayaran Bunga Utang,Pembayaran bunga SBN,0
2023-11-02,ACC_PUPR_033_209,ACC_KEMENHAN_012_467,10303079738.96,Belanja Pegawai,Gaji pegawai bulan berjalan,0
2023-03-14,ACC_KEMENPERIN_019_392,ACC_BPJS_NA_153,15512375700.51,Belanja Bantuan Sosial,Bansos tunai,0
2023-04-20,ACC_BPJS_NA_543,ACC_PPATK_078_524,28144881053.8,Belanja Subsidi,Subsidi energi,0
2023-07-13,ACC_ESDM_020_652,ACC_KES_024_027,67992997075.17,Belanja Subsidi,Subsidi pangan,0
2023-04-10,ACC_SOS_027_961,ACC_PUPR_033_049,28519637133.7,Belanja Pembayaran Bunga Utang,Pembayaran kupon SUN,0
2023-04-05,ACC_KEMENESDM_020_657,ACC_BPJS_NA_584,7404163877.05,Belanja Modal,Pembayaran termin proyek resmi,0
2023-08-12,ACC_KEMENDAGRI_010_381,ACC_SOS_027_541,3241244564.58,Belanja Barang,Belanja internet dan komunikasi,0
2023-03-18,ACC_POLRI_060_571,ACC_KOMINFO_059_957,10362188731.76,Belanja Pegawai,Pembayaran gaji ke-13,0
2023-03-08,ACC_PPATK_078_645,ACC_KEU_015_956,67110885837.45,Belanja Pegawai,Honorarium kegiatan resmi,0
2023-07-25,ACC_BRIN_124_944,ACC_KEMENDAGRI_010_986,5766061858.98,Belanja Pegawai,Tunjangan kinerja triwulan,0
2023-03-09,ACC_KEMENAG_025_490,ACC_PPATK_078_803,13608396486.78,Belanja Subsidi,Subsidi bunga kredit program,0
2023-06-10,ACC_KEMENDIKBUD_023_527,ACC_KEU_015_703,18532636172.39,Belanja Lain-lain,Belanja operasi non-rutin,0
2023-07-18,ACC_BPS_054_161,ACC_BRIN_124_775,65691102101.39,Belanja Modal,Pembayaran termin proyek resmi,0
2023-09-10,ACC_KES_024_631,ACC_KOMINFO_059_592,8406120550.52,Belanja Pegawai,Pembayaran gaji ke-13,0
2023-10-11,ACC_ESDM_020_494,ACC_PPATK_078_036,50688528145.03,Belanja Lain-lain,Cadangan risiko fiskal,0
2023-07-18,ACC_KES_024_116,ACC_PERT_018_936,20546538730.16,Belanja Modal,Pengadaan aset TIK,0
2023-05-14,ACC_PUPR_033_631,ACC_POLRI_060_122,2202464509.86,Belanja Bantuan Sosial,Bantuan sosial kebencanaan,0
2023-03-28,ACC_KOMINFO_059_289,ACC_BPJS_NA_649,17996904529.15,Belanja Modal,Pembangunan infrastruktur jalan,0
2023-02-09,ACC_BPS_054_250,ACC_PERT_018_218,7848413918.52,Belanja Pegawai,Gaji pegawai bulan berjalan,0
2023-07-02,ACC_KEMENDAG_090_736,ACC_POLRI_060_164,17796749398.01,Belanja Subsidi,Subsidi pupuk,0
2023-08-31,ACC_KEMENHAN_012_474,ACC_SOS_027_685,21590940795.52,Belanja Bantuan Sosial,Bantuan pangan nontunai,0
2023-03-28,ACC_KEMENKOPUKM_044_641,ACC_KEMENAG_025_706,25589992391.4,Belanja Modal,Pembayaran termin proyek resmi,0
2023-08-17,ACC_KEMENAG_025_729,ACC_KEMENKOPUKM_044_264,13975172024.57,Belanja Barang,Pengadaan barang operasional,0
2023-02-18,ACC_SOS_027_352,ACC_KES_024_442,13989590517.92,Belanja Subsidi,Subsidi energi,0
2023-08-12,ACC_PPATK_078_611,ACC_KES_024_352,6804914791.4,Belanja Bantuan Sosial,Bansos tunai,0
2023-07-16,ACC_KEMENDAGRI_010_109,ACC_KEMENAG_025_860,11366549632.67,Belanja Barang,Pengadaan barang operasional,0
2023-08-04,ACC_PERT_018_101,ACC_KEU_015_730,9834695166.94,Belanja Modal,Pengadaan peralatan dan mesin,0
2023-09-16,ACC_KEMENESDM_020_903,ACC_KEMENHAN_012_356,5566189512.94,Belanja Pembayaran Bunga Utang,Pembayaran kupon SUN,0
2023-02-07,ACC_KES_024_122,ACC_PPATK_078_920,6303036517.22,Belanja Pembayaran Bunga Utang,Pembayaran bunga pinjaman luar negeri,0
2023-10-29,ACC_KEMENDAG_090_125,ACC_BRIN_124_312,4970623623.05,Belanja Pegawai,Tunjangan kinerja triwulan,0
2023-07-01,ACC_PPATK_078_159,ACC_ESDM_020_353,11210932044.5,Belanja Subsidi,Subsidi bunga kredit program,0
2023-10-14,ACC_PUPR_033_674,ACC_KEMENLU_011_263,8386317740.28,Belanja Lain-lain,Cadangan risiko fiskal,0
2023-01-17,ACC_PERT_018_637,ACC_POLRI_060_260,21950798888.13,Belanja Pegawai,Tunjangan kinerja triwulan,0
2023-12-21,ACC_KEMENAG_025_489,ACC_KEMENDAGRI_010_214,52449850171.74,Belanja Pembayaran Bunga Utang,Pembayaran kupon SUN,0
2023-09-01,ACC_BPK_004_232,ACC_KOMINFO_059_684,7296464041.72,Belanja Barang,Penyewaan jasa kebersihan,0
2023-10-30,ACC_KOMINFO_059_331,ACC_PERT_018_561,27673231880.57,Belanja Pembayaran Bunga Utang,Pembayaran imbal hasil obligasi,0
2023-09-08,ACC_POLRI_060_649,ACC_BPJS_NA_830,72687248130.24,Belanja Subsidi,Subsidi pangan,0
2023-08-17,ACC_POLRI_060_883,ACC_KES_024_394,16760160070.4,Belanja Pegawai,Pembayaran THR,0
2023-05-16,ACC_KEMENHAN_012_730,ACC_KEMENAG_025_621,5654551881.63,Belanja Lain-lain,Cadangan risiko fiskal,0
2023-04-29,ACC_KEMENHAN_012_906,ACC_KEMENESDM_020_530,10771566508.34,Belanja Pegawai,Pembayaran gaji ke-13,0
2023-03-03,ACC_KEMENKOPUKM_044_583,ACC_KEMENESDM_020_573,20467738905.39,Belanja Bantuan Sosial,Bansos tunai,0
2023-12-24,ACC_PUPR_033_269,ACC_KEMENAG_025_524,42112674464.11,Belanja Bantuan Sosial,Bantuan program keluarga harapan,0
2023-04-21,ACC_ESDM_020_322,ACC_KEMENHUB_022_527,18952336711.27,Belanja Pembayaran Bunga Utang,Pembayaran bunga pinjaman luar negeri,0
2023-02-08,ACC_BPJS_NA_538,ACC_BPS_054_624,15834583052.87,Belanja Pembayaran Bunga Utang,Pembayaran imbal hasil obligasi,0
2023-04-08,ACC_KEMENESDM_020_411,ACC_BRIN_124_375,24106492478.5,Belanja Barang,Penyewaan jasa kebersihan,0
2023-02-25,ACC_KOMINFO_059_733,ACC_KEMENDAGRI_010_325,8058597260.48,Belanja Pegawai,Pembayaran gaji ke-13,0
2023-11-22,ACC_KEMENHUB_022_404,ACC_PPATK_078_532,7347255116.89,Belanja Barang,Penyewaan jasa kebersihan,0
2023-01-26,ACC_KES_024_160,ACC_KEMENDIKBUD_023_010,29602909340.52,Belanja Barang,Belanja ATK dan operasional kantor,0
2023-03-19,ACC_POLRI_060_491,ACC_KOMINFO_059_671,12617605634.55,Belanja Pegawai,Pembayaran THR,0
2023-05-28,ACC_POLRI_060_550,ACC_PUPR_033_111,10429876616.5,Belanja Bantuan Sosial,Transfer bantuan sosial,0
2023-10-02,ACC_KEMENDIKBUD_023_494,ACC_BRIN_124_197,7856910780.04,Belanja Barang,Belanja ATK dan operasional kantor,0
2023-03-04,ACC_KEMENPAREKRAF_040_361,ACC_ESDM_020_973,16187963094.31,Belanja Pegawai,Pembayaran THR,0
2023-01-07,ACC_KEMENAG_025_944,ACC_KEMENDAGRI_010_651,5204911731.9,Belanja Bantuan Sosial,Bantuan pangan nontunai,0
2023-10-14,ACC_KEMENAG_025_940,ACC_KEMENLU_011_301,17254197384.07,Belanja Barang,Belanja internet dan komunikasi,0
2023-09-14,ACC_PUPR_033_461,ACC_KEMENDAGRI_010_139,5525115711.59,Belanja Pembayaran Bunga Utang,Pembayaran bunga SBN,0
2023-10-19,ACC_KEMENESDM_020_335,ACC_KEMENHAN_012_699,20279608455.91,Belanja Modal,Pembayaran termin proyek resmi,0
2023-09-19,ACC_PERT_018_927,ACC_BPS_054_310,13094475666.78,Belanja Pegawai,Pembayaran THR,0
2023-05-25,ACC_KEMENDAGRI_010_773,ACC_KEMENESDM_020_514,4973426447.69,Belanja Subsidi,Pembayaran subsidi,0
2023-05-28,ACC_PERT_018_200,ACC_KEMENHAN_012_385,3974359361.68,Belanja Lain-lain,Cadangan risiko fiskal,0
2023-11-08,ACC_PERT_018_566,ACC_KEMENKOPUKM_044_395,13265771749.93,Belanja Pembayaran Bunga Utang,Pembayaran bunga pinjaman luar negeri,0
2023-05-13,ACC_KEU_015_380,ACC_KEMENKOPUKM_044_602,8452325116.08,Belanja Modal,Pembangunan infrastruktur jalan,0
2023-10-14,ACC_KEMENKOPUKM_044_284,ACC_KEMENAG_025_903,82229096566.54,Belanja Pembayaran Bunga Utang,Pembayaran kupon SUN,0
2023-11-28,ACC_PPATK_078_117,ACC_KEMENLU_011_089,17736924652.38,Belanja Pembayaran Bunga Utang,Pembayaran kupon SUN,0
2023-08-11,ACC_BPK_004_122,ACC_POLRI_060_894,17977286758.36,Belanja Pembayaran Bunga Utang,Pembayaran imbal hasil obligasi,0
2023-01-13,ACC_KEMENPERIN_019_024,ACC_KEMENDAGRI_010_325,8219573429.1,Belanja Lain-lain,Belanja operasi non-rutin,0
2023-12-09,ACC_BRIN_124_019,ACC_KEMENLU_011_030,24565036870.48,Belanja Bantuan Sosial,Bantuan pangan nontunai,0
2023-03-19,ACC_PUPR_033_496,ACC_BPK_004_431,4993742900.76,Belanja Lain-lain,Belanja lainnya sesuai ketentuan,0
2023-09-07,ACC_BPS_054_583,ACC_POLRI_060_413,24174517744.78,Belanja Modal,Pembangunan infrastruktur jalan,0
2023-08-31,ACC_KEMENLU_011_010,ACC_KEMENAG_025_829,12305734089.64,Belanja Pembayaran Bunga Utang,Pembayaran bunga SBN,0
2023-04-22,ACC_PERT_018_204,ACC_KEMENDIKBUD_023_989,54474430968.97,Belanja Barang,Belanja ATK dan operasional kantor,0
2023-09-21,ACC_KEMENDAG_090_529,ACC_KEMENPERIN_019_588,26427378484.01,Belanja Pegawai,Pembayaran gaji ke-13,0
2023-09-11,ACC_KOMINFO_059_718,ACC_KEMENAG_025_546,44145979064.23,Belanja Pembayaran Bunga Utang,Pembayaran bunga pinjaman luar negeri,0
2023-02-07,ACC_ESDM_020_911,ACC_BRIN_124_870,33786142595.52,Belanja Bantuan Sosial,Bantuan pangan nontunai,0
2023-11-05,ACC_PUPR_033_758,ACC_KES_024_198,34840942044.25,Belanja Barang,Penyewaan jasa kebersihan,0
2023-06-16,ACC_ESDM_020_016,ACC_KEMENHAN_012_657,12715873069.99,Belanja Pembayaran Bunga Utang,Pembayaran kupon SUN,0
2023-04-12,ACC_KEMENLU_011_594,ACC_PERT_018_406,33994941859.29,Belanja Modal,Pengadaan aset TIK,0
2023-06-04,ACC_KEU_015_548,ACC_BRIN_124_381,49870837457.05,Belanja Modal,Pengadaan peralatan dan mesin,0
2023-10-08,ACC_KOMINFO_059_351,ACC_PERT_018_334,8656951535.12,Belanja Lain-lain,Cadangan risiko fiskal,0
2023-03-23,ACC_KEMENDAG_090_014,ACC_KES_024_056,6100878898.8,Belanja Barang,Belanja ATK dan operasional kantor,0
2023-10-09,ACC_BPK_004_199,ACC_KOMINFO_059_860,38817611098.66,Belanja Modal,Pengadaan aset TIK,0
2023-04-22,ACC_KES_024_535,ACC_PPATK_078_375,7689612925.69,Belanja Pembayaran Bunga Utang,Pembayaran bunga pinjaman luar negeri,0
2023-07-16,ACC_ESDM_020_790,ACC_BRIN_124_540,7649067769.0,Belanja Pegawai,Pembayaran gaji ke-13,0
2023-05-04,ACC_KEMENHAN_012_877,ACC_KEU_015_292,8993738511.46,Belanja Pegawai,Pembayaran THR,0
2023-01-07,ACC_PERT_018_023,ACC_KEMENHAN_012_162,9691841863.15,Belanja Pegawai,Gaji pegawai bulan berjalan,0
2023-11-22,ACC_KEMENPAREKRAF_040_464,ACC_KEMENHUB_022_483,4248380297.27,Belanja Barang,Belanja pemeliharaan rutin,0
2023-11-05,ACC_BPJS_NA_596,ACC_KOMINFO_059_874,16870481118.85,Belanja Bantuan Sosial,Bantuan program keluarga harapan,0
2023-01-17,ACC_BRIN_124_537,ACC_KEMENLU_011_576,9636327649.17,Belanja Pegawai,Pembayaran THR,0
2023-08-25,ACC_BPJS_NA_688,ACC_BPK_004_291,63244684890.35,Belanja Barang,Pengadaan barang operasional,0
2023-03-14,ACC_KEMENLU_011_183,ACC_ESDM_020_369,150933199038.26,Belanja Modal,Pembangunan/rehabilitasi gedung,0
2023-02-16,ACC_ESDM_020_960,ACC_KEMENLU_011_160,14680850870.07,Belanja Modal,Pembangunan/rehabilitasi gedung,0
2023-09-18,ACC_KEMENDAG_090_512,ACC_BRIN_124_121,11322504109.92,Belanja Pembayaran Bunga Utang,Pembayaran kupon SUN,0
2023-11-28,ACC_KEMENPERIN_019_052,ACC_KEMENLU_011_396,86122847367.04274,Belanja Modal,Pembangunan infrastruktur jalan,1
2023-07-13,ACC_KES_024_693,ACC_KEMENHAN_012_021,8658553412.25,Belanja Barang,Belanja pemeliharaan rutin,0
2023-07-21,ACC_BRIN_124_466,ACC_PPATK_078_151,4126022200.97,Belanja Barang,Belanja internet dan komunikasi,0
2023-11-05,ACC_KEU_015_066,ACC_BPK_004_935,8054383958.25,Belanja Barang,Belanja internet dan komunikasi,0
2023-06-16,ACC_PERT_018_800,ACC_BPK_004_154,9215977048.13,Belanja Lain-lain,Cadangan risiko fiskal,0
2023-06-24,ACC_KEMENHAN_012_587,ACC_KEMENDAGRI_010_797,2304330752.87,Belanja Pegawai,Pembayaran gaji ke-13,0
2023-02-18,ACC_KEU_015_969,ACC_KEMENPERIN_019_032,14691453402.32,Belanja Lain-lain,Belanja operasi non-rutin,0
2023-01-22,ACC_KES_024_756,ACC_KEMENESDM_020_926,27650322663.79,Belanja Pembayaran Bunga Utang,Pembayaran bunga pinjaman luar negeri,0
2023-01-08,ACC_ESDM_020_960,ACC_KEMENPAREKRAF_040_679,8838988674.03,Belanja Modal,Pengadaan peralatan dan mesin,0
2023-10-31,ACC_PUPR_033_466,ACC_KOMINFO_059_083,16509689749.03,Belanja Subsidi,Subsidi bunga kredit program,0
2023-05-05,ACC_BPS_054_483,ACC_KES_024_325,14462529847.82,Belanja Pembayaran Bunga Utang,Pembayaran imbal hasil obligasi,0
2023-10-08,ACC_KEMENLU_011_545,ACC_KEMENESDM_020_062,11087793026.57,Belanja Barang,Belanja ATK dan operasional kantor,0
2023-10-13,ACC_BPS_054_809,ACC_ESDM_020_117,40007245179.64,Belanja Modal,Pembangunan/rehabilitasi gedung,0
2023-12-11,ACC_KEMENDAG_090_229,ACC_KEMENLU_011_100,19603277518.36,Belanja Subsidi,Subsidi pangan,0
2023-06-01,ACC_PUPR_033_792,ACC_POLRI_060_221,10994858603.64,Belanja Lain-lain,Belanja operasi non-rutin,0
2023-07-30,ACC_PERT_018_791,ACC_KEMENLU_011_931,17547169802.99,Belanja Bantuan Sosial,Bantuan sosial kebencanaan,0
2023-12-31,ACC_SOS_027_518,ACC_KEMENKOPUKM_044_248,3067746494.33,Belanja Bantuan Sosial,Transfer bantuan sosial,1
2023-12-11,ACC_KEMENHAN_012_417,ACC_BRIN_124_053,17723809311.03,Belanja Pembayaran Bunga Utang,Pembayaran bunga SBN,0
2023-11-04,ACC_KEMENESDM_020_846,ACC_KEMENLU_011_651,18888235760.31,Belanja Modal,Pembayaran termin proyek resmi,0
2023-09-20,ACC_PERT_018_486,ACC_KEMENDAGRI_010_835,11864909242.79,Belanja Lain-lain,Belanja tak terduga,0
2023-09-13,ACC_KEMENAG_025_395,ACC_KEMENDIKBUD_023_037,5618943450.56,Belanja Barang,Belanja pemeliharaan rutin,0
2023-05-03,ACC_BRIN_124_447,ACC_KEMENKOPUKM_044_263,13929112758.25,Belanja Barang,Pengadaan barang operasional,0
2023-09-16,ACC_KEMENPAREKRAF_040_323,ACC_KEMENESDM_020_530,11837600473.33,Belanja Bantuan Sosial,Bantuan program keluarga harapan,0
2023-12-01,ACC_BPS_054_925,ACC_PUPR_033_315,11489826764.67,Belanja Modal,Pembangunan/rehabilitasi gedung,0
2023-08-26,ACC_BPS_054_686,ACC_POLRI_060_083,14790239701.14,Belanja Pegawai,Gaji pegawai bulan berjalan,0
2023-09-10,ACC_KEMENPERIN_019_567,ACC_KEMENKOPUKM_044_667,20272246704.92,Belanja Barang,Belanja internet dan komunikasi,0
2023-12-05,ACC_KEMENHAN_012_638,ACC_KEMENPAREKRAF_040_849,50170028623.95,Belanja Pembayaran Bunga Utang,Pembayaran imbal hasil obligasi,0
2023-09-25,ACC_KEMENHUB_022_170,ACC_KEMENHAN_012_362,52759365935.87,Belanja Barang,Pengadaan barang operasional,0
2023-05-18,ACC_PERT_018_028,ACC_BPS_054_519,77913535587.32,Belanja Subsidi,Subsidi pupuk,0
2023-05-16,ACC_KEMENLU_011_690,ACC_BRIN_124_641,11896963112.46,Belanja Lain-lain,Belanja lainnya sesuai ketentuan,0
2023-04-17,ACC_ESDM_020_560,ACC_KEU_015_138,20690344044.17,Belanja Pembayaran Bunga Utang,Pembayaran imbal hasil obligasi,0
2023-01-06,ACC_BPJS_NA_523,ACC_KEMENAG_025_529,15118712993.36,Belanja Pembayaran Bunga Utang,Pembayaran imbal hasil obligasi,0
2023-11-08,ACC_KOMINFO_059_066,ACC_KEMENDIKBUD_023_420,9129645738.18,Belanja Barang,Belanja internet dan komunikasi,0
2023-05-07,ACC_PPATK_078_131,ACC_KEMENKOPUKM_044_994,8700117630.2,Belanja Barang,Belanja pemeliharaan rutin,0
2023-03-30,ACC_PUPR_033_438,ACC_KEMENKOPUKM_044_243,21473690187.73,Belanja Subsidi,Subsidi bunga kredit program,0
2023-01-13,ACC_PUPR_033_831,ACC_SOS_027_782,39044816037.0,Belanja Pembayaran Bunga Utang,Pembayaran kupon SUN,0
2023-10-01,ACC_KEMENKOPUKM_044_133,ACC_KEMENHAN_012_014,11275091470.63,Belanja Pegawai,Gaji pegawai bulan berjalan,0
2023-03-03,ACC_KEMENPERIN_019_565,ACC_BRIN_124_821,5801504390.53,Belanja Pegawai,Honorarium kegiatan resmi,0
2023-04-28,ACC_POLRI_060_321,ACC_BPS_054_131,27713165433.48,Belanja Barang,Penyewaan jasa kebersihan,0
2023-08-04,ACC_BRIN_124_586,ACC_KEMENDAG_090_306,15714841673.19,Belanja Pegawai,Gaji pegawai bulan berjalan,0
2023-01-12,ACC_KEMENHUB_022_083,ACC_POLRI_060_032,22552648152.68,Belanja Barang,Belanja ATK dan operasional kantor,0
2023-10-02,ACC_KEMENDAG_090_713,ACC_KEMENHAN_012_563,9234758399.99,Belanja Subsidi,Subsidi pangan,0
2023-08-29,ACC_KEU_015_717,ACC_KEMENKOPUKM_044_898,10181748102.49,Belanja Pegawai,Honorarium kegiatan resmi,0
2023-09-01,ACC_KEMENDAG_090_832,ACC_KEMENESDM_020_001,7168654923.15,Belanja Modal,Pembayaran termin proyek resmi,0
2023-05-19,ACC_KEMENPERIN_019_599,ACC_SOS_027_514,16220647571.45,Belanja Modal,Pembangunan/rehabilitasi gedung,0
2023-03-21,ACC_PPATK_078_623,ACC_PUPR_033_677,13539579236.4,Belanja Pegawai,Pembayaran gaji ke-13,0
2023-08-07,ACC_PPATK_078_517,ACC_KEMENLU_011_911,11656090895.98,Belanja Lain-lain,Belanja tak terduga,0
2023-01-06,ACC_PERT_018_891,ACC_KES_024_812,9874011446.27,Belanja Bantuan Sosial,Bantuan sosial kebencanaan,0
2023-12-03,ACC_SOS_027_510,ACC_ESDM_020_814,12568728035.93,Belanja Subsidi,Subsidi energi,0
2023-06-12,ACC_KEMENESDM_020_844,ACC_KEMENPAREKRAF_040_432,5506585299.6,Belanja Pembayaran Bunga Utang,Pembayaran kupon SUN,0
2023-07-15,ACC_POLRI_060_377,ACC_KEMENHAN_012_948,30638662489.63,Belanja Modal,Pengadaan aset TIK,0
2023-03-07,ACC_BPJS_NA_912,ACC_KEMENPERIN_019_391,29814085391.83,Belanja Pembayaran Bunga Utang,Pembayaran bunga pinjaman luar negeri,0
2023-09-22,ACC_PPATK_078_229,ACC_KEMENDIKBUD_023_785,25100822048.770546,Belanja Lain-lain,Belanja operasi non-rutin,1
2023-06-22,ACC_PUPR_033_888,ACC_KES_024_523,28559427383.92,Belanja Subsidi,Subsidi bunga kredit program,0
2023-07-24,ACC_KEMENHAN_012_742,ACC_PUPR_033_538,150805409599.11,Belanja Modal,Pengadaan peralatan dan mesin,0
2023-03-12,ACC_KEMENPERIN_019_549,ACC_PPATK_078_392,10048275875.31,Belanja Pegawai,Gaji pegawai bulan berjalan,0
2023-05-06,ACC_KEMENLU_011_627,ACC_KEMENDIKBUD_023_604,24521027934.72,Belanja Pembayaran Bunga Utang,Pembayaran bunga SBN,0
2023-08-07,ACC_KEMENDAGRI_010_305,ACC_KEMENESDM_020_243,57115462307.72,Belanja Subsidi,Subsidi bunga kredit program,0
2023-10-09,ACC_BPS_054_301,ACC_KEMENLU_011_829,11926528570.63,Belanja Lain-lain,Belanja lainnya sesuai ketentuan,0
2023-01-26,ACC_PERT_018_863,ACC_PPATK_078_079,17381121360.55,Belanja Pegawai,Honorarium kegiatan resmi,0
2023-05-08,ACC_PPATK_078_413,ACC_KEMENESDM_020_137,13150624969.79,Belanja Barang,Pengadaan barang operasional,0
2023-05-04,ACC_BPS_054_088,ACC_SOS_027_849,19777812608.65,Belanja Subsidi,Subsidi energi,0
2023-09-30,ACC_KEMENAG_025_051,ACC_POLRI_060_987,37516470731.71,Belanja Subsidi,Subsidi bunga kredit program,0
2023-12-08,ACC_KEMENPERIN_019_258,ACC_KEMENDIKBUD_023_388,18285821514.94,Belanja Modal,Pembangunan infrastruktur jalan,0
2023-11-07,ACC_BPK_004_672,ACC_BPJS_NA_278,11175529838.96,Belanja Bantuan Sosial,Transfer bantuan sosial,0
2023-06-28,ACC_KEMENHAN_012_720,ACC_KEMENHAN_012_720,27693358926.23,Belanja Pembayaran Bunga Utang,Pembayaran kupon SUN,1
2023-10-02,ACC_KOMINFO_059_384,ACC_BPS_054_910,34978361698.8,Belanja Barang,Penyewaan jasa kebersihan,0
2023-08-03,ACC_PPATK_078_872,ACC_BPJS_NA_651,13905419489.75,Belanja Pegawai,Tunjangan kinerja triwulan,0
2023-02-03,ACC_POLRI_060_705,ACC_KEMENDIKBUD_023_867,7074489167.39,Belanja Lain-lain,Belanja lainnya sesuai ketentuan,0
2023-03-22,ACC_KEMENPERIN_019_322,ACC_KEMENLU_011_415,12617277338.55,Belanja Lain-lain,Belanja tak terduga,0
2023-07-09,ACC_BRIN_124_950,ACC_KEMENDAG_090_860,18923955944.0,Belanja Pembayaran Bunga Utang,Pembayaran imbal hasil obligasi,0
2023-06-17,ACC_KEU_015_231,ACC_BPS_054_150,7514675949.83,Belanja Pegawai,Tunjangan kinerja triwulan,0
2023-10-24,ACC_KEU_015_275,ACC_BPS_054_617,6927079091.11,Belanja Pegawai,Tunjangan kinerja triwulan,0
2023-12-16,ACC_POLRI_060_150,ACC_KEMENKOPUKM_044_142,5743832846.46,Belanja Subsidi,Subsidi pupuk,0
2023-03-06,ACC_KEMENESDM_020_429,ACC_KEMENDAGRI_010_310,12726152308.85,Belanja Pegawai,Gaji pegawai bulan berjalan,0
2023-11-02,ACC_BPK_004_361,ACC_KEU_015_278,16505966739.54,Belanja Subsidi,Subsidi bunga kredit program,0
2023-12-27,ACC_BPK_004_169,ACC_KES_024_459,13125633376.54,Belanja Barang,Belanja internet dan komunikasi,0
2023-03-25,ACC_KEMENDAG_090_735,ACC_PPATK_078_253,3060975315.43,Belanja Lain-lain,Belanja operasi non-rutin,0
2023-12-21,ACC_KEMENAG_025_713,ACC_BPS_054_965,53217190757.82,Belanja Bantuan Sosial,Bantuan sosial kebencanaan,0
2023-01-16,ACC_KEMENDAGRI_010_402,ACC_KEMENHUB_022_175,6613462763.69,Belanja Lain-lain,Belanja operasi non-rutin,0
2023-12-04,ACC_KEMENPAREKRAF_040_078,ACC_KEMENHUB_022_440,119679271994.36,Belanja Subsidi,Pembayaran subsidi,0
2023-03-01,ACC_KEMENDAGRI_010_701,ACC_KEMENHAN_012_267,21623267716.54,Belanja Barang,Belanja pemeliharaan rutin,0
2023-11-18,ACC_ESDM_020_382,ACC_KEMENKOPUKM_044_544,76194836049.0,Belanja Modal,Pengadaan aset TIK,0
2023-12-12,ACC_KOMINFO_059_983,ACC_KEMENHUB_022_094,18205793671.7,Belanja Pegawai,Tunjangan kinerja triwulan,0
2023-10-12,ACC_BRIN_124_461,ACC_KEMENLU_011_315,8095376548.79,Belanja Modal,Pembangunan/rehabilitasi gedung,0
2023-07-18,ACC_KEMENLU_011_279,ACC_PUPR_033_582,19709364059.34,Belanja Barang,Belanja internet dan komunikasi,0
2023-12-20,ACC_KES_024_526,ACC_KEMENESDM_020_541,10304375867.19,Belanja Pegawai,Pembayaran THR,0
2023-09-17,ACC_KEMENHUB_022_524,ACC_KEMENHAN_012_810,6525217882.89,Belanja Pegawai,Gaji pegawai bulan berjalan,0
2023-03-25,ACC_KOMINFO_059_860,ACC_PPATK_078_860,247668990465.04,Belanja Lain-lain,Cadangan risiko fiskal,0
2023-03-06,ACC_KEMENDAG_090_147,ACC_KEMENDAGRI_010_569,5188804519.54,Belanja Pembayaran Bunga Utang,Pembayaran kupon SUN,0
2023-01-18,ACC_BRIN_124_246,ACC_KEMENKOPUKM_044_675,52245341841.19,Belanja Bantuan Sosial,Transfer bantuan sosial,0
2023-11-18,ACC_ESDM_020_538,ACC_KEMENPERIN_019_126,103137456223.97,Belanja Pembayaran Bunga Utang,Pembayaran bunga pinjaman luar negeri,0
2023-10-08,ACC_KEMENPERIN_019_798,ACC_KEMENHAN_012_978,19583243925.58,Belanja Subsidi,Subsidi pupuk,0
2023-08-04,ACC_BPS_054_542,ACC_KEU_015_606,6671193557.42,Belanja Lain-lain,Cadangan risiko fiskal,0
2023-09-28,ACC_KEMENHUB_022_440,ACC_PPATK_078_291,7859815744.14,Belanja Pegawai,Pembayaran THR,0
2023-06-18,ACC_BPK_004_815,ACC_KEMENLU_011_538,21658689179.17,Belanja Subsidi,Subsidi pupuk,0
2023-05-30,ACC_ESDM_020_645,ACC_KEMENLU_011_143,17069839071.57,Belanja Lain-lain,Belanja lainnya sesuai ketentuan,0
2023-11-07,ACC_SOS_027_584,ACC_KEMENLU_011_060,52271035033.32,Belanja Modal,Pengadaan peralatan dan mesin,0
2023-01-19,ACC_KOMINFO_059_991,ACC_SOS_027_073,65152826323.68,Belanja Lain-lain,Cadangan risiko fiskal,0
2023-11-09,ACC_PERT_018_438,ACC_PPATK_078_952,9518544062.62,Belanja Bantuan Sosial,Bantuan program keluarga harapan,0
2023-03-28,ACC_KEMENHUB_022_359,ACC_BPS_054_695,9524339930.84,Belanja Lain-lain,Cadangan risiko fiskal,0
2023-03-23,ACC_KOMINFO_059_970,ACC_BPS_054_247,28302537588.76,Belanja Bantuan Sosial,Bantuan sosial kebencanaan,0
2023-12-31,ACC_POLRI_060_153,ACC_KEMENDAGRI_010_272,19718200880.36,Belanja Barang,Penyewaan jasa kebersihan,0
2023-07-08,ACC_KEMENESDM_020_812,ACC_SOS_027_907,14324893362.98,Belanja Pegawai,Honorarium kegiatan resmi,0
2023-05-30,ACC_KEMENDIKBUD_023_853,ACC_KEMENHUB_022_219,4373524246.67,Belanja Lain-lain,Belanja operasi non-rutin,0
2023-03-04,ACC_BPK_004_947,ACC_KEMENLU_011_429,26803066330.14,Belanja Barang,Belanja pemeliharaan rutin,0
2023-02-02,ACC_KEMENKOPUKM_044_213,ACC_KEMENDAG_090_572,5453222634.87,Belanja Subsidi,Subsidi pangan,0
2023-10-28,ACC_PERT_018_799,ACC_KEMENLU_011_650,10071105775.57,Belanja Pembayaran Bunga Utang,Pembayaran imbal hasil obligasi,0
2023-08-27,ACC_KEU_015_285,ACC_KEMENHUB_022_993,2114361193.96,Belanja Lain-lain,Cadangan risiko fiskal,0
2023-02-16,ACC_KEMENKOPUKM_044_515,ACC_KEMENESDM_020_642,11761817626.88,Belanja Lain-lain,Belanja tak terduga,0
2023-06-08,ACC_BRIN_124_904,ACC_SOS_027_427,6696769679.69,Belanja Pegawai,Pembayaran THR,0
2023-01-20,ACC_KEMENAG_025_220,ACC_KEMENESDM_020_333,4404929505.44,Belanja Pembayaran Bunga Utang,Pembayaran kupon SUN,0
2023-03-31,ACC_BPS_054_771,ACC_KOMINFO_059_425,5914521151.06,Belanja Modal,Belanja tak terduga,1
2023-12-23,ACC_KEMENPERIN_019_983,ACC_BPK_004_455,21251931185.9,Belanja Pembayaran Bunga Utang,Pembayaran bunga pinjaman luar negeri,0
2023-02-16,ACC_KEMENPERIN_019_990,ACC_KEMENDIKBUD_023_709,14582137912.44,Belanja Pembayaran Bunga Utang,Pembayaran bunga SBN,0
2023-02-11,ACC_KEMENPERIN_019_801,ACC_KEMENAG_025_123,16171813329.88,Belanja Barang,Belanja pemeliharaan rutin,0
2023-02-28,ACC_KEU_015_147,ACC_KEMENDAGRI_010_496,28391375464.27,Belanja Lain-lain,Belanja tak terduga,0
2023-06-02,ACC_PERT_018_881,ACC_KEMENAG_025_783,21321799315.21,Belanja Pembayaran Bunga Utang,Pembayaran kupon SUN,0
2023-03-24,ACC_BRIN_124_535,ACC_KES_024_523,30450010270.39,Belanja Pembayaran Bunga Utang,Pembayaran imbal hasil obligasi,0
2023-09-04,ACC_KEU_015_987,ACC_PPATK_078_192,29435153662.02,Belanja Barang,Belanja internet dan komunikasi,0
2023-12-24,ACC_KEMENESDM_020_314,ACC_KEMENLU_011_276,7361076858.42,Belanja Pegawai,Pembayaran gaji ke-13,0
2023-09-15,ACC_KEMENDIKBUD_023_790,ACC_KOMINFO_059_582,15814846075.89,Belanja Lain-lain,Belanja tak terduga,0
2023-02-05,ACC_KEMENKOPUKM_044_108,ACC_KEMENHAN_012_024,9597107777.16,Belanja Bantuan Sosial,Bansos tunai,0
2023-07-23,ACC_PERT_018_892,ACC_KEMENPAREKRAF_040_736,15195518107.17,Belanja Barang,Belanja ATK dan operasional kantor,0
2023-03-22,ACC_KEMENDAGRI_010_407,ACC_ESDM_020_330,8506845695.22,Belanja Barang,Penyewaan jasa kebersihan,0
2023-12-11,ACC_KES_024_760,ACC_KEU_015_826,13735118593.08,Belanja Subsidi,Pembayaran gaji ke-13,1
2023-11-23,ACC_KEMENAG_025_536,ACC_KEMENKOPUKM_044_706,16073862510.17,Belanja Pegawai,Pembayaran THR,0
2023-08-31,ACC_BPK_004_383,ACC_BRIN_124_550,19883880945.37,Belanja Pembayaran Bunga Utang,Pembayaran kupon SUN,0
2023-03-30,ACC_BPK_004_540,ACC_PERT_018_092,3695913260.81,Belanja Pegawai,Pembayaran THR,0
2023-02-10,ACC_KEMENDIKBUD_023_037,ACC_KEMENESDM_020_637,25431891394.96,Belanja Barang,Pengadaan barang operasional,0
2023-11-28,ACC_KEMENPERIN_019_037,ACC_KEMENDAGRI_010_101,18834820140.5,Belanja Bantuan Sosial,Bansos tunai,0
2023-05-19,ACC_BPK_004_095,ACC_KEMENKOPUKM_044_631,20697340723.94,Belanja Modal,Pembayaran termin proyek resmi,0
2023-05-03,ACC_KEU_015_285,ACC_PPATK_078_366,10112852354.02,Belanja Pegawai,Gaji pegawai bulan berjalan,0
2023-01-07,ACC_BRIN_124_896,ACC_BPS_054_824,3577521611.38,Belanja Barang,Belanja internet dan komunikasi,0
2023-08-22,ACC_KEMENPAREKRAF_040_830,ACC_KEMENLU_011_586,13263023923.09,Belanja Pembayaran Bunga Utang,Pembayaran bunga SBN,0
2023-09-27,ACC_BPS_054_605,ACC_POLRI_060_965,19177893567.87,Belanja Pegawai,Pembayaran gaji ke-13,0
2023-10-01,ACC_SOS_027_691,ACC_SOS_027_691,72090912593.71,Belanja Modal,Pembangunan infrastruktur jalan,1
2023-09-02,ACC_KEMENESDM_020_660,ACC_KEMENHUB_022_604,10198740506.45,Belanja Barang,Pengadaan barang operasional,0
2023-04-30,ACC_KEMENKOPUKM_044_450,ACC_KEMENPAREKRAF_040_852,5984926791.81,Belanja Pembayaran Bunga Utang,Pembayaran bunga SBN,0
2023-09-28,ACC_KEMENDAG_090_524,ACC_KEMENLU_011_494,22562446218.62,Belanja Barang,Pengadaan barang operasional,0
2023-01-31,ACC_KEMENHAN_012_949,ACC_KEMENLU_011_350,11355088874.77,Belanja Pegawai,Pembayaran gaji ke-13,0
2023-01-21,ACC_KEMENESDM_020_623,ACC_KEMENKOPUKM_044_488,19174121741.71,Belanja Pembayaran Bunga Utang,Pembayaran kupon SUN,0
2023-12-14,ACC_SOS_027_487,ACC_ESDM_020_145,7801521149.32,Belanja Lain-lain,Cadangan risiko fiskal,0
2023-04-02,ACC_KEMENAG_025_828,ACC_SOS_027_835,5247029292.28,Belanja Bantuan Sosial,Bansos tunai,0
2023-09-29,ACC_KEMENHAN_012_534,ACC_BPS_054_630,8194534859.89,Belanja Barang,Penyewaan jasa kebersihan,0
2023-09-19,ACC_ESDM_020_087,ACC_BPK_004_905,10284286965.72,Belanja Subsidi,Subsidi pangan,0
2023-11-14,ACC_KOMINFO_059_570,ACC_POLRI_060_742,6423451263.29,Belanja Modal,Pembayaran termin proyek resmi,0
2023-04-10,ACC_KEMENDAGRI_010_265,ACC_KEMENESDM_020_750,21121495917.17,Belanja Modal,Pembayaran termin proyek resmi,0
2023-06-14,ACC_KEMENKOPUKM_044_799,ACC_BPJS_NA_415,6752949829.16,Belanja Pembayaran Bunga Utang,Pembayaran kupon SUN,0
2023-04-06,ACC_BPK_004_555,ACC_POLRI_060_354,26292346380.69,Belanja Bantuan Sosial,Bantuan pangan nontunai,0
2023-07-08,ACC_KEMENDAG_090_643,ACC_BPJS_NA_347,33837562633.8,Belanja Barang,Belanja pemeliharaan rutin,0
2023-11-08,ACC_KEMENDAGRI_010_986,ACC_KEMENKOPUKM_044_468,6466096504.46,Belanja Modal,Pembangunan/rehabilitasi gedung,0
2023-10-14,ACC_KEMENAG_025_968,ACC_POLRI_060_191,24945425454.09,Belanja Modal,Pembangunan infrastruktur jalan,0
2023-12-04,ACC_PUPR_033_787,ACC_ESDM_020_883,9551700892.97,Belanja Pembayaran Bunga Utang,Pembayaran bunga pinjaman luar negeri,0
2023-03-05,ACC_KEMENDIKBUD_023_756,ACC_KEMENDAG_090_053,8959929631.11,Belanja Lain-lain,Belanja lainnya sesuai ketentuan,0
2023-08-22,ACC_BPK_004_073,ACC_KEMENHAN_012_357,23470538926.38,Belanja Barang,Belanja internet dan komunikasi,0
2023-01-06,ACC_KEMENHAN_012_710,ACC_BPJS_NA_877,10739779511.57,Belanja Pegawai,Honorarium kegiatan resmi,0
2023-05-17,ACC_KEMENDAG_090_779,ACC_BPJS_NA_404,23581169530.29,Belanja Barang,Belanja ATK dan operasional kantor,0
2023-08-19,ACC_KEMENAG_025_570,ACC_KEMENESDM_020_206,9313610839.65,Belanja Pegawai,Honorarium kegiatan resmi,0
2023-07-02,ACC_KEMENPAREKRAF_040_262,ACC_BPJS_NA_131,8199581702.8,Belanja Barang,Belanja pemeliharaan rutin,0
2023-07-05,ACC_BRIN_124_629,ACC_KEMENDAG_090_186,14658134544.57,Belanja Modal,Pengadaan peralatan dan mesin,0
2023-02-05,ACC_PPATK_078_326,ACC_BPJS_NA_465,104171091220.88,Belanja Modal,Pengadaan peralatan dan mesin,0
2023-05-14,ACC_ESDM_020_162,ACC_KEMENPERIN_019_556,62626889068.03,Belanja Modal,Pembangunan/rehabilitasi gedung,0
2023-10-08,ACC_KEMENLU_011_586,ACC_POLRI_060_807,7523640126.03,Belanja Barang,Belanja ATK dan operasional kantor,0
2023-05-20,ACC_KEU_015_139,ACC_KOMINFO_059_881,4075239267.88,Belanja Lain-lain,Cadangan risiko fiskal,0
2023-01-04,ACC_ESDM_020_904,ACC_KEMENAG_025_782,44841201531.88,Belanja Barang,Pengadaan barang operasional,0
2023-09-27,ACC_POLRI_060_476,ACC_KEMENHAN_012_528,20318963976.76,Belanja Bantuan Sosial,Bantuan sosial kebencanaan,0
2023-01-19,ACC_PPATK_078_325,ACC_KEMENDIKBUD_023_908,20109409661.38,Belanja Subsidi,Subsidi pangan,0
2023-10-25,ACC_KEMENPAREKRAF_040_017,ACC_KEMENPERIN_019_623,19367210880.93,Belanja Subsidi,Subsidi energi,0
2023-08-25,ACC_KEMENHAN_012_766,ACC_KEMENESDM_020_528,4698520140.47,Belanja Subsidi,Subsidi energi,0
2023-02-11,ACC_KEMENAG_025_515,ACC_KEMENDIKBUD_023_919,4102721550.73,Belanja Barang,Penyewaan jasa kebersihan,0
2023-01-24,ACC_KEMENDIKBUD_023_787,ACC_KEMENHAN_012_075,24184436937.18,Belanja Barang,Belanja pemeliharaan rutin,0
2023-02-09,ACC_KEMENPAREKRAF_040_062,ACC_KEMENESDM_020_750,24077423936.53,Belanja Pegawai,Tunjangan kinerja triwulan,0
2023-03-23,ACC_KEMENDIKBUD_023_189,ACC_KEMENPAREKRAF_040_620,6467665316.99,Belanja Bantuan Sosial,Bansos tunai,0
2023-04-14,ACC_KEMENPAREKRAF_040_923,ACC_KEMENLU_011_646,5455681909.0,Belanja Pembayaran Bunga Utang,Pembayaran bunga SBN,0
2023-06-27,ACC_BRIN_124_012,ACC_KES_024_863,43323837658.42,Belanja Modal,Pembangunan/rehabilitasi gedung,0
2023-11-05,ACC_BPK_004_781,ACC_KEMENDAG_090_890,13991776341.94,Belanja Lain-lain,Belanja tak terduga,0
2023-02-27,ACC_BPK_004_004,ACC_ESDM_020_236,34150118438.73,Belanja Barang,Penyewaan jasa kebersihan,0
2023-02-05,ACC_KEMENPERIN_019_791,ACC_PPATK_078_749,3722721734.3,Belanja Barang,Pengadaan barang operasional,0
2023-01-18,ACC_KEMENESDM_020_548,ACC_KOMINFO_059_408,22638809757.4,Belanja Barang,Penyewaan jasa kebersihan,0
2023-03-05,ACC_KEMENPAREKRAF_040_574,ACC_KEMENKOPUKM_044_878,11029857432.11,Belanja Pembayaran Bunga Utang,Pembayaran bunga SBN,0
2023-07-20,ACC_PPATK_078_906,ACC_KEMENDIKBUD_023_949,16555660230.5,Belanja Bantuan Sosial,Bansos tunai,0
2023-09-27,ACC_PPATK_078_234,ACC_KOMINFO_059_624,8803316120.96,Belanja Pegawai,Honorarium kegiatan resmi,0
2023-09-02,ACC_BRIN_124_757,ACC_PUPR_033_980,14074264321.35,Belanja Pembayaran Bunga Utang,Pembayaran kupon SUN,0
2023-12-23,ACC_KEMENESDM_020_049,ACC_KEMENESDM_020_049,4881971397.39,Belanja Pembayaran Bunga Utang,Pembayaran imbal hasil obligasi,1
2023-03-18,ACC_KEMENDIKBUD_023_110,ACC_KES_024_817,27030174529.75,Belanja Pembayaran Bunga Utang,Pembayaran imbal hasil obligasi,0
2023-02-04,ACC_KEMENHUB_022_423,ACC_PPATK_078_394,12913433759.74,Belanja Pembayaran Bunga Utang,Subsidi pupuk,1
2023-05-04,ACC_PUPR_033_879,ACC_KEMENKOPUKM_044_032,55062745283.93,Belanja Subsidi,Subsidi pupuk,0
2023-11-06,ACC_KEMENDIKBUD_023_636,ACC_BPK_004_924,11499873409.56,Belanja Modal,Pengadaan peralatan dan mesin,0
2023-03-26,ACC_POLRI_060_368,ACC_PPATK_078_080,25181275425.93,Belanja Barang,Belanja ATK dan operasional kantor,0
2023-09-15,ACC_BPJS_NA_279,ACC_KEMENESDM_020_504,22897333499.97,Belanja Bantuan Sosial,Bansos tunai,0
2023-01-09,ACC_BPK_004_326,ACC_BPJS_NA_172,13876653856.17,Belanja Pembayaran Bunga Utang,Pembayaran kupon SUN,0
2023-11-25,ACC_PERT_018_524,ACC_PUPR_033_481,16900960863.55,Belanja Pembayaran Bunga Utang,Pembayaran imbal hasil obligasi,0
2023-09-29,ACC_KEMENHUB_022_690,ACC_POLRI_060_114,1921372862.72,Belanja Pegawai,Gaji pegawai bulan berjalan,0
2023-08-25,ACC_PPATK_078_310,ACC_KOMINFO_059_684,12383042864.71,Belanja Pembayaran Bunga Utang,Pembayaran bunga SBN,0
2023-11-12,ACC_ESDM_020_618,ACC_KEMENDIKBUD_023_638,20767414153.55,Belanja Barang,Penyewaan jasa kebersihan,0
2023-05-10,ACC_PUPR_033_991,ACC_KOMINFO_059_316,8571194012.04,Belanja Pembayaran Bunga Utang,Pembayaran bunga pinjaman luar negeri,0
2023-09-13,ACC_BPK_004_651,ACC_KEMENAG_025_718,18663002520.79,Belanja Pembayaran Bunga Utang,Pembayaran kupon SUN,0
2023-11-15,ACC_KEMENKOPUKM_044_903,ACC_SOS_027_463,11681167153.31,Belanja Pegawai,Pembayaran gaji ke-13,0
2023-10-13,ACC_PUPR_033_036,ACC_KEMENDAGRI_010_818,14260611765.1,Belanja Pegawai,Gaji pegawai bulan berjalan,0
2023-09-13,ACC_KOMINFO_059_178,ACC_KEMENPAREKRAF_040_548,11358986329.53,Belanja Pegawai,Gaji pegawai bulan berjalan,0
2023-07-26,ACC_KEMENKOPUKM_044_460,ACC_KES_024_984,52288258696.84,Belanja Barang,Belanja pemeliharaan rutin,0
2023-02-06,ACC_KOMINFO_059_971,ACC_SOS_027_120,5846125087.4,Belanja Pegawai,Pembayaran gaji ke-13,0
2023-06-20,ACC_KEMENAG_025_315,ACC_KOMINFO_059_307,22583070412.45,Belanja Pegawai,Pembayaran gaji ke-13,0
2023-05-23,ACC_KEMENPAREKRAF_040_520,ACC_KEMENDAG_090_606,12811141256.24,Belanja Pegawai,Pembayaran gaji ke-13,0
2023-01-02,ACC_KEU_015_946,ACC_KEMENAG_025_349,11583248766.46,Belanja Pembayaran Bunga Utang,Pembayaran kupon SUN,0
2023-01-12,ACC_SOS_027_852,ACC_PPATK_078_057,14295116477.9,Belanja Barang,Belanja pemeliharaan rutin,0
2023-01-10,ACC_KEMENESDM_020_915,ACC_KOMINFO_059_147,10070199680.47,Belanja Pegawai,Pembayaran gaji ke-13,0
2023-09-10,ACC_KEMENESDM_020_699,ACC_KEMENPERIN_019_940,7066308870.78,Belanja Lain-lain,Belanja operasi non-rutin,0
2023-12-19,ACC_KEU_015_624,ACC_POLRI_060_705,5422198876.53,Belanja Barang,Belanja pemeliharaan rutin,0
2023-11-19,ACC_KEMENPERIN_019_140,ACC_POLRI_060_861,8530987429.18,Belanja Pembayaran Bunga Utang,Pembayaran kupon SUN,0
2023-10-05,ACC_KEMENESDM_020_150,ACC_PERT_018_553,27107897662.55,Belanja Lain-lain,Cadangan risiko fiskal,0
2023-04-30,ACC_KEMENDIKBUD_023_237,ACC_KEMENPAREKRAF_040_270,29509005750.86,Belanja Modal,Pembangunan infrastruktur jalan,0
2023-12-18,ACC_KEMENDAG_090_827,ACC_KEMENESDM_020_824,6525749363.98,Belanja Barang,Penyewaan jasa kebersihan,0
2023-01-25,ACC_POLRI_060_685,ACC_KEMENHUB_022_737,6485128832.41,Belanja Pegawai,Tunjangan kinerja triwulan,0
2023-03-24,ACC_KEMENDAGRI_010_276,ACC_POLRI_060_370,10531366992.61,Belanja Modal,Pembangunan infrastruktur jalan,0
2023-09-18,ACC_KEMENDIKBUD_023_368,ACC_KEMENDAG_090_733,27262459994.05,Belanja Pembayaran Bunga Utang,Pembayaran kupon SUN,0
2023-06-25,ACC_SOS_027_004,ACC_PERT_018_846,15765754093.59,Belanja Pembayaran Bunga Utang,Pembayaran kupon SUN,0
2023-01-21,ACC_KEU_015_720,ACC_KEMENDAGRI_010_986,24436012570.63,Belanja Bantuan Sosial,Bantuan sosial kebencanaan,0
2023-04-27,ACC_KEMENPAREKRAF_040_179,ACC_PERT_018_246,53064443968.82,Belanja Pembayaran Bunga Utang,Pembayaran bunga pinjaman luar negeri,0
2023-03-19,ACC_KES_024_741,ACC_BPS_054_293,6770307156.42,Belanja Bantuan Sosial,Bantuan pangan nontunai,0
2023-01-09,ACC_SOS_027_397,ACC_KEMENKOPUKM_044_996,12054969521.19,Belanja Barang,Penyewaan jasa kebersihan,0
2023-06-07,ACC_KEMENESDM_020_543,ACC_BRIN_124_151,15630861460.12,Belanja Lain-lain,Belanja tak terduga,0
2023-05-04,ACC_KOMINFO_059_356,ACC_SOS_027_346,17108474439.24,Belanja Subsidi,Subsidi energi,0
2023-11-29,ACC_KOMINFO_059_017,ACC_KEMENDAG_090_424,13392014232.95,Belanja Modal,Pembangunan infrastruktur jalan,0
2023-07-26,ACC_KEMENDAG_090_557,ACC_KEMENDAGRI_010_421,16131355026.19,Belanja Modal,Pembangunan infrastruktur jalan,0
2023-11-27,ACC_KEMENPAREKRAF_040_457,ACC_SOS_027_483,28056732742.84,Belanja Pembayaran Bunga Utang,Pembayaran imbal hasil obligasi,0
2023-01-09,ACC_KEMENPERIN_019_746,ACC_KOMINFO_059_092,8759348049.5,Belanja Subsidi,Subsidi pupuk,0
2023-09-01,ACC_BRIN_124_845,ACC_ESDM_020_667,6392012875.51,Belanja Bantuan Sosial,Bantuan pangan nontunai,0
2023-04-05,ACC_PERT_018_253,ACC_KOMINFO_059_551,23361521874.23,Belanja Pegawai,Pembayaran THR,0
2023-02-23,ACC_PERT_018_928,ACC_PERT_018_928,10499991029.08,Belanja Barang,Belanja ATK dan operasional kantor,1
2023-09-06,ACC_KEMENDAGRI_010_564,ACC_KEMENDIKBUD_023_162,43313067608.75,Belanja Pembayaran Bunga Utang,Pembayaran kupon SUN,0
2023-02-06,ACC_KEMENESDM_020_846,ACC_KEMENPERIN_019_829,16003203690.9,Belanja Subsidi,Subsidi pangan,0
2023-05-01,ACC_PPATK_078_105,ACC_POLRI_060_156,11366860248.44,Belanja Modal,Pengadaan peralatan dan mesin,0
2023-12-30,ACC_POLRI_060_537,ACC_KEMENPAREKRAF_040_355,7146863738.66,Belanja Pegawai,Honorarium kegiatan resmi,1
2023-12-30,ACC_KEMENHAN_012_320,ACC_ESDM_020_757,18617224524.88,Belanja Pembayaran Bunga Utang,Pembayaran imbal hasil obligasi,1
2023-06-05,ACC_KEMENDAGRI_010_112,ACC_PPATK_078_635,18696824257.59,Belanja Barang,Penyewaan jasa kebersihan,0
2023-01-04,ACC_PPATK_078_129,ACC_KEMENDAGRI_010_026,24067267596.93,Belanja Pembayaran Bunga Utang,Pembayaran kupon SUN,0
2023-01-27,ACC_KEMENDAG_090_042,ACC_BPS_054_965,6764840099.06,Belanja Barang,Belanja internet dan komunikasi,0
2023-09-25,ACC_KEMENLU_011_826,ACC_BPS_054_095,6520837164.95,Belanja Pegawai,Gaji pegawai bulan berjalan,0
2023-12-30,ACC_KEMENLU_011_315,ACC_PUPR_033_117,4966957554.42,Belanja Barang,Belanja pemeliharaan rutin,0
2023-08-16,ACC_KEMENHAN_012_200,ACC_KEMENESDM_020_985,5597111642.67,Belanja Bantuan Sosial,Bansos tunai,0
2023-12-24,ACC_KEMENKOPUKM_044_740,ACC_POLRI_060_996,14468842247.57,Belanja Lain-lain,Belanja lainnya sesuai ketentuan,0
2023-06-02,ACC_BPJS_NA_579,ACC_KOMINFO_059_567,31002791262.37,Belanja Pembayaran Bunga Utang,Pembayaran bunga pinjaman luar negeri,0
2023-11-17,ACC_BRIN_124_331,ACC_BPJS_NA_898,14544341064.15,Belanja Bantuan Sosial,Bantuan pangan nontunai,0
2023-04-22,ACC_KEMENDAG_090_215,ACC_KEMENHAN_012_239,5283856503.5,Belanja Pegawai,Gaji pegawai bulan berjalan,0
2023-08-18,ACC_KEMENDAGRI_010_745,ACC_BPS_054_675,17696702908.59,Belanja Barang,Belanja pemeliharaan rutin,0
2023-07-16,ACC_KEMENDAGRI_010_634,ACC_KEMENHUB_022_413,13230992774.33,Belanja Pembayaran Bunga Utang,Pembayaran bunga pinjaman luar negeri,0
2023-02-23,ACC_KOMINFO_059_647,ACC_KEMENPERIN_019_339,4754408543.27,Belanja Barang,Belanja internet dan komunikasi,0
2023-03-03,ACC_KEMENKOPUKM_044_941,ACC_POLRI_060_196,17429823455.89,Belanja Modal,Pembayaran termin proyek resmi,0
2023-04-16,ACC_KES_024_295,ACC_BPK_004_645,38518100219.29,Belanja Barang,Belanja ATK dan operasional kantor,0
2023-08-14,ACC_KEMENDAGRI_010_797,ACC_PPATK_078_683,12129390039.64,Belanja Pegawai,Pembayaran THR,0
2023-03-18,ACC_PPATK_078_455,ACC_KEMENAG_025_202,13463451508.96,Belanja Pegawai,Pembayaran THR,0
2023-03-18,ACC_PUPR_033_543,ACC_BRIN_124_551,8521551049.74,Belanja Barang,Belanja pemeliharaan rutin,0
2023-08-02,ACC_BPJS_NA_638,ACC_KEMENPAREKRAF_040_165,40159930071.28,Belanja Barang,Belanja ATK dan operasional kantor,0
2023-09-23,ACC_POLRI_060_073,ACC_KEMENPERIN_019_881,9077688558.6,Belanja Pembayaran Bunga Utang,Pembayaran kupon SUN,0
2023-03-06,ACC_PUPR_033_961,ACC_SOS_027_357,12925237383.9,Belanja Subsidi,Pembayaran subsidi,0
2023-09-14,ACC_KEMENESDM_020_751,ACC_KEMENDAGRI_010_436,24326347402.09,Belanja Modal,Pembangunan/rehabilitasi gedung,0
2023-01-09,ACC_KEMENHUB_022_470,ACC_KEMENHAN_012_632,6359786261.55,Belanja Barang,Belanja pemeliharaan rutin,0
2023-01-03,ACC_KEMENDAG_090_130,ACC_SOS_027_566,25984428898.85,Belanja Pegawai,Pembayaran THR,0
2023-12-19,ACC_ESDM_020_224,ACC_PPATK_078_524,9383627139.18,Belanja Lain-lain,Belanja lainnya sesuai ketentuan,0
2023-05-24,ACC_KEMENDAGRI_010_949,ACC_PPATK_078_072,5692593596.54,Belanja Pegawai,Pembayaran THR,0
2023-12-14,ACC_ESDM_020_263,ACC_KEMENAG_025_271,21465739232.55,Belanja Pembayaran Bunga Utang,Pembayaran imbal hasil obligasi,0
2023-11-13,ACC_KEMENAG_025_121,ACC_KOMINFO_059_499,44732666857.05,Belanja Subsidi,Subsidi pupuk,0
2023-04-09,ACC_KES_024_706,ACC_KEMENKOPUKM_044_311,46716916013.99,Belanja Modal,Pengadaan peralatan dan mesin,0
2023-09-29,ACC_KEMENDAGRI_010_825,ACC_KEMENAG_025_996,3826037780.16,Belanja Bantuan Sosial,Bantuan sosial kebencanaan,0
2023-08-15,ACC_BRIN_124_793,ACC_POLRI_060_022,42549908234.96,Belanja Modal,Pembangunan infrastruktur jalan,0
2023-07-06,ACC_KEMENDIKBUD_023_143,ACC_KEMENDAG_090_850,26925948708.72,Belanja Pembayaran Bunga Utang,Pembayaran bunga SBN,0
2023-01-24,ACC_ESDM_020_141,ACC_KES_024_961,191723222538.86,Belanja Subsidi,Subsidi bunga kredit program,0
2023-12-24,ACC_KEMENHAN_012_171,ACC_KEMENKOPUKM_044_774,8572897989.08,Belanja Lain-lain,Belanja tak terduga,0
2023-01-14,ACC_PERT_018_542,ACC_KEMENDAGRI_010_110,66627710061.09,Belanja Barang,Belanja pemeliharaan rutin,0
2023-07-21,ACC_BPK_004_084,ACC_KEMENKOPUKM_044_956,19497250853.85,Belanja Barang,Penyewaan jasa kebersihan,0
2023-12-21,ACC_KEMENDAGRI_010_496,ACC_KOMINFO_059_256,10570486339.06,Belanja Subsidi,Subsidi bunga kredit program,0
2023-01-22,ACC_POLRI_060_690,ACC_KEMENPERIN_019_560,57061054241.98,Belanja Lain-lain,Belanja lainnya sesuai ketentuan,0
2023-11-25,ACC_ESDM_020_888,ACC_SOS_027_691,17046778652.98,Belanja Barang,Belanja pemeliharaan rutin,0
2023-06-28,ACC_BPS_054_421,ACC_KEMENLU_011_482,10348426912.04,Belanja Pegawai,Pembayaran THR,0
2023-11-11,ACC_PUPR_033_906,ACC_PUPR_033_906,10773181584.22,Belanja Barang,Pengadaan barang operasional,1
2023-04-08,ACC_KEMENDIKBUD_023_434,ACC_KEMENHAN_012_588,19044793468.9,Belanja Barang,Pengadaan barang operasional,0
2023-09-06,ACC_KEMENAG_025_852,ACC_BPS_054_134,2667879103.95,Belanja Bantuan Sosial,Transfer bantuan sosial,0
2023-04-09,ACC_KEMENDIKBUD_023_973,ACC_KEMENDAGRI_010_306,9272145296.37,Belanja Pembayaran Bunga Utang,Pembayaran kupon SUN,0
2023-11-23,ACC_KEMENDAG_090_569,ACC_KEMENAG_025_033,36476397837.83,Belanja Lain-lain,Cadangan risiko fiskal,0
2023-02-13,ACC_KEMENESDM_020_724,ACC_KES_024_352,24555055610.59,Belanja Lain-lain,Belanja lainnya sesuai ketentuan,0
2023-09-27,ACC_KEMENAG_025_196,ACC_KES_024_413,6404192722.64,Belanja Lain-lain,Belanja lainnya sesuai ketentuan,0
2023-05-17,ACC_KEMENHUB_022_539,ACC_PERT_018_689,15466738384.53,Belanja Modal,Pembangunan infrastruktur jalan,0
2023-11-02,ACC_KES_024_311,ACC_KEMENAG_025_388,24231501928.27,Belanja Pembayaran Bunga Utang,Pembayaran kupon SUN,0
2023-06-09,ACC_KEMENPERIN_019_429,ACC_KEMENESDM_020_880,15562160678.83,Belanja Pembayaran Bunga Utang,Pembayaran bunga pinjaman luar negeri,0
2023-11-08,ACC_KES_024_080,ACC_BRIN_124_014,27365000998.51,Belanja Modal,Pengadaan aset TIK,0
2023-02-27,ACC_POLRI_060_096,ACC_KEMENKOPUKM_044_533,55151846350.44,Belanja Subsidi,Subsidi pangan,0
2023-09-05,ACC_PPATK_078_127,ACC_ESDM_020_499,9766850064.94,Belanja Pegawai,Honorarium kegiatan resmi,0
2023-08-12,ACC_KES_024_316,ACC_PERT_018_612,29114262804.06,Belanja Modal,Pembangunan infrastruktur jalan,0
2023-12-30,ACC_KEMENDAGRI_010_620,ACC_KEMENKOPUKM_044_614,17292113438.71,Belanja Pegawai,Pembayaran gaji ke-13,1
2023-09-20,ACC_BPJS_NA_672,ACC_PPATK_078_765,24270551609.53,Belanja Subsidi,Subsidi pangan,0
2023-09-29,ACC_KEU_015_247,ACC_KEMENLU_011_361,35410566277.23,Belanja Pembayaran Bunga Utang,Pembayaran imbal hasil obligasi,0
2023-03-08,ACC_KEU_015_987,ACC_KEMENPERIN_019_558,16683064326.29,Belanja Lain-lain,Belanja operasi non-rutin,0
2023-08-17,ACC_KEU_015_951,ACC_BPK_004_813,49814935100.9,Belanja Modal,Pembangunan/rehabilitasi gedung,0
2023-09-21,ACC_BPS_054_113,ACC_ESDM_020_973,41761786303.89,Belanja Pegawai,Honorarium kegiatan resmi,0
2023-10-03,ACC_BPK_004_146,ACC_KEMENAG_025_357,18419988106.56,Belanja Modal,Pembangunan/rehabilitasi gedung,0
2023-09-17,ACC_KEMENHUB_022_071,ACC_KEMENKOPUKM_044_939,5206837427.13,Belanja Lain-lain,Belanja tak terduga,0
2023-04-10,ACC_KEMENAG_025_327,ACC_KEMENHAN_012_033,25024677733.79,Belanja Barang,Belanja internet dan komunikasi,0
2023-12-21,ACC_ESDM_020_834,ACC_KOMINFO_059_729,19840490644.45,Belanja Pegawai,Tunjangan kinerja triwulan,0
2023-03-21,ACC_KOMINFO_059_907,ACC_KEMENDAG_090_892,28994920367.1,Belanja Pegawai,Tunjangan kinerja triwulan,0
2023-02-04,ACC_SOS_027_861,ACC_KEU_015_119,11052866371.95,Belanja Pegawai,Pembayaran gaji ke-13,0
2023-09-16,ACC_KEMENPERIN_019_774,ACC_PUPR_033_855,12274685212.94,Belanja Subsidi,Subsidi energi,0
2023-01-05,ACC_KEMENHUB_022_686,ACC_KEMENHAN_012_139,27757589053.04,Belanja Modal,Pembayaran termin proyek resmi,0
2023-10-24,ACC_KEMENDAGRI_010_628,ACC_BPK_004_044,64063296979.61,Belanja Lain-lain,Belanja tak terduga,0
2023-09-15,ACC_KOMINFO_059_513,ACC_KOMINFO_059_513,4648577467.56,Belanja Pegawai,Tunjangan kinerja triwulan,1
2023-10-16,ACC_BPS_054_470,ACC_POLRI_060_972,19098538371.63,Belanja Lain-lain,Belanja tak terduga,0
2023-05-22,ACC_KOMINFO_059_346,ACC_KEMENHAN_012_302,26116554666.76,Belanja Barang,Pengadaan barang operasional,0
2023-02-24,ACC_ESDM_020_056,ACC_KEMENKOPUKM_044_374,17809113969.02,Belanja Subsidi,Pembayaran subsidi,0
2023-04-20,ACC_KEMENLU_011_582,ACC_KEU_015_796,26006420138.05,Belanja Modal,Pengadaan aset TIK,0
2023-10-23,ACC_PPATK_078_179,ACC_KOMINFO_059_925,8572229587.72,Belanja Pegawai,Pembayaran THR,0
2023-03-02,ACC_PUPR_033_183,ACC_KEMENKOPUKM_044_924,18033386512.11,Belanja Barang,Belanja pemeliharaan rutin,0
2023-01-09,ACC_KEMENLU_011_413,ACC_KOMINFO_059_718,12847106069.71,Belanja Barang,Belanja ATK dan operasional kantor,0
2023-02-03,ACC_KEMENLU_011_677,ACC_KEMENAG_025_945,10901390987.07,Belanja Pegawai,Gaji pegawai bulan berjalan,0
2023-10-16,ACC_KES_024_118,ACC_PERT_018_866,43559116553.46,Belanja Pembayaran Bunga Utang,Pembayaran bunga SBN,0
2023-08-22,ACC_PERT_018_913,ACC_KOMINFO_059_124,9454263600.04,Belanja Pembayaran Bunga Utang,Pembayaran bunga SBN,0
2023-12-23,ACC_KEMENPAREKRAF_040_463,ACC_PPATK_078_964,11690198092.52,Belanja Barang,Belanja internet dan komunikasi,0
2023-09-01,ACC_KEMENHAN_012_058,ACC_PPATK_078_965,27044851915.83,Belanja Barang,Penyewaan jasa kebersihan,0
2023-11-16,ACC_BPS_054_019,ACC_KOMINFO_059_357,22070797930.62,Belanja Barang,Belanja ATK dan operasional kantor,0
2023-06-04,ACC_KES_024_594,ACC_KEMENDIKBUD_023_600,18370032750.76,Belanja Pegawai,Honorarium kegiatan resmi,0
2023-09-29,ACC_KEMENPAREKRAF_040_526,ACC_POLRI_060_128,4979271946.79,Belanja Subsidi,Subsidi pupuk,0
2023-02-07,ACC_SOS_027_124,ACC_KEMENKOPUKM_044_360,27790877183.7,Belanja Barang,Pengadaan barang operasional,0
2023-09-10,ACC_KEU_015_774,ACC_KEMENLU_011_956,3873912178.6,Belanja Lain-lain,Belanja operasi non-rutin,0
2023-11-28,ACC_KEMENLU_011_697,ACC_SOS_027_064,5496651486.2,Belanja Subsidi,Subsidi bunga kredit program,0
2023-05-29,ACC_KEMENHAN_012_839,ACC_KEMENDAG_090_363,10555362838.28,Belanja Pegawai,Gaji pegawai bulan berjalan,0
2023-05-12,ACC_BPS_054_197,ACC_KEMENESDM_020_647,16653007820.4,Belanja Pegawai,Honorarium kegiatan resmi,0
2023-08-08,ACC_BPK_004_898,ACC_BPJS_NA_888,4894841746.53,Belanja Pegawai,Gaji pegawai bulan berjalan,0
2023-10-24,ACC_KEMENESDM_020_938,ACC_KEMENLU_011_331,9688880400.68,Belanja Pegawai,Pembayaran THR,0
2023-12-29,ACC_KEU_015_339,ACC_POLRI_060_748,12768410904.56,Belanja Lain-lain,Cadangan risiko fiskal,1
2023-03-01,ACC_PUPR_033_392,ACC_ESDM_020_812,17869772269.79,Belanja Barang,Belanja ATK dan operasional kantor,0
2023-07-31,ACC_PERT_018_667,ACC_KEMENAG_025_685,9404331882.26,Belanja Modal,Pembayaran termin proyek resmi,0
2023-05-21,ACC_ESDM_020_452,ACC_KEMENDIKBUD_023_852,6208093938.53,Belanja Barang,Belanja ATK dan operasional kantor,0
2023-06-02,ACC_ESDM_020_893,ACC_BPJS_NA_726,2118860087.22,Belanja Pegawai,Pembayaran THR,0
2023-12-11,ACC_PUPR_033_581,ACC_KEMENPERIN_019_597,40024769314.699295,Belanja Pembayaran Bunga Utang,Pembayaran bunga pinjaman luar negeri,1
2023-02-09,ACC_PPATK_078_981,ACC_BRIN_124_096,5081602841.35,Belanja Pegawai,Honorarium kegiatan resmi,0
2023-07-17,ACC_KEMENHAN_012_859,ACC_KEMENPERIN_019_106,10211267532.23,Belanja Barang,Belanja pemeliharaan rutin,0
2023-08-23,ACC_PERT_018_792,ACC_BPS_054_329,25459895989.59,Belanja Subsidi,Subsidi energi,0
2023-09-30,ACC_PERT_018_967,ACC_KEMENDIKBUD_023_396,11681078414.71,Belanja Barang,Belanja ATK dan operasional kantor,0
2023-09-02,ACC_PPATK_078_605,ACC_BRIN_124_621,25194993804.11,Belanja Modal,Pengadaan peralatan dan mesin,0
2023-02-24,ACC_KEMENHAN_012_539,ACC_SOS_027_835,21602712621.73,Belanja Pembayaran Bunga Utang,Pembayaran bunga pinjaman luar negeri,0
2023-01-02,ACC_KEU_015_580,ACC_KEMENPAREKRAF_040_914,11060818709.55,Belanja Barang,Belanja ATK dan operasional kantor,0
2023-03-24,ACC_KEMENDAG_090_042,ACC_KEMENLU_011_156,16337242687.84,Belanja Pembayaran Bunga Utang,Pembayaran imbal hasil obligasi,0
2023-04-17,ACC_POLRI_060_284,ACC_KEMENPERIN_019_188,6616048618.38,Belanja Pegawai,Honorarium kegiatan resmi,0
2023-04-20,ACC_KEU_015_073,ACC_KEMENDAGRI_010_928,31123161491.9,Belanja Pembayaran Bunga Utang,Pembayaran bunga SBN,0
2023-10-20,ACC_KEMENPAREKRAF_040_655,ACC_PUPR_033_937,9607411514.39,Belanja Pembayaran Bunga Utang,Pembayaran bunga pinjaman luar negeri,0
2023-05-29,ACC_BPS_054_060,ACC_PUPR_033_598,11891108719.24,Belanja Pembayaran Bunga Utang,Pembayaran kupon SUN,0
2023-07-01,ACC_KEMENPERIN_019_799,ACC_PPATK_078_785,9834027628.5,Belanja Pembayaran Bunga Utang,Pembayaran bunga pinjaman luar negeri,0
2023-09-23,ACC_PERT_018_283,ACC_SOS_027_397,25254398681.76,Belanja Pembayaran Bunga Utang,Pembayaran bunga SBN,0
2023-09-08,ACC_KEMENHAN_012_980,ACC_BPK_004_700,28132105528.56,Belanja Modal,Pembayaran termin proyek resmi,0
2023-11-23,ACC_BPS_054_605,ACC_KES_024_655,129241087226.51,Belanja Subsidi,Pembayaran subsidi,0
2023-05-12,ACC_KEMENPAREKRAF_040_472,ACC_KEMENKOPUKM_044_779,6150051095.81,Belanja Lain-lain,Belanja operasi non-rutin,0
2023-02-03,ACC_KEMENHUB_022_926,ACC_KEMENKOPUKM_044_403,11168780607.15,Belanja Pegawai,Tunjangan kinerja triwulan,0
2023-10-27,ACC_KEMENPERIN_019_351,ACC_KEMENESDM_020_187,8202347583.83,Belanja Modal,Subsidi pupuk,1
2023-11-23,ACC_KEMENDAG_090_212,ACC_KEMENPAREKRAF_040_309,48773467034.13,Belanja Modal,Pengadaan aset TIK,0
2023-08-16,ACC_POLRI_060_531,ACC_ESDM_020_834,6109166037.48,Belanja Modal,Pembangunan/rehabilitasi gedung,0
2023-09-14,ACC_BRIN_124_618,ACC_KEMENHUB_022_988,7075343940.42,Belanja Pegawai,Honorarium kegiatan resmi,0
2023-09-28,ACC_KEMENPERIN_019_121,ACC_BRIN_124_407,6686449568.21,Belanja Pegawai,Gaji pegawai bulan berjalan,0
2023-05-17,ACC_KEMENPAREKRAF_040_194,ACC_PPATK_078_706,19202331033.64,Belanja Modal,Pembangunan infrastruktur jalan,0
2023-03-13,ACC_KOMINFO_059_354,ACC_ESDM_020_930,7878542814.52,Belanja Pembayaran Bunga Utang,Pembayaran bunga pinjaman luar negeri,0
2023-02-21,ACC_KEMENDIKBUD_023_809,ACC_ESDM_020_692,6351253109.28,Belanja Pegawai,Tunjangan kinerja triwulan,0
2023-06-04,ACC_BPK_004_633,ACC_BRIN_124_051,49455863619.65,Belanja Bantuan Sosial,Transfer bantuan sosial,0
2023-01-12,ACC_PPATK_078_355,ACC_SOS_027_045,17291179338.7,Belanja Barang,Belanja pemeliharaan rutin,0
2023-08-07,ACC_KEMENDAG_090_840,ACC_KEMENPERIN_019_431,24369846980.97,Belanja Barang,Pengadaan barang operasional,0
2023-09-27,ACC_BPK_004_335,ACC_POLRI_060_585,24162523017.53,Belanja Barang,Belanja ATK dan operasional kantor,0
2023-07-18,ACC_PPATK_078_076,ACC_BRIN_124_787,25525599096.46,Belanja Subsidi,Subsidi bunga kredit program,0
2023-03-26,ACC_KEMENDAGRI_010_162,ACC_BPJS_NA_397,12757406435.32,Belanja Pembayaran Bunga Utang,Pembayaran kupon SUN,0
2023-02-20,ACC_BRIN_124_215,ACC_BRIN_124_215,11608530143.08,Belanja Barang,Belanja internet dan komunikasi,1
2023-08-28,ACC_KEMENDIKBUD_023_349,ACC_KEMENAG_025_580,90222330226.88,Belanja Subsidi,Subsidi bunga kredit program,0
2023-05-22,ACC_ESDM_020_923,ACC_KEMENDAGRI_010_041,3149907221.52,Belanja Lain-lain,Belanja operasi non-rutin,0
2023-01-18,ACC_KEMENHAN_012_494,ACC_BRIN_124_751,14009075715.74,Belanja Barang,Belanja ATK dan operasional kantor,0
2023-03-15,ACC_KEMENAG_025_888,ACC_PPATK_078_332,35875459613.01,Belanja Subsidi,Pembayaran subsidi,0
2023-07-25,ACC_PPATK_078_869,ACC_KEMENLU_011_521,15956129273.78,Belanja Pegawai,Gaji pegawai bulan berjalan,0
2023-12-12,ACC_KOMINFO_059_304,ACC_PERT_018_115,56694788968.49,Belanja Pembayaran Bunga Utang,Pembayaran bunga SBN,0
2023-04-24,ACC_ESDM_020_786,ACC_KEMENESDM_020_976,12639130041.45,Belanja Pegawai,Gaji pegawai bulan berjalan,0
2023-01-02,ACC_BPK_004_078,ACC_PERT_018_324,21933592295.95,Belanja Pembayaran Bunga Utang,Pembayaran kupon SUN,0
2023-10-24,ACC_KEMENDAGRI_010_967,ACC_KEU_015_371,14629196706.07,Belanja Modal,Pembangunan infrastruktur jalan,0
2023-03-28,ACC_KEMENPAREKRAF_040_971,ACC_KEMENHAN_012_022,48187982311.04,Belanja Modal,Pengadaan peralatan dan mesin,0
2023-10-05,ACC_KEMENESDM_020_651,ACC_KEMENAG_025_853,7589083801.82,Belanja Pegawai,Pembayaran THR,0
2023-08-21,ACC_KEMENKOPUKM_044_592,ACC_KOMINFO_059_426,13516358164.15,Belanja Pembayaran Bunga Utang,Pembayaran kupon SUN,0
2023-11-29,ACC_KEMENPERIN_019_454,ACC_POLRI_060_388,4332260615.95,Belanja Pegawai,Pembayaran gaji ke-13,0
2023-05-05,ACC_KEMENKOPUKM_044_523,ACC_SOS_027_482,5892410768.7,Belanja Pegawai,Honorarium kegiatan resmi,0
2023-05-19,ACC_KEMENESDM_020_012,ACC_KEMENDIKBUD_023_125,18753844890.44,Belanja Pembayaran Bunga Utang,Pembayaran imbal hasil obligasi,0
2023-03-18,ACC_KEMENDAGRI_010_580,ACC_PERT_018_718,162957512925.23,Belanja Subsidi,Subsidi bunga kredit program,0
2023-12-31,ACC_KEMENDAGRI_010_461,ACC_KEMENPAREKRAF_040_277,24077169732.52,Belanja Pembayaran Bunga Utang,Pembayaran kupon SUN,1
2023-08-13,ACC_BRIN_124_925,ACC_SOS_027_101,63448842019.34,Belanja Pembayaran Bunga Utang,Pembayaran imbal hasil obligasi,0
2023-08-06,ACC_KEMENDIKBUD_023_745,ACC_POLRI_060_376,17004277751.8,Belanja Lain-lain,Belanja lainnya sesuai ketentuan,0
2023-03-24,ACC_KEMENHAN_012_431,ACC_BPS_054_625,33874962257.27,Belanja Modal,Pembayaran termin proyek resmi,0
2023-05-04,ACC_KEMENHUB_022_141,ACC_ESDM_020_720,7330822531.5,Belanja Barang,Pengadaan barang operasional,0
2023-10-15,ACC_BPK_004_355,ACC_KEMENKOPUKM_044_343,12723148311.09,Belanja Pembayaran Bunga Utang,Pembayaran bunga SBN,0
2023-02-18,ACC_SOS_027_800,ACC_KEMENHUB_022_331,8993029036.46,Belanja Barang,Penyewaan jasa kebersihan,0
2023-07-07,ACC_ESDM_020_509,ACC_KEMENHAN_012_580,7698726699.74,Belanja Pegawai,Honorarium kegiatan resmi,0
2023-03-15,ACC_KEMENKOPUKM_044_251,ACC_BPS_054_450,18236954836.3,Belanja Pegawai,Pembayaran gaji ke-13,0
2023-01-21,ACC_KES_024_296,ACC_KEMENDIKBUD_023_298,24732804649.88,Belanja Subsidi,Subsidi energi,0
2023-02-10,ACC_KEMENLU_011_094,ACC_KEMENDIKBUD_023_132,20717506336.19,Belanja Barang,Belanja ATK dan operasional kantor,0
2023-02-22,ACC_ESDM_020_496,ACC_BRIN_124_229,9230062437.4,Belanja Barang,Belanja ATK dan operasional kantor,0
2023-12-07,ACC_KEU_015_671,ACC_KOMINFO_059_864,45656030114.95,Belanja Modal,Pembangunan/rehabilitasi gedung,0
2023-07-24,ACC_KEMENDIKBUD_023_189,ACC_KEMENPERIN_019_663,29919232343.13,Belanja Modal,Pengadaan peralatan dan mesin,0
2023-04-03,ACC_KEMENAG_025_262,ACC_KEMENDIKBUD_023_549,11733668505.69,Belanja Pembayaran Bunga Utang,Pembayaran bunga SBN,0
2023-06-23,ACC_KEMENHUB_022_317,ACC_KEMENHAN_012_937,10633550402.39,Belanja Pembayaran Bunga Utang,Pembayaran bunga pinjaman luar negeri,0
2023-09-27,ACC_BPJS_NA_871,ACC_KEMENDIKBUD_023_068,7114691958.44,Belanja Barang,Belanja ATK dan operasional kantor,0
2023-11-05,ACC_KEMENHAN_012_737,ACC_PERT_018_164,10863423551.58,Belanja Pembayaran Bunga Utang,Pembayaran bunga SBN,0
2023-06-21,ACC_BRIN_124_358,ACC_PERT_018_013,34983274804.82,Belanja Pembayaran Bunga Utang,Pembayaran bunga pinjaman luar negeri,0
2023-08-20,ACC_BPJS_NA_476,ACC_ESDM_020_471,25185839894.83,Belanja Subsidi,Subsidi pupuk,0
2023-03-31,ACC_KEMENPERIN_019_359,ACC_BPS_054_255,6784709398.39,Belanja Pegawai,Tunjangan kinerja triwulan,0
2023-10-07,ACC_POLRI_060_117,ACC_PUPR_033_610,31402243771.45,Belanja Lain-lain,Belanja operasi non-rutin,0
2023-10-24,ACC_KEMENDAG_090_594,ACC_KEMENLU_011_358,11125813482.14,Belanja Barang,Belanja internet dan komunikasi,0
2023-07-04,ACC_BPS_054_426,ACC_KEMENPAREKRAF_040_764,3054468087.83,Belanja Lain-lain,Belanja operasi non-rutin,0
2023-02-26,ACC_KEMENDAGRI_010_083,ACC_ESDM_020_330,6910976140.18,Belanja Pegawai,Honorarium kegiatan resmi,0
2023-03-27,ACC_KEU_015_457,ACC_KES_024_353,3543983593.04,Belanja Lain-lain,Cadangan risiko fiskal,0
2023-10-22,ACC_BPJS_NA_198,ACC_KEMENHUB_022_079,38144928004.07,Belanja Subsidi,Subsidi bunga kredit program,0
2023-11-04,ACC_KOMINFO_059_214,ACC_PPATK_078_643,26359963182.05,Belanja Subsidi,Subsidi pupuk,0
2023-11-18,ACC_KEMENPERIN_019_739,ACC_KES_024_557,37825884419.51,Belanja Pembayaran Bunga Utang,Pembayaran bunga SBN,0
2023-12-05,ACC_BPS_054_242,ACC_ESDM_020_741,14831711248.11,Belanja Modal,Pengadaan peralatan dan mesin,0
2023-08-21,ACC_KEMENPAREKRAF_040_869,ACC_PERT_018_804,11899964783.26,Belanja Pegawai,Tunjangan kinerja triwulan,0
2023-09-07,ACC_KEMENLU_011_077,ACC_PERT_018_489,11854078345.78,Belanja Pegawai,Pembayaran THR,0
2023-03-13,ACC_KEMENLU_011_202,ACC_KEMENAG_025_929,16030559715.39,Belanja Bantuan Sosial,Bansos tunai,0
2023-08-09,ACC_BPK_004_157,ACC_KEMENHAN_012_181,37160359394.39,Belanja Lain-lain,Belanja lainnya sesuai ketentuan,0
2023-12-31,ACC_BPK_004_270,ACC_POLRI_060_421,14612781483.08,Belanja Lain-lain,Belanja tak terduga,0
2023-01-24,ACC_KEMENLU_011_497,ACC_SOS_027_193,17182687483.38,Belanja Lain-lain,Belanja tak terduga,0
2023-02-10,ACC_KOMINFO_059_543,ACC_KEMENKOPUKM_044_036,44684594771.62,Belanja Subsidi,Subsidi energi,0
2023-09-10,ACC_BRIN_124_950,ACC_POLRI_060_877,27659676714.88,Belanja Barang,Penyewaan jasa kebersihan,0
2023-07-05,ACC_KEU_015_474,ACC_KEMENESDM_020_061,20333256391.06,Belanja Subsidi,Pembayaran subsidi,0
2023-04-21,ACC_KEMENDIKBUD_023_829,ACC_KEMENDAG_090_942,5978164718.62,Belanja Subsidi,Subsidi pupuk,0
2023-03-07,ACC_SOS_027_510,ACC_KEMENESDM_020_912,31358176635.86,Belanja Bantuan Sosial,Bantuan sosial kebencanaan,0
2023-06-25,ACC_KEMENPAREKRAF_040_123,ACC_BPK_004_231,18045047222.49,Belanja Barang,Belanja pemeliharaan rutin,0
2023-09-07,ACC_KEMENDAG_090_656,ACC_SOS_027_487,44736266061.52,Belanja Subsidi,Pembayaran kupon SUN,1
2023-11-29,ACC_PPATK_078_453,ACC_KEMENPERIN_019_158,8836623229.01,Belanja Pegawai,Pembayaran THR,0
2023-08-26,ACC_ESDM_020_153,ACC_KES_024_606,24265368611.02,Belanja Subsidi,Subsidi bunga kredit program,0
2023-04-25,ACC_POLRI_060_808,ACC_PUPR_033_731,2089309026.04,Belanja Bantuan Sosial,Bantuan program keluarga harapan,0
2023-07-25,ACC_POLRI_060_731,ACC_SOS_027_195,18957893648.31,Belanja Barang,Belanja pemeliharaan rutin,0
2023-12-11,ACC_BPS_054_082,ACC_KEMENAG_025_001,11133608537.96,Belanja Pembayaran Bunga Utang,Pembayaran bunga pinjaman luar negeri,0
2023-09-30,ACC_BPJS_NA_669,ACC_KEMENPAREKRAF_040_373,62989255894.82,Belanja Subsidi,Subsidi bunga kredit program,0
2023-07-20,ACC_BPK_004_192,ACC_KEMENDIKBUD_023_341,23893640962.56,Belanja Barang,Pengadaan barang operasional,0
2023-03-02,ACC_KES_024_988,ACC_PPATK_078_969,10106312590.7,Belanja Barang,Belanja internet dan komunikasi,0
2023-11-29,ACC_KEMENPERIN_019_866,ACC_KEMENHAN_012_083,33752563058.62,Belanja Lain-lain,Belanja tak terduga,0
2023-03-29,ACC_BRIN_124_721,ACC_KEMENPAREKRAF_040_692,7935567041.04,Belanja Modal,Pengadaan aset TIK,0
2023-03-06,ACC_BPS_054_380,ACC_PUPR_033_021,9981200300.48,Belanja Modal,Pembayaran termin proyek resmi,0
2023-02-05,ACC_POLRI_060_250,ACC_PPATK_078_661,24968709153.61,Belanja Pembayaran Bunga Utang,Pembayaran imbal hasil obligasi,0
2023-04-01,ACC_POLRI_060_176,ACC_KEMENESDM_020_126,20197945346.61,Belanja Pembayaran Bunga Utang,Pembayaran imbal hasil obligasi,0
2023-02-13,ACC_BPS_054_734,ACC_BRIN_124_941,29453776348.19,Belanja Pembayaran Bunga Utang,Pembayaran imbal hasil obligasi,0
2023-06-17,ACC_KEMENHAN_012_435,ACC_KES_024_030,27185953440.99,Belanja Barang,Pengadaan barang operasional,0
2023-09-05,ACC_SOS_027_696,ACC_BPJS_NA_253,3798851209.66,Belanja Pegawai,Pembayaran THR,0
2023-07-28,ACC_BPK_004_866,ACC_KEMENAG_025_382,12903617816.0,Belanja Subsidi,Subsidi pangan,0
2023-05-03,ACC_BPK_004_294,ACC_BPK_004_294,7843929581.95,Belanja Modal,Pengadaan aset TIK,1
2023-06-18,ACC_BRIN_124_057,ACC_POLRI_060_042,9143687258.82,Belanja Pegawai,Gaji pegawai bulan berjalan,0
2023-11-28,ACC_BPJS_NA_456,ACC_KEMENPAREKRAF_040_437,14390390678.85,Belanja Modal,Pembangunan infrastruktur jalan,0
2023-12-03,ACC_KEMENPERIN_019_182,ACC_KEMENAG_025_677,8017897899.04,Belanja Pegawai,Pembayaran THR,0
2023-09-08,ACC_KEMENPERIN_019_138,ACC_KEMENDIKBUD_023_218,23737284452.41,Belanja Subsidi,Subsidi pangan,0
2023-12-03,ACC_PUPR_033_087,ACC_KEMENPERIN_019_810,9746470421.38,Belanja Bantuan Sosial,Transfer bantuan sosial,0
2023-11-11,ACC_KEMENAG_025_664,ACC_KEMENESDM_020_156,14912915843.57,Belanja Modal,Pembayaran termin proyek resmi,0
2023-06-10,ACC_KEMENAG_025_386,ACC_SOS_027_485,15675231028.82,Belanja Subsidi,Pembayaran subsidi,0
2023-10-11,ACC_BPK_004_562,ACC_KEMENHAN_012_035,21649993754.9,Belanja Pegawai,Pembayaran gaji ke-13,0
2023-07-10,ACC_BRIN_124_388,ACC_BPJS_NA_696,15998839779.66,Belanja Pembayaran Bunga Utang,Pembayaran kupon SUN,0
2023-02-27,ACC_KEMENLU_011_039,ACC_BPJS_NA_505,26514690990.74,Belanja Bantuan Sosial,Transfer bantuan sosial,0
2023-01-25,ACC_KEMENHAN_012_316,ACC_KEMENESDM_020_496,21727767710.49,Belanja Barang,Belanja pemeliharaan rutin,0
2023-12-06,ACC_KEMENKOPUKM_044_740,ACC_KEMENAG_025_997,13435140061.03,Belanja Pembayaran Bunga Utang,Pembayaran bunga SBN,0
2023-04-21,ACC_KEMENLU_011_753,ACC_KEMENESDM_020_736,4684422105.91,Belanja Barang,Belanja pemeliharaan rutin,0
2023-10-06,ACC_BRIN_124_647,ACC_KEU_015_209,7290794158.86,Belanja Barang,Belanja ATK dan operasional kantor,0
2023-01-07,ACC_KEMENAG_025_222,ACC_PERT_018_077,29996700142.71,Belanja Modal,Pembayaran termin proyek resmi,0
2023-10-02,ACC_KEMENESDM_020_863,ACC_KEMENDAGRI_010_807,16272460926.07,Belanja Pembayaran Bunga Utang,Pembayaran bunga SBN,0
2023-09-28,ACC_KEMENDAG_090_447,ACC_BPS_054_157,9306232095.21,Belanja Modal,Pembayaran termin proyek resmi,0
2023-04-14,ACC_PPATK_078_300,ACC_KEMENKOPUKM_044_747,7917468950.46,Belanja Pembayaran Bunga Utang,Pembayaran imbal hasil obligasi,0
2023-10-01,ACC_KEMENHAN_012_261,ACC_BRIN_124_239,12832331314.34,Belanja Pegawai,Honorarium kegiatan resmi,0
2023-03-14,ACC_KEMENHAN_012_874,ACC_BPK_004_406,23429324759.75,Belanja Pembayaran Bunga Utang,Pembayaran imbal hasil obligasi,0
2023-09-17,ACC_KEMENKOPUKM_044_946,ACC_PUPR_033_259,7600991174.43,Belanja Pembayaran Bunga Utang,Pembayaran imbal hasil obligasi,0
2023-12-23,ACC_KEMENKOPUKM_044_154,ACC_BPJS_NA_900,18151436755.29,Belanja Bantuan Sosial,Bantuan pangan nontunai,0
2023-01-28,ACC_PERT_018_130,ACC_KOMINFO_059_066,22118600228.75,Belanja Bantuan Sosial,Bantuan sosial kebencanaan,0
2023-10-04,ACC_KEMENHUB_022_615,ACC_KEMENESDM_020_409,24997268284.98,Belanja Modal,Pembangunan/rehabilitasi gedung,0
2023-09-06,ACC_PPATK_078_945,ACC_KEMENLU_011_461,2787602028.68,Belanja Pegawai,Honorarium kegiatan resmi,0
2023-09-03,ACC_PERT_018_058,ACC_KEMENPAREKRAF_040_105,6271119955.74,Belanja Barang,Pengadaan barang operasional,0
2023-03-10,ACC_KEMENDAGRI_010_993,ACC_KEMENHAN_012_302,18718790045.49,Belanja Pembayaran Bunga Utang,Pembayaran bunga pinjaman luar negeri,0
2023-12-10,ACC_KEMENDAGRI_010_931,ACC_KEMENDAG_090_285,33473669181.69,Belanja Bantuan Sosial,Transfer bantuan sosial,0
2023-10-07,ACC_PPATK_078_787,ACC_KES_024_686,33440097734.86,Belanja Subsidi,Subsidi pangan,0
2023-11-08,ACC_KEMENDAGRI_010_646,ACC_KEMENPERIN_019_032,7797848295.89,Belanja Pembayaran Bunga Utang,Pembayaran kupon SUN,0
2023-09-12,ACC_KEMENESDM_020_945,ACC_PERT_018_735,24566407004.53,Belanja Pembayaran Bunga Utang,Pembayaran kupon SUN,0
2023-04-11,ACC_KOMINFO_059_467,ACC_POLRI_060_846,5506521521.22,Belanja Lain-lain,Belanja operasi non-rutin,0
2023-09-24,ACC_KEMENHAN_012_795,ACC_KEMENDAGRI_010_002,3532177680.89,Belanja Lain-lain,Belanja operasi non-rutin,0
2023-01-14,ACC_KEMENHAN_012_519,ACC_PERT_018_847,52805766575.59,Belanja Modal,Pengadaan peralatan dan mesin,0
2023-04-14,ACC_KEMENDAGRI_010_962,ACC_KEU_015_403,63587897517.97,Belanja Pembayaran Bunga Utang,Pembayaran bunga SBN,0
2023-11-10,ACC_KOMINFO_059_312,ACC_KEMENAG_025_437,6812680683.84,Belanja Lain-lain,Cadangan risiko fiskal,0
2023-02-12,ACC_KEMENDIKBUD_023_074,ACC_BPJS_NA_754,24889024430.22,Belanja Pembayaran Bunga Utang,Pembayaran imbal hasil obligasi,0
2023-12-16,ACC_KEMENHUB_022_144,ACC_PERT_018_329,14997677379.85,Belanja Bantuan Sosial,Bantuan program keluarga harapan,0
2023-07-07,ACC_KEMENPERIN_019_114,ACC_BPJS_NA_175,23666399945.12,Belanja Pembayaran Bunga Utang,Pembayaran bunga SBN,0
2023-06-10,ACC_KOMINFO_059_036,ACC_KES_024_381,4331962763.02,Belanja Pembayaran Bunga Utang,Pembayaran bunga SBN,0
2023-07-15,ACC_BPJS_NA_663,ACC_KEMENPERIN_019_456,35325291643.53,Belanja Modal,Pengadaan aset TIK,0
2023-08-10,ACC_POLRI_060_281,ACC_ESDM_020_225,24842160000.84,Belanja Bantuan Sosial,Bantuan pangan nontunai,0
2023-10-07,ACC_KEMENHUB_022_353,ACC_KEMENHAN_012_039,4079743338.77,Belanja Pegawai,Pembayaran THR,0
2023-07-17,ACC_ESDM_020_276,ACC_KEMENLU_011_172,22527339202.26,Belanja Pembayaran Bunga Utang,Pembayaran bunga SBN,0
2023-09-28,ACC_PPATK_078_935,ACC_KEMENDAG_090_554,9783765467.86,Belanja Barang,Belanja internet dan komunikasi,0
2023-08-10,ACC_KEMENAG_025_397,ACC_KES_024_566,74588561549.32,Belanja Subsidi,Subsidi bunga kredit program,0
2023-02-11,ACC_BPK_004_605,ACC_KEMENKOPUKM_044_260,6631503250.87,Belanja Pegawai,Gaji pegawai bulan berjalan,0
2023-10-23,ACC_BPK_004_348,ACC_KEMENHUB_022_429,30850368542.43,Belanja Subsidi,Subsidi energi,0
2023-02-04,ACC_BRIN_124_940,ACC_POLRI_060_402,158004173470.50845,Belanja Modal,Pembayaran termin proyek resmi,1
2023-03-28,ACC_KEMENPAREKRAF_040_515,ACC_BPK_004_165,11625228139.83,Belanja Modal,Pengadaan peralatan dan mesin,0
2023-10-24,ACC_BPK_004_916,ACC_KEMENKOPUKM_044_451,32469960212.27,Belanja Modal,Pengadaan peralatan dan mesin,0
2023-01-25,ACC_ESDM_020_551,ACC_KEU_015_421,125042127043.18,Belanja Subsidi,Subsidi bunga kredit program,0
2023-01-05,ACC_BPK_004_648,ACC_KEU_015_004,13809702327.94,Belanja Modal,Pembangunan infrastruktur jalan,0
2023-05-30,ACC_KEMENPAREKRAF_040_705,ACC_KEMENKOPUKM_044_139,17560210389.82,Belanja Pembayaran Bunga Utang,Pembayaran kupon SUN,0
2023-05-07,ACC_KEMENHUB_022_349,ACC_KEMENAG_025_743,17709888093.43,Belanja Barang,Belanja ATK dan operasional kantor,0
2023-07-19,ACC_BPS_054_846,ACC_PERT_018_079,13945238191.57,Belanja Pembayaran Bunga Utang,Pembayaran kupon SUN,0
2023-03-27,ACC_KEMENESDM_020_485,ACC_KEMENAG_025_271,16246976191.36,Belanja Modal,Pengadaan aset TIK,0
2023-12-06,ACC_PPATK_078_753,ACC_POLRI_060_704,7588277112.74,Belanja Barang,Penyewaan jasa kebersihan,0
2023-10-24,ACC_POLRI_060_627,ACC_BPS_054_901,9776756841.19,Belanja Lain-lain,Subsidi energi,1
2023-05-25,ACC_KEMENHAN_012_149,ACC_BPK_004_693,19985461449.99,Belanja Barang,Penyewaan jasa kebersihan,0
2023-12-29,ACC_KEMENHUB_022_650,ACC_KEMENHAN_012_209,26120305568.96,Belanja Pembayaran Bunga Utang,Pembayaran bunga SBN,0
2023-10-23,ACC_BPJS_NA_178,ACC_ESDM_020_766,39367944689.44,Belanja Pembayaran Bunga Utang,Pembayaran imbal hasil obligasi,0
2023-12-30,ACC_BPJS_NA_671,ACC_BPK_004_836,5353597869.67,Belanja Pembayaran Bunga Utang,Pembayaran bunga pinjaman luar negeri,0
2023-05-29,ACC_SOS_027_269,ACC_KEMENDIKBUD_023_701,13802525084.65,Belanja Modal,Pengadaan aset TIK,0
2023-04-15,ACC_KEMENHUB_022_466,ACC_KEMENDAGRI_010_764,50873454290.65,Belanja Barang,Pengadaan barang operasional,0
2023-04-11,ACC_KEMENPERIN_019_794,ACC_BPK_004_900,9638352468.21,Belanja Pegawai,Honorarium kegiatan resmi,0
2023-07-22,ACC_BPJS_NA_612,ACC_KEMENESDM_020_281,13937519486.07,Belanja Barang,Belanja internet dan komunikasi,0
2023-12-28,ACC_BPK_004_662,ACC_KEMENKOPUKM_044_351,23041071421.81,Belanja Lain-lain,Cadangan risiko fiskal,0
2023-07-06,ACC_KEMENAG_025_580,ACC_PUPR_033_915,18826089221.9,Belanja Pembayaran Bunga Utang,Pembayaran kupon SUN,0
2023-08-01,ACC_KEMENPERIN_019_406,ACC_KEMENKOPUKM_044_818,7146053650.73,Belanja Modal,Pengadaan aset TIK,0
2023-08-07,ACC_KEMENAG_025_421,ACC_BPS_054_319,9945528910.75,Belanja Lain-lain,Belanja lainnya sesuai ketentuan,0
2023-12-30,ACC_PERT_018_895,ACC_KEU_015_917,7291768250.51,Belanja Bantuan Sosial,Bantuan sosial kebencanaan,1
2023-02-05,ACC_KEMENKOPUKM_044_227,ACC_KEMENHUB_022_151,19787232536.54,Belanja Pegawai,Gaji pegawai bulan berjalan,0
2023-08-19,ACC_KEMENHAN_012_539,ACC_KEMENPAREKRAF_040_701,70877159768.04,Belanja Subsidi,Subsidi energi,0
2023-11-04,ACC_KES_024_587,ACC_BRIN_124_604,9447338130.48,Belanja Pembayaran Bunga Utang,Pembayaran imbal hasil obligasi,0
2023-07-21,ACC_KES_024_237,ACC_PPATK_078_599,6908943132.71,Belanja Pegawai,Honorarium kegiatan resmi,0
2023-12-05,ACC_KEMENAG_025_399,ACC_POLRI_060_439,49499206138.39,Belanja Modal,Pembayaran termin proyek resmi,0
2023-03-14,ACC_BPJS_NA_422,ACC_KEMENPERIN_019_643,9909966515.51,Belanja Pembayaran Bunga Utang,Pembayaran kupon SUN,0
2023-01-18,ACC_BPS_054_471,ACC_BPJS_NA_638,15905998548.31,Belanja Pegawai,Tunjangan kinerja triwulan,0
2023-12-27,ACC_KEMENLU_011_976,ACC_KOMINFO_059_614,4709924200.46,Belanja Subsidi,Subsidi pangan,0
2023-11-12,ACC_KEMENDAG_090_102,ACC_KEMENHUB_022_493,5296512456.5,Belanja Barang,Penyewaan jasa kebersihan,0
2023-06-16,ACC_KEMENDAGRI_010_140,ACC_BPK_004_094,16955739122.72,Belanja Subsidi,Subsidi pupuk,0
2023-01-04,ACC_KEMENDIKBUD_023_606,ACC_BPS_054_389,12342219515.93,Belanja Lain-lain,Belanja tak terduga,0
2023-03-22,ACC_KEMENHUB_022_512,ACC_BRIN_124_686,3862900887.73,Belanja Pegawai,Pembayaran gaji ke-13,0
2023-02-21,ACC_KEMENDAGRI_010_290,ACC_KEU_015_446,39851341200.71,Belanja Modal,Pembangunan infrastruktur jalan,0
2023-09-11,ACC_PUPR_033_937,ACC_BPJS_NA_925,19559498094.76,Belanja Pegawai,Honorarium kegiatan resmi,0
2023-02-25,ACC_KEMENAG_025_526,ACC_SOS_027_690,25574108278.93,Belanja Pegawai,Gaji pegawai bulan berjalan,0
2023-09-25,ACC_KEMENPERIN_019_883,ACC_KES_024_362,18432768743.11,Belanja Modal,Pembangunan infrastruktur jalan,0
2023-07-23,ACC_BPS_054_981,ACC_PPATK_078_259,8706788309.49,Belanja Pembayaran Bunga Utang,Pembayaran bunga pinjaman luar negeri,0
2023-04-23,ACC_PPATK_078_110,ACC_KOMINFO_059_655,23794218790.54,Belanja Modal,Pengadaan peralatan dan mesin,0
2023-05-25,ACC_KEMENPERIN_019_742,ACC_PERT_018_907,7309879251.76,Belanja Lain-lain,Belanja tak terduga,0
2023-08-07,ACC_KEU_015_177,ACC_KEMENESDM_020_104,20481753770.05,Belanja Pembayaran Bunga Utang,Pembayaran kupon SUN,0
2023-07-20,ACC_PPATK_078_811,ACC_SOS_027_899,23353319691.39,Belanja Barang,Penyewaan jasa kebersihan,0
2023-03-26,ACC_KES_024_117,ACC_SOS_027_362,18162756612.49,Belanja Bantuan Sosial,Bantuan program keluarga harapan,0
2023-08-03,ACC_KEMENAG_025_617,ACC_BPJS_NA_861,27029838397.35,Belanja Bantuan Sosial,Bantuan program keluarga harapan,0
2023-08-19,ACC_BPS_054_203,ACC_KEMENLU_011_362,24480880191.8,Belanja Pembayaran Bunga Utang,Pembayaran kupon SUN,0
2023-09-06,ACC_ESDM_020_656,ACC_KEMENDAGRI_010_795,8356376401.12,Belanja Lain-lain,Belanja tak terduga,0
2023-01-31,ACC_SOS_027_621,ACC_KEMENDAG_090_931,19374804123.84,Belanja Pembayaran Bunga Utang,Pembayaran imbal hasil obligasi,0
2023-06-09,ACC_PERT_018_529,ACC_BPJS_NA_267,15063074538.07,Belanja Pegawai,Pembayaran THR,0
2023-02-08,ACC_POLRI_060_109,ACC_KEMENPAREKRAF_040_429,50912241306.99,Belanja Modal,Pembayaran termin proyek resmi,0
2023-10-06,ACC_PERT_018_032,ACC_POLRI_060_945,22470250603.58,Belanja Modal,Pengadaan aset TIK,0
2023-09-04,ACC_KOMINFO_059_835,ACC_BPK_004_679,18695875574.69,Belanja Subsidi,Subsidi bunga kredit program,0
2023-01-11,ACC_KEMENESDM_020_049,ACC_KES_024_911,15720109840.4,Belanja Barang,Penyewaan jasa kebersihan,0
2023-07-20,ACC_KEMENKOPUKM_044_005,ACC_SOS_027_211,14038054324.4,Belanja Barang,Belanja internet dan komunikasi,0
2023-07-09,ACC_POLRI_060_188,ACC_KEU_015_837,39272035613.93,Belanja Modal,Belanja tak terduga,1
2023-06-06,ACC_PUPR_033_080,ACC_KEMENHUB_022_868,13594476167.91,Belanja Pegawai,Gaji pegawai bulan berjalan,0
2023-07-25,ACC_BRIN_124_626,ACC_KEMENHAN_012_518,14363585248.25,Belanja Pegawai,Gaji pegawai bulan berjalan,0
2023-07-24,ACC_PERT_018_995,ACC_KEU_015_838,29274292891.38,Belanja Pembayaran Bunga Utang,Pembayaran bunga SBN,0
2023-06-07,ACC_KEU_015_870,ACC_KEMENDAGRI_010_400,67912514930.9,Belanja Pembayaran Bunga Utang,Pembayaran kupon SUN,0
2023-02-18,ACC_KEMENDAG_090_206,ACC_KEU_015_218,11365139744.81,Belanja Pegawai,Pembayaran gaji ke-13,0
2023-10-06,ACC_KEMENAG_025_322,ACC_KEMENHAN_012_231,26718192919.38,Belanja Pembayaran Bunga Utang,Pembayaran bunga SBN,0
2023-07-29,ACC_PERT_018_633,ACC_KOMINFO_059_216,75541061797.06,Belanja Subsidi,Subsidi pupuk,0
2023-04-29,ACC_KEMENPAREKRAF_040_365,ACC_PERT_018_794,39568225583.99,Belanja Barang,Belanja internet dan komunikasi,0
2023-11-19,ACC_KOMINFO_059_268,ACC_KEMENHAN_012_803,4839352424.25,Belanja Pegawai,Gaji pegawai bulan berjalan,0
2023-06-16,ACC_BRIN_124_160,ACC_ESDM_020_743,54033151476.42,Belanja Barang,Belanja internet dan komunikasi,0
2023-02-12,ACC_KEMENHAN_012_193,ACC_KEMENAG_025_311,18976647929.51,Belanja Pembayaran Bunga Utang,Pembayaran bunga pinjaman luar negeri,0
2023-08-04,ACC_KEMENKOPUKM_044_465,ACC_BPJS_NA_163,5055405211.44,Belanja Modal,Pengadaan peralatan dan mesin,0
2023-05-28,ACC_KEMENDIKBUD_023_028,ACC_ESDM_020_259,7107205431.2,Belanja Pembayaran Bunga Utang,Pembayaran kupon SUN,0
2023-04-18,ACC_KEU_015_442,ACC_KEU_015_442,3128243248.77,Belanja Bantuan Sosial,Transfer bantuan sosial,1
2023-11-14,ACC_KEMENHUB_022_543,ACC_SOS_027_445,12928320059.63,Belanja Subsidi,Subsidi bunga kredit program,0
2023-07-04,ACC_KEMENDAG_090_404,ACC_SOS_027_066,20999584137.69,Belanja Pegawai,Honorarium kegiatan resmi,0
2023-04-11,ACC_BRIN_124_423,ACC_PERT_018_356,10801550048.97,Belanja Lain-lain,Belanja tak terduga,0
2023-02-26,ACC_SOS_027_131,ACC_KEMENPAREKRAF_040_549,1255892044.81,Belanja Lain-lain,Belanja tak terduga,0
2023-08-30,ACC_KEMENPERIN_019_720,ACC_ESDM_020_880,55859097173.39,Belanja Modal,Pembangunan infrastruktur jalan,0
2023-10-06,ACC_KEMENDAGRI_010_363,ACC_KEMENKOPUKM_044_625,46102906097.72,Belanja Modal,Pembangunan infrastruktur jalan,0
2023-10-21,ACC_KEMENLU_011_495,ACC_KEMENKOPUKM_044_815,21122921206.58,Belanja Lain-lain,Belanja lainnya sesuai ketentuan,0
2023-07-25,ACC_BRIN_124_318,ACC_KEMENHUB_022_073,8346381860.14,Belanja Barang,Pengadaan barang operasional,0
2023-02-13,ACC_KEMENDAGRI_010_928,ACC_BPK_004_356,7218327877.01,Belanja Pembayaran Bunga Utang,Pembayaran imbal hasil obligasi,0
2023-09-18,ACC_ESDM_020_571,ACC_BPK_004_573,11828193772.77,Belanja Pembayaran Bunga Utang,Pembayaran kupon SUN,0
2023-05-05,ACC_KOMINFO_059_926,ACC_KEMENLU_011_531,27824506019.84,Belanja Pembayaran Bunga Utang,Pembayaran bunga SBN,0
2023-03-07,ACC_KEMENHAN_012_245,ACC_PUPR_033_057,15166249436.22,Belanja Subsidi,Subsidi pangan,0
2023-09-14,ACC_BRIN_124_954,ACC_BPJS_NA_796,13672743959.5,Belanja Subsidi,Subsidi pupuk,0
2023-09-08,ACC_SOS_027_606,ACC_KEMENDIKBUD_023_380,62873064126.14,Belanja Subsidi,Pembayaran subsidi,0
2023-03-30,ACC_BRIN_124_202,ACC_KEMENESDM_020_980,4156845167.99,Belanja Lain-lain,Cadangan risiko fiskal,0
2023-07-16,ACC_KEMENDIKBUD_023_557,ACC_KEMENAG_025_454,23545937015.52,Belanja Pembayaran Bunga Utang,Pembayaran kupon SUN,0
2023-10-11,ACC_KEMENHUB_022_386,ACC_KEMENESDM_020_978,6940802554.21,Belanja Modal,Pengadaan peralatan dan mesin,0
2023-12-09,ACC_KEMENDAG_090_903,ACC_KEMENDAGRI_010_445,9749723700.0,Belanja Barang,Belanja ATK dan operasional kantor,0
2023-12-16,ACC_KEMENKOPUKM_044_967,ACC_KOMINFO_059_770,14347029226.42,Belanja Pegawai,Honorarium kegiatan resmi,0
2023-05-05,ACC_KEMENESDM_020_204,ACC_BPS_054_768,11115993898.42,Belanja Pegawai,Pembayaran THR,0
2023-12-27,ACC_BPS_054_778,ACC_KEMENLU_011_116,50004342243.72,Belanja Modal,Pembayaran termin proyek resmi,0
2023-02-20,ACC_KEMENPAREKRAF_040_842,ACC_KEU_015_785,8746332299.72,Belanja Pegawai,Pembayaran THR,0
2023-12-17,ACC_SOS_027_225,ACC_KEMENDAGRI_010_469,22975750101.46,Belanja Barang,Belanja internet dan komunikasi,0
2023-02-17,ACC_KEMENPAREKRAF_040_737,ACC_KEMENPERIN_019_342,4183616095.71,Belanja Lain-lain,Belanja operasi non-rutin,0
2023-07-04,ACC_KEMENDAG_090_592,ACC_KEMENDAG_090_592,17654127910.61,Belanja Barang,Penyewaan jasa kebersihan,1
2023-11-10,ACC_BRIN_124_340,ACC_BPJS_NA_324,30165759769.78,Belanja Bantuan Sosial,Transfer bantuan sosial,0
2023-02-12,ACC_KEMENDIKBUD_023_407,ACC_PUPR_033_158,8251245589.3,Belanja Pegawai,Tunjangan kinerja triwulan,0
2023-11-19,ACC_KES_024_952,ACC_KEMENDAG_090_536,17101864636.01,Belanja Barang,Belanja internet dan komunikasi,0
2023-07-23,ACC_PPATK_078_008,ACC_KEMENAG_025_472,13142131954.61,Belanja Pembayaran Bunga Utang,Pembayaran bunga pinjaman luar negeri,0
2023-04-06,ACC_KEMENESDM_020_674,ACC_KEMENDAGRI_010_803,6729884335.42,Belanja Barang,Pengadaan barang operasional,0
2023-10-27,ACC_KEMENHUB_022_465,ACC_KEU_015_614,8712789306.67,Belanja Lain-lain,Belanja lainnya sesuai ketentuan,0
2023-11-24,ACC_KEMENDAG_090_110,ACC_KEMENLU_011_710,28193076981.52,Belanja Pembayaran Bunga Utang,Pembayaran bunga pinjaman luar negeri,0
2023-01-27,ACC_KEMENHAN_012_649,ACC_KEMENHUB_022_164,17644649730.99,Belanja Lain-lain,Belanja lainnya sesuai ketentuan,0
2023-12-31,ACC_BRIN_124_643,ACC_BPS_054_504,24266153875.9,Belanja Barang,Belanja internet dan komunikasi,1
2023-02-19,ACC_KEMENDIKBUD_023_816,ACC_PERT_018_515,11300789750.96,Belanja Barang,Belanja internet dan komunikasi,0
2023-12-27,ACC_KEMENHAN_012_983,ACC_BRIN_124_874,7807058470.52,Belanja Barang,Pengadaan barang operasional,1
2023-10-01,ACC_KOMINFO_059_155,ACC_SOS_027_651,2846192291.4,Belanja Lain-lain,Belanja operasi non-rutin,0
2023-12-11,ACC_PERT_018_903,ACC_BPK_004_735,15410366146.02,Belanja Barang,Penyewaan jasa kebersihan,0
2023-10-19,ACC_KES_024_452,ACC_BPJS_NA_344,37928009154.36,Belanja Barang,Belanja ATK dan operasional kantor,0
2023-09-10,ACC_KEMENPAREKRAF_040_085,ACC_KOMINFO_059_697,25285435005.83,Belanja Pembayaran Bunga Utang,Pembayaran bunga SBN,0
2023-05-15,ACC_PUPR_033_938,ACC_KEMENLU_011_291,13447980867.82,Belanja Pegawai,Tunjangan kinerja triwulan,0
2023-10-17,ACC_BPJS_NA_615,ACC_SOS_027_713,34294276931.29,Belanja Lain-lain,Cadangan risiko fiskal,0
2023-01-27,ACC_KEU_015_467,ACC_BPK_004_013,6247458029.67,Belanja Modal,Pembangunan/rehabilitasi gedung,0
2023-08-12,ACC_PERT_018_463,ACC_KEMENLU_011_021,21346356955.34,Belanja Modal,Pengadaan peralatan dan mesin,0
2023-04-16,ACC_KEMENHAN_012_780,ACC_KEMENLU_011_706,17535586267.88,Belanja Pembayaran Bunga Utang,Pembayaran bunga SBN,0
2023-08-01,ACC_ESDM_020_663,ACC_KEMENPERIN_019_961,5391463383.47,Belanja Barang,Belanja ATK dan operasional kantor,0
2023-01-22,ACC_KEMENPERIN_019_345,ACC_BRIN_124_577,17569639357.53,Belanja Barang,Penyewaan jasa kebersihan,0
2023-01-21,ACC_BPS_054_745,ACC_BRIN_124_408,25947652272.37,Belanja Subsidi,Subsidi pupuk,0
2023-05-05,ACC_BPJS_NA_152,ACC_KEMENESDM_020_013,11740582936.08,Belanja Barang,Penyewaan jasa kebersihan,0
2023-02-11,ACC_KOMINFO_059_169,ACC_KEMENESDM_020_249,59828335478.64,Belanja Modal,Pembangunan/rehabilitasi gedung,0
2023-06-07,ACC_BPS_054_633,ACC_BPJS_NA_227,4993609876.69,Belanja Barang,Pengadaan barang operasional,0
2023-01-24,ACC_BPS_054_742,ACC_BPS_054_742,3500147139.67,Belanja Pegawai,Honorarium kegiatan resmi,1
2023-10-28,ACC_KOMINFO_059_982,ACC_KEMENPAREKRAF_040_128,15881909489.81,Belanja Pembayaran Bunga Utang,Pembayaran imbal hasil obligasi,0
2023-09-29,ACC_KEMENPERIN_019_484,ACC_KEU_015_005,11367667289.67,Belanja Pembayaran Bunga Utang,Pembayaran kupon SUN,0
2023-11-01,ACC_PUPR_033_425,ACC_BPJS_NA_080,13504509565.92,Belanja Pegawai,Pembayaran THR,0
2023-04-17,ACC_ESDM_020_666,ACC_BRIN_124_293,18534431129.52,Belanja Barang,Belanja ATK dan operasional kantor,0
2023-11-13,ACC_KES_024_638,ACC_KEMENESDM_020_812,5296340140.66,Belanja Barang,Pengadaan barang operasional,0
2023-12-31,ACC_SOS_027_690,ACC_PERT_018_344,35347604949.55,Belanja Barang,Belanja pemeliharaan rutin,0
2023-10-22,ACC_KES_024_270,ACC_PERT_018_709,14749754569.08,Belanja Modal,Pembangunan infrastruktur jalan,0
2023-05-23,ACC_KEMENDAGRI_010_760,ACC_PERT_018_868,10504846477.35,Belanja Pegawai,Honorarium kegiatan resmi,0
2023-12-31,ACC_BRIN_124_850,ACC_BPJS_NA_394,9182285972.1,Belanja Barang,Belanja pemeliharaan rutin,0
2023-08-29,ACC_KEMENDAG_090_058,ACC_KEMENHUB_022_126,26429965747.02,Belanja Barang,Penyewaan jasa kebersihan,0
2023-08-11,ACC_KEMENDAG_090_814,ACC_KEMENAG_025_875,17376571067.8,Belanja Barang,Penyewaan jasa kebersihan,0
2023-09-30,ACC_SOS_027_323,ACC_KEMENLU_011_573,24954189271.99,Belanja Pembayaran Bunga Utang,Pembayaran bunga pinjaman luar negeri,0
2023-11-08,ACC_KES_024_005,ACC_KEMENHUB_022_357,24533573767.76,Belanja Pegawai,Pembayaran THR,0
2023-06-11,ACC_KOMINFO_059_573,ACC_ESDM_020_471,33603081066.74,Belanja Pembayaran Bunga Utang,Pembayaran bunga SBN,0
2023-08-27,ACC_KEMENPAREKRAF_040_540,ACC_SOS_027_198,13857892481.23,Belanja Pegawai,Gaji pegawai bulan berjalan,0
2023-01-30,ACC_BPK_004_666,ACC_PUPR_033_209,12700317416.91,Belanja Pegawai,Pembayaran THR,0
2023-11-04,ACC_PERT_018_575,ACC_KES_024_760,37989338462.46,Belanja Pembayaran Bunga Utang,Pembayaran bunga SBN,0
2023-04-03,ACC_BPK_004_107,ACC_BPS_054_877,20966924797.21,Belanja Barang,Belanja internet dan komunikasi,0
2023-07-20,ACC_KEMENHAN_012_708,ACC_KEMENKOPUKM_044_860,5283793312.02,Belanja Pembayaran Bunga Utang,Pembayaran bunga pinjaman luar negeri,0
2023-09-10,ACC_KEMENKOPUKM_044_750,ACC_KEMENPERIN_019_585,16585077050.3,Belanja Lain-lain,Belanja lainnya sesuai ketentuan,0
2023-10-18,ACC_BRIN_124_510,ACC_KEMENDIKBUD_023_430,18926929331.57,Belanja Modal,Pengadaan peralatan dan mesin,0
2023-01-26,ACC_KOMINFO_059_810,ACC_PPATK_078_589,43763407126.82,Belanja Modal,Pembangunan/rehabilitasi gedung,0
2023-01-19,ACC_PUPR_033_339,ACC_KEMENAG_025_140,24006719520.5,Belanja Modal,Pembayaran termin proyek resmi,0
2023-11-08,ACC_ESDM_020_530,ACC_KEMENDAGRI_010_369,26232458384.29,Belanja Pembayaran Bunga Utang,Pembayaran imbal hasil obligasi,0
2023-03-08,ACC_PERT_018_767,ACC_KEMENHAN_012_582,26953155716.95,Belanja Bantuan Sosial,Bantuan program keluarga harapan,0
2023-07-22,ACC_KOMINFO_059_639,ACC_KEMENESDM_020_935,6521565272.42,Belanja Pegawai,Gaji pegawai bulan berjalan,0
2023-04-21,ACC_KEMENLU_011_821,ACC_ESDM_020_137,9757231116.0,Belanja Subsidi,Subsidi bunga kredit program,0
2023-11-24,ACC_KEMENDIKBUD_023_189,ACC_KES_024_277,3633068460.11,Belanja Pembayaran Bunga Utang,Pembayaran bunga pinjaman luar negeri,0
2023-11-27,ACC_PERT_018_722,ACC_KEMENESDM_020_191,45029164226.81,Belanja Pembayaran Bunga Utang,Pembayaran bunga pinjaman luar negeri,0
2023-08-13,ACC_KEMENDAGRI_010_684,ACC_BRIN_124_323,8279031196.12,Belanja Pegawai,Pembayaran THR,0
2023-04-03,ACC_KEU_015_075,ACC_KEMENKOPUKM_044_756,56608543469.9,Belanja Pembayaran Bunga Utang,Pembayaran bunga SBN,0
2023-07-06,ACC_BPK_004_678,ACC_KEMENPERIN_019_627,122620608972.92,Belanja Subsidi,Subsidi pupuk,0
2023-01-13,ACC_KEMENDAG_090_294,ACC_KEMENHUB_022_954,26030224315.79,Belanja Barang,Belanja ATK dan operasional kantor,0
2023-08-24,ACC_ESDM_020_273,ACC_KEMENHUB_022_379,17358675364.57,Belanja Modal,Pembangunan/rehabilitasi gedung,0
2023-07-25,ACC_PUPR_033_933,ACC_SOS_027_854,8757387666.48,Belanja Lain-lain,Belanja lainnya sesuai ketentuan,0
2023-08-02,ACC_BPS_054_188,ACC_KEMENDIKBUD_023_569,33544308246.13,Belanja Pembayaran Bunga Utang,Pembayaran bunga SBN,0
2023-03-26,ACC_KEMENPERIN_019_592,ACC_PPATK_078_841,8519454364.21,Belanja Lain-lain,Belanja tak terduga,0
2023-12-07,ACC_PPATK_078_177,ACC_KEMENDAGRI_010_426,8596204409.89,Belanja Lain-lain,Cadangan risiko fiskal,0
2023-06-28,ACC_PUPR_033_398,ACC_ESDM_020_330,5146447170.02,Belanja Pegawai,Gaji pegawai bulan berjalan,0
2023-09-26,ACC_BRIN_124_763,ACC_BPK_004_785,15669663381.08,Belanja Pembayaran Bunga Utang,Pembayaran bunga SBN,0
2023-08-11,ACC_KEMENLU_011_587,ACC_KEU_015_663,15279507883.99,Belanja Subsidi,Subsidi pupuk,0
2023-12-08,ACC_PUPR_033_929,ACC_KEMENLU_011_617,96897722872.96,Belanja Modal,Pembangunan infrastruktur jalan,0
2023-11-30,ACC_SOS_027_604,ACC_BPK_004_011,7356890208.37,Belanja Barang,Pengadaan barang operasional,0
2023-06-13,ACC_KEMENAG_025_638,ACC_KEMENHUB_022_211,10799282996.54,Belanja Subsidi,Pembayaran subsidi,0
2023-08-12,ACC_KEU_015_975,ACC_KEMENESDM_020_057,12161385791.2,Belanja Bantuan Sosial,Bantuan program keluarga harapan,0
2023-05-31,ACC_KEMENAG_025_571,ACC_KEMENESDM_020_837,20698447807.4,Belanja Lain-lain,Belanja operasi non-rutin,0
2023-01-03,ACC_KEMENDAG_090_796,ACC_BRIN_124_257,6279161595.58,Belanja Barang,Belanja internet dan komunikasi,0
2023-04-23,ACC_KEMENLU_011_815,ACC_KEMENKOPUKM_044_805,15279066758.79,Belanja Pegawai,Tunjangan kinerja triwulan,0
2023-12-05,ACC_BRIN_124_737,ACC_KEMENPAREKRAF_040_725,19304835363.07,Belanja Modal,Pembangunan infrastruktur jalan,0
2023-05-18,ACC_POLRI_060_355,ACC_KEMENHAN_012_845,4582267693.33,Belanja Pegawai,Pembayaran THR,0
2023-12-07,ACC_KEMENPAREKRAF_040_351,ACC_ESDM_020_846,5940913614.0,Belanja Pembayaran Bunga Utang,Pembayaran kupon SUN,0
2023-06-14,ACC_KEMENHUB_022_757,ACC_KEMENHAN_012_596,17015179862.85,Belanja Barang,Belanja ATK dan operasional kantor,0
2023-11-05,ACC_ESDM_020_114,ACC_KEMENDAG_090_746,23384283126.64,Belanja Pegawai,Tunjangan kinerja triwulan,0
2023-06-21,ACC_KEMENLU_011_018,ACC_POLRI_060_235,11819658899.15,Belanja Lain-lain,Belanja tak terduga,0
2023-06-04,ACC_KEMENHAN_012_563,ACC_PPATK_078_418,14144596842.46,Belanja Pegawai,Gaji pegawai bulan berjalan,0
2023-11-24,ACC_BPS_054_341,ACC_KEMENDAG_090_622,176130370275.03,Belanja Modal,Pengadaan peralatan dan mesin,0
2023-10-21,ACC_PUPR_033_375,ACC_KEMENKOPUKM_044_534,10550604416.94,Belanja Pegawai,Pembayaran THR,0
2023-12-30,ACC_BPJS_NA_702,ACC_KEMENHUB_022_618,12135261471.04,Belanja Pembayaran Bunga Utang,Pembayaran bunga pinjaman luar negeri,1
2023-02-02,ACC_KEMENLU_011_732,ACC_ESDM_020_501,29060831811.89,Belanja Pembayaran Bunga Utang,Pembayaran imbal hasil obligasi,0
2023-07-12,ACC_KOMINFO_059_873,ACC_KEMENLU_011_180,11237201734.51,Belanja Barang,Belanja pemeliharaan rutin,0
2023-03-02,ACC_BPS_054_464,ACC_KEMENKOPUKM_044_930,3613539729.48,Belanja Pegawai,Pembayaran THR,0
2023-05-28,ACC_KEMENKOPUKM_044_570,ACC_KEMENLU_011_727,34112384157.35,Belanja Subsidi,Subsidi pangan,0
2023-03-28,ACC_KEMENHAN_012_004,ACC_KEMENDAGRI_010_778,9859774852.79,Belanja Bantuan Sosial,Bantuan pangan nontunai,0
2023-02-09,ACC_BRIN_124_639,ACC_KEMENLU_011_695,28204323102.37,Belanja Barang,Belanja ATK dan operasional kantor,0
2023-10-06,ACC_PPATK_078_143,ACC_KEMENDIKBUD_023_115,4901981354.89,Belanja Pegawai,Tunjangan kinerja triwulan,0
2023-05-13,ACC_BPK_004_168,ACC_KOMINFO_059_914,16767050434.12,Belanja Barang,Belanja ATK dan operasional kantor,0
2023-12-01,ACC_KEMENAG_025_895,ACC_KOMINFO_059_237,20187354280.8,Belanja Subsidi,Subsidi pupuk,0
2023-07-06,ACC_KEMENHAN_012_533,ACC_KEMENKOPUKM_044_090,17079014806.17,Belanja Barang,Belanja internet dan komunikasi,0
2023-04-26,ACC_BPS_054_394,ACC_KEMENHAN_012_214,11939481593.0,Belanja Pembayaran Bunga Utang,Pembayaran imbal hasil obligasi,0
2023-12-17,ACC_KOMINFO_059_649,ACC_KEMENLU_011_285,51186827616.27,Belanja Subsidi,Subsidi energi,0
2023-05-07,ACC_KEMENPAREKRAF_040_584,ACC_SOS_027_226,43629772952.7,Belanja Pembayaran Bunga Utang,Pembayaran kupon SUN,0
2023-10-11,ACC_KEMENDAG_090_412,ACC_KEMENPERIN_019_814,7803834262.85,Belanja Lain-lain,Belanja operasi non-rutin,0
2023-12-29,ACC_PUPR_033_117,ACC_KOMINFO_059_750,27949030567.21,Belanja Subsidi,Subsidi energi,1
2023-07-23,ACC_KEMENDAGRI_010_351,ACC_KEMENHUB_022_319,22935934242.66,Belanja Barang,Belanja ATK dan operasional kantor,0
2023-05-26,ACC_BRIN_124_519,ACC_KEMENLU_011_855,19359955207.12,Belanja Subsidi,Subsidi pupuk,0
2023-10-28,ACC_BPS_054_528,ACC_PERT_018_320,18272620795.52,Belanja Barang,Belanja pemeliharaan rutin,0
2023-07-05,ACC_KEU_015_381,ACC_BPJS_NA_209,7310717755.9,Belanja Barang,Belanja ATK dan operasional kantor,0
2023-03-29,ACC_KEMENLU_011_944,ACC_KEMENAG_025_136,10467640673.02,Belanja Bantuan Sosial,Bansos tunai,0
2023-06-16,ACC_POLRI_060_322,ACC_PPATK_078_691,9123105473.02,Belanja Barang,Belanja internet dan komunikasi,0
2023-10-28,ACC_ESDM_020_512,ACC_KEMENESDM_020_087,14729219506.36,Belanja Pegawai,Pembayaran THR,0
2023-10-05,ACC_KEMENAG_025_916,ACC_KOMINFO_059_353,7254455911.45,Belanja Pegawai,Tunjangan kinerja triwulan,0
2023-07-31,ACC_BPS_054_768,ACC_KEMENDAGRI_010_334,13301485470.34,Belanja Pembayaran Bunga Utang,Pembayaran kupon SUN,0
2023-03-23,ACC_BPK_004_493,ACC_PPATK_078_983,28452167596.2,Belanja Bantuan Sosial,Bansos tunai,0
2023-12-10,ACC_KEMENPAREKRAF_040_388,ACC_KEMENDAGRI_010_873,2391871888.23,Belanja Subsidi,Subsidi pupuk,0
2023-09-11,ACC_KEMENPERIN_019_711,ACC_KEMENDIKBUD_023_807,40346351740.62,Belanja Lain-lain,Belanja lainnya sesuai ketentuan,0
2023-10-14,ACC_BRIN_124_945,ACC_SOS_027_397,5120214754.24,Belanja Lain-lain,Belanja lainnya sesuai ketentuan,0
2023-08-24,ACC_KES_024_320,ACC_KEU_015_373,12314499579.82,Belanja Bantuan Sosial,Transfer bantuan sosial,0
2023-04-24,ACC_PUPR_033_200,ACC_KEMENDAGRI_010_025,23517207265.19,Belanja Barang,Pengadaan barang operasional,0
2023-09-18,ACC_KEMENDAGRI_010_445,ACC_KEMENHAN_012_254,31371400548.61,Belanja Modal,Pengadaan peralatan dan mesin,0
2023-10-21,ACC_PPATK_078_976,ACC_ESDM_020_357,35787783689.79,Belanja Modal,Pengadaan peralatan dan mesin,0
2023-07-24,ACC_KEMENDAG_090_488,ACC_KES_024_779,10417152810.84,Belanja Lain-lain,Cadangan risiko fiskal,0
2023-07-30,ACC_KEMENPERIN_019_855,ACC_KEMENDAGRI_010_031,24917093123.41,Belanja Lain-lain,Belanja operasi non-rutin,0
2023-09-29,ACC_KEMENPAREKRAF_040_813,ACC_KEMENDAGRI_010_034,22821292298.59,Belanja Modal,Pengadaan peralatan dan mesin,0
2023-05-05,ACC_KEMENDAG_090_103,ACC_SOS_027_993,13131458418.96,Belanja Pegawai,Pembayaran gaji ke-13,0
2023-09-03,ACC_PERT_018_852,ACC_ESDM_020_926,9435617616.5,Belanja Pembayaran Bunga Utang,Pembayaran bunga pinjaman luar negeri,0
2023-11-02,ACC_BPS_054_653,ACC_SOS_027_623,5330778000.42,Belanja Pembayaran Bunga Utang,Pembayaran kupon SUN,0
2023-08-04,ACC_PERT_018_603,ACC_KEMENHUB_022_914,36789745651.96,Belanja Modal,Pembangunan infrastruktur jalan,0
2023-06-06,ACC_KEMENESDM_020_584,ACC_KEMENPAREKRAF_040_044,511560837559.50055,Belanja Subsidi,Subsidi bunga kredit program,1
2023-03-18,ACC_BPJS_NA_209,ACC_BPK_004_013,16432960926.69,Belanja Modal,Pembayaran termin proyek resmi,0
2023-12-10,ACC_BRIN_124_548,ACC_ESDM_020_025,7667696993.88,Belanja Lain-lain,Belanja operasi non-rutin,0
2023-02-06,ACC_SOS_027_875,ACC_PUPR_033_129,42334524604.03,Belanja Modal,Pengadaan peralatan dan mesin,0
2023-08-06,ACC_KEMENLU_011_847,ACC_KEMENPAREKRAF_040_942,35458143705.23,Belanja Modal,Pengadaan aset TIK,0
2023-12-10,ACC_KEMENPAREKRAF_040_509,ACC_PERT_018_505,40268220956.82,Belanja Barang,Pengadaan barang operasional,0
2023-12-18,ACC_KEMENAG_025_990,ACC_BPJS_NA_191,28864918362.13,Belanja Barang,Penyewaan jasa kebersihan,0
2023-08-05,ACC_KEMENKOPUKM_044_737,ACC_KEMENAG_025_999,6465832008.71,Belanja Modal,Pembangunan infrastruktur jalan,0
2023-04-16,ACC_PERT_018_099,ACC_KEMENKOPUKM_044_680,19297075020.25,Belanja Pegawai,Gaji pegawai bulan berjalan,0
2023-11-23,ACC_KEMENPAREKRAF_040_698,ACC_BRIN_124_350,9483501724.61,Belanja Lain-lain,Cadangan risiko fiskal,0
2023-08-19,ACC_KEMENDAGRI_010_141,ACC_KES_024_618,15843877277.46,Belanja Lain-lain,Cadangan risiko fiskal,0
2023-07-24,ACC_KES_024_869,ACC_PERT_018_409,34921846630.02,Belanja Pegawai,Tunjangan kinerja triwulan,0
2023-06-24,ACC_KEMENPERIN_019_737,ACC_KEMENDAG_090_261,4483459934.73,Belanja Modal,Pengadaan aset TIK,0
2023-11-14,ACC_ESDM_020_385,ACC_SOS_027_586,17221382861.68,Belanja Lain-lain,Belanja tak terduga,0
2023-02-23,ACC_KEMENESDM_020_200,ACC_KEMENDAGRI_010_884,5288315965.54,Belanja Bantuan Sosial,Bantuan pangan nontunai,0
2023-04-27,ACC_BPJS_NA_208,ACC_KES_024_997,11425079012.52,Belanja Subsidi,Subsidi bunga kredit program,0
2023-09-16,ACC_KEMENPERIN_019_380,ACC_KEMENPAREKRAF_040_163,11384736221.11,Belanja Barang,Pengadaan barang operasional,0
2023-01-18,ACC_KEMENPERIN_019_034,ACC_KEMENAG_025_824,13366059382.89,Belanja Pembayaran Bunga Utang,Pembayaran kupon SUN,0
2023-06-30,ACC_PERT_018_963,ACC_KEMENHAN_012_347,15276632733.53,Belanja Lain-lain,Cadangan risiko fiskal,0
2023-09-03,ACC_KOMINFO_059_245,ACC_KEMENDIKBUD_023_678,6523275691.57,Belanja Lain-lain,Cadangan risiko fiskal,0
2023-07-30,ACC_KEMENDIKBUD_023_133,ACC_KEU_015_197,33928195377.22,Belanja Pembayaran Bunga Utang,Pembayaran kupon SUN,0
2023-07-04,ACC_KEMENDAGRI_010_104,ACC_PERT_018_931,34614027027.56,Belanja Pembayaran Bunga Utang,Belanja lainnya sesuai ketentuan,1
2023-04-29,ACC_KEMENESDM_020_856,ACC_BPK_004_761,3971927884.2,Belanja Subsidi,Subsidi bunga kredit program,0
2023-08-26,ACC_POLRI_060_306,ACC_KEMENKOPUKM_044_717,51232414766.75,Belanja Barang,Belanja pemeliharaan rutin,0
2023-11-10,ACC_KEMENDAGRI_010_513,ACC_PUPR_033_683,11556106363.76,Belanja Pembayaran Bunga Utang,Pembayaran imbal hasil obligasi,0
2023-01-16,ACC_PPATK_078_766,ACC_BRIN_124_343,29775263055.09,Belanja Subsidi,Subsidi pangan,0
2023-01-27,ACC_BRIN_124_959,ACC_KES_024_623,13439060267.24,Belanja Pegawai,Honorarium kegiatan resmi,0
2023-09-24,ACC_KEMENHUB_022_997,ACC_PUPR_033_326,12403562605.15,Belanja Lain-lain,Belanja tak terduga,0
2023-02-17,ACC_KEMENPERIN_019_862,ACC_KEU_015_722,13441083697.27,Belanja Pembayaran Bunga Utang,Pembayaran bunga SBN,0
2023-07-01,ACC_KEMENDAG_090_592,ACC_KEMENLU_011_343,9415483831.7,Belanja Barang,Belanja ATK dan operasional kantor,0
2023-08-02,ACC_KEMENPAREKRAF_040_935,ACC_KEMENLU_011_632,10503488485.54,Belanja Pembayaran Bunga Utang,Pembayaran kupon SUN,0
2023-02-23,ACC_PUPR_033_145,ACC_BPJS_NA_356,5972229569.34,Belanja Pegawai,Honorarium kegiatan resmi,0
2023-01-22,ACC_BPJS_NA_331,ACC_KEMENLU_011_292,5854732889.85,Belanja Pegawai,Honorarium kegiatan resmi,0
2023-06-22,ACC_KEMENHAN_012_343,ACC_KEMENDIKBUD_023_928,6506400967.33,Belanja Pegawai,Pembayaran THR,0
2023-07-10,ACC_BPS_054_439,ACC_BPJS_NA_555,54543166480.04,Belanja Subsidi,Subsidi bunga kredit program,0
2023-04-06,ACC_ESDM_020_890,ACC_KEMENHAN_012_669,34977790110.03,Belanja Modal,Pembangunan/rehabilitasi gedung,0
2023-06-22,ACC_KEMENHUB_022_887,ACC_KOMINFO_059_394,9832589143.55,Belanja Pembayaran Bunga Utang,Pembayaran kupon SUN,0
2023-11-15,ACC_KEMENDAG_090_261,ACC_POLRI_060_281,3065157772.13,Belanja Lain-lain,Belanja lainnya sesuai ketentuan,0
2023-10-05,ACC_KEMENKOPUKM_044_093,ACC_BRIN_124_959,7723180936.6,Belanja Barang,Pengadaan barang operasional,0
2023-04-11,ACC_BRIN_124_591,ACC_KEMENDAGRI_010_508,55985680290.49,Belanja Subsidi,Subsidi pupuk,0
2023-09-12,ACC_SOS_027_279,ACC_KEU_015_971,25944496960.09,Belanja Barang,Belanja ATK dan operasional kantor,0
2023-10-05,ACC_SOS_027_544,ACC_BPK_004_175,11198188278.66,Belanja Lain-lain,Belanja lainnya sesuai ketentuan,0
2023-03-26,ACC_PERT_018_988,ACC_KEMENHAN_012_948,28277553456.89,Belanja Pembayaran Bunga Utang,Pembayaran bunga SBN,0
2023-09-10,ACC_ESDM_020_271,ACC_KEMENAG_025_541,45182845481.96,Belanja Bantuan Sosial,Bansos tunai,0
2023-10-11,ACC_KES_024_571,ACC_KEU_015_755,19533526590.24,Belanja Modal,Pembayaran termin proyek resmi,0
2023-03-03,ACC_PPATK_078_388,ACC_KEMENDAGRI_010_895,13980437545.32,Belanja Barang,Belanja internet dan komunikasi,0
2023-08-20,ACC_KES_024_848,ACC_ESDM_020_584,26187455425.26,Belanja Barang,Belanja internet dan komunikasi,0
2023-03-24,ACC_KEMENESDM_020_434,ACC_KEMENKOPUKM_044_017,49542411855.76,Belanja Modal,Pembangunan/rehabilitasi gedung,0
2023-06-21,ACC_BRIN_124_908,ACC_SOS_027_582,9895766111.08,Belanja Pembayaran Bunga Utang,Pembayaran bunga SBN,0
2023-11-16,ACC_PUPR_033_220,ACC_BPJS_NA_699,12083211951.57,Belanja Bantuan Sosial,Bansos tunai,0
2023-07-22,ACC_KOMINFO_059_788,ACC_PPATK_078_754,27186962340.89,Belanja Barang,Pengadaan barang operasional,0
2023-12-25,ACC_PERT_018_573,ACC_KES_024_497,23561710481.2,Belanja Modal,Pembayaran termin proyek resmi,0
2023-11-13,ACC_KEU_015_707,ACC_BPS_054_768,47122665818.05,Belanja Modal,Pengadaan peralatan dan mesin,0
2023-06-04,ACC_KOMINFO_059_359,ACC_PUPR_033_235,5423786248.44,Belanja Pegawai,Gaji pegawai bulan berjalan,0
2023-07-24,ACC_KEMENLU_011_427,ACC_KEMENDAGRI_010_677,14346914878.21,Belanja Modal,Pembangunan infrastruktur jalan,0
2023-03-16,ACC_KOMINFO_059_435,ACC_KEMENPAREKRAF_040_178,14074646958.6,Belanja Modal,Pengadaan peralatan dan mesin,0
2023-05-13,ACC_BPJS_NA_637,ACC_KEMENPAREKRAF_040_312,10265123928.66,Belanja Pegawai,Pembayaran gaji ke-13,0
2023-12-19,ACC_BPJS_NA_311,ACC_PERT_018_758,49537140522.21,Belanja Barang,Belanja pemeliharaan rutin,0
2023-08-05,ACC_KEMENDAG_090_196,ACC_PPATK_078_201,3462117947.69,Belanja Pembayaran Bunga Utang,Pembayaran bunga SBN,0
2023-12-30,ACC_KEMENKOPUKM_044_341,ACC_PERT_018_329,68342219322.43,Belanja Modal,Pembangunan infrastruktur jalan,1
2023-06-30,ACC_KEU_015_836,ACC_KES_024_842,4896373373.46,Belanja Pegawai,Tunjangan kinerja triwulan,0
2023-02-23,ACC_KOMINFO_059_079,ACC_POLRI_060_783,9538358309.94,Belanja Pegawai,Tunjangan kinerja triwulan,0
2023-04-28,ACC_KEMENHUB_022_368,ACC_KEMENAG_025_106,4069789957.87,Belanja Pegawai,Tunjangan kinerja triwulan,0
2023-12-20,ACC_BPJS_NA_150,ACC_SOS_027_816,78964101120.09,Belanja Modal,Pembayaran termin proyek resmi,0
2023-01-16,ACC_KOMINFO_059_901,ACC_PERT_018_193,20258102414.59,Belanja Barang,Penyewaan jasa kebersihan,0
2023-01-24,ACC_BPK_004_535,ACC_PERT_018_343,7248756400.64,Belanja Subsidi,Subsidi pangan,0
2023-09-15,ACC_KEMENESDM_020_198,ACC_KEMENAG_025_053,23651407384.26,Belanja Barang,Penyewaan jasa kebersihan,0
2023-06-13,ACC_KEMENPERIN_019_604,ACC_BPS_054_535,9243004777.6,Belanja Barang,Belanja internet dan komunikasi,0
2023-07-01,ACC_KEMENESDM_020_867,ACC_KEMENDAG_090_283,14141626742.23,Belanja Pembayaran Bunga Utang,Pembayaran bunga pinjaman luar negeri,0
2023-10-27,ACC_BPS_054_640,ACC_POLRI_060_994,22971573441.25,Belanja Pembayaran Bunga Utang,Pembayaran imbal hasil obligasi,0
2023-10-06,ACC_PPATK_078_713,ACC_BPK_004_385,36945376449.19,Belanja Pembayaran Bunga Utang,Pembayaran bunga SBN,0
2023-10-01,ACC_KEMENESDM_020_482,ACC_BRIN_124_806,84042202762.1,Belanja Barang,Penyewaan jasa kebersihan,0
2023-01-19,ACC_KEMENDAG_090_525,ACC_PERT_018_017,13898925935.19,Belanja Pembayaran Bunga Utang,Pembayaran bunga SBN,0
2023-04-03,ACC_PUPR_033_882,ACC_KES_024_578,5265894553.63,Belanja Lain-lain,Belanja operasi non-rutin,0
2023-03-13,ACC_KEMENHAN_012_846,ACC_PPATK_078_162,17362900363.92,Belanja Pembayaran Bunga Utang,Pembayaran bunga SBN,0
2023-09-11,ACC_KEMENPERIN_019_440,ACC_BPS_054_571,17912939446.43,Belanja Barang,Pengadaan barang operasional,0
2023-04-30,ACC_BRIN_124_975,ACC_BPJS_NA_822,31887068232.43,Belanja Pembayaran Bunga Utang,Pembayaran kupon SUN,0
2023-12-25,ACC_KEU_015_156,ACC_PPATK_078_657,7410733851.2,Belanja Pembayaran Bunga Utang,Pembayaran bunga SBN,0
2023-02-13,ACC_KEMENDAGRI_010_724,ACC_KEMENAG_025_687,27354866008.86,Belanja Subsidi,Subsidi bunga kredit program,0
2023-01-18,ACC_BPJS_NA_284,ACC_BRIN_124_900,18820968123.54,Belanja Subsidi,Subsidi pupuk,0
2023-05-14,ACC_BRIN_124_614,ACC_KES_024_649,10706329998.4,Belanja Pembayaran Bunga Utang,Pembayaran imbal hasil obligasi,0
2023-11-02,ACC_PPATK_078_828,ACC_KEMENDAGRI_010_909,9953259918.82,Belanja Lain-lain,Belanja operasi non-rutin,0
2023-12-16,ACC_KEMENHAN_012_938,ACC_KEMENHAN_012_938,22697903550.7,Belanja Bantuan Sosial,Bantuan program keluarga harapan,1
2023-07-08,ACC_KEMENHAN_012_309,ACC_KEMENPAREKRAF_040_249,17504303163.96,Belanja Pegawai,Honorarium kegiatan resmi,0
2023-05-20,ACC_KEMENPAREKRAF_040_406,ACC_KEMENDAGRI_010_181,151188673891.22,Belanja Pembayaran Bunga Utang,Pembayaran bunga pinjaman luar negeri,0
2023-12-21,ACC_BPK_004_559,ACC_KEMENAG_025_194,61963952238.89,Belanja Modal,Pengadaan peralatan dan mesin,0
2023-08-25,ACC_PUPR_033_280,ACC_BPJS_NA_980,4168869172.22,Belanja Subsidi,Subsidi bunga kredit program,0
2023-10-17,ACC_BPS_054_553,ACC_KEMENKOPUKM_044_424,12140910354.28,Belanja Barang,Belanja pemeliharaan rutin,0
2023-01-01,ACC_KEMENDAGRI_010_926,ACC_KEMENLU_011_171,34522882105.45,Belanja Pembayaran Bunga Utang,Pembayaran kupon SUN,0
2023-09-22,ACC_KEMENKOPUKM_044_777,ACC_KEMENKOPUKM_044_777,23411388733.95,Belanja Bantuan Sosial,Bansos tunai,1
2023-06-21,ACC_PPATK_078_571,ACC_KEMENLU_011_952,2175318339.43,Belanja Lain-lain,Belanja operasi non-rutin,0
2023-08-31,ACC_KEU_015_921,ACC_ESDM_020_477,11973171925.57,Belanja Barang,Penyewaan jasa kebersihan,0
2023-11-11,ACC_KEMENLU_011_285,ACC_KEMENESDM_020_464,19178398641.91,Belanja Subsidi,Subsidi energi,0
2023-05-29,ACC_KEMENLU_011_244,ACC_KEMENHAN_012_313,4786646810.74,Belanja Pegawai,Gaji pegawai bulan berjalan,0
2023-09-19,ACC_BPS_054_231,ACC_BRIN_124_703,19215287463.7,Belanja Bantuan Sosial,Bansos tunai,0
2023-09-22,ACC_ESDM_020_325,ACC_KEMENAG_025_842,6330410360.53,Belanja Lain-lain,Belanja tak terduga,0
2023-12-09,ACC_KOMINFO_059_516,ACC_SOS_027_442,5271893715.67,Belanja Subsidi,Pembayaran subsidi,0
2023-08-15,ACC_KEMENLU_011_523,ACC_KEMENPAREKRAF_040_778,24412727621.29,Belanja Subsidi,Subsidi energi,0
2023-01-13,ACC_POLRI_060_889,ACC_KEMENDAGRI_010_162,17054778281.77,Belanja Modal,Pengadaan peralatan dan mesin,0
2023-12-07,ACC_KEU_015_752,ACC_KEMENPAREKRAF_040_950,7621460231.93,Belanja Lain-lain,Belanja operasi non-rutin,0
2023-08-13,ACC_PERT_018_182,ACC_KEMENDAG_090_297,24090644349.71,Belanja Bantuan Sosial,Bantuan sosial kebencanaan,0
2023-03-17,ACC_POLRI_060_046,ACC_BPK_004_227,6151520519.95,Belanja Barang,Belanja ATK dan operasional kantor,0
2023-08-28,ACC_KEMENPAREKRAF_040_348,ACC_KEMENPERIN_019_141,114659506099.5,Belanja Subsidi,Subsidi pangan,0
2023-09-26,ACC_BPS_054_313,ACC_PERT_018_418,22692908459.41,Belanja Pembayaran Bunga Utang,Pembayaran kupon SUN,0
2023-04-26,ACC_BRIN_124_351,ACC_PUPR_033_161,9945280894.85,Belanja Barang,Penyewaan jasa kebersihan,0
2023-12-17,ACC_SOS_027_057,ACC_KES_024_400,15739839428.85,Belanja Pegawai,Honorarium kegiatan resmi,0
2023-05-14,ACC_BPJS_NA_014,ACC_KEMENPAREKRAF_040_283,6420025392.62,Belanja Pegawai,Pembayaran gaji ke-13,0
2023-12-28,ACC_KEMENDAG_090_218,ACC_ESDM_020_905,5656636708.56,Belanja Pegawai,Tunjangan kinerja triwulan,1
2023-06-17,ACC_KEMENDIKBUD_023_655,ACC_KEMENPAREKRAF_040_489,11290121347.36,Belanja Subsidi,Subsidi energi,0
2023-04-09,ACC_BPS_054_182,ACC_KEMENPAREKRAF_040_169,58738131825.03,Belanja Pembayaran Bunga Utang,Pembayaran bunga SBN,0
2023-04-03,ACC_KEMENDAG_090_629,ACC_KEMENESDM_020_472,13907782138.57,Belanja Pegawai,Tunjangan kinerja triwulan,0
2023-08-20,ACC_KEMENDAGRI_010_251,ACC_KEMENESDM_020_085,32456494483.56,Belanja Barang,Penyewaan jasa kebersihan,0
2023-05-03,ACC_BRIN_124_937,ACC_KEMENPERIN_019_601,9404497423.61,Belanja Barang,Belanja pemeliharaan rutin,0
2023-03-06,ACC_KEMENPERIN_019_566,ACC_SOS_027_952,19334828582.76,Belanja Pegawai,Pembayaran gaji ke-13,0
2023-03-13,ACC_ESDM_020_888,ACC_KEMENDIKBUD_023_474,8895878723.34,Belanja Pegawai,Honorarium kegiatan resmi,0
2023-09-29,ACC_KEMENDAGRI_010_683,ACC_PPATK_078_415,13693205996.58,Belanja Pembayaran Bunga Utang,Pembayaran imbal hasil obligasi,0
2023-03-21,ACC_BPJS_NA_796,ACC_ESDM_020_190,6183956664.18,Belanja Bantuan Sosial,Hibah uang kepada lembaga,1
2023-10-28,ACC_KEMENAG_025_466,ACC_KEMENPAREKRAF_040_365,4429072960.55,Belanja Pembayaran Bunga Utang,Pembayaran bunga SBN,0
2023-01-30,ACC_KEU_015_816,ACC_KEMENKOPUKM_044_480,13728654010.58,Belanja Pegawai,Honorarium kegiatan resmi,0
2023-06-23,ACC_BPS_054_646,ACC_BPK_004_373,18375630988.38,Belanja Bantuan Sosial,Bansos tunai,0
2023-08-07,ACC_KEMENDAGRI_010_007,ACC_BPJS_NA_006,5817447419.79,Belanja Pegawai,Tunjangan kinerja triwulan,0
2023-05-25,ACC_KEMENDAGRI_010_511,ACC_KEMENDAGRI_010_511,223002929624.57,Belanja Subsidi,Subsidi pangan,1
2023-08-08,ACC_POLRI_060_645,ACC_KEMENHUB_022_576,19648764370.33,Belanja Pembayaran Bunga Utang,Pembayaran imbal hasil obligasi,0
2023-02-23,ACC_KEMENAG_025_642,ACC_KEMENDAGRI_010_730,8210429552.49,Belanja Barang,Belanja ATK dan operasional kantor,0
2023-05-20,ACC_ESDM_020_808,ACC_KEMENDAGRI_010_258,11979870300.08,Belanja Lain-lain,Belanja tak terduga,0
2023-10-30,ACC_BPJS_NA_494,ACC_KEMENAG_025_756,21148674789.66,Belanja Subsidi,Subsidi pupuk,0
2023-07-22,ACC_BPK_004_408,ACC_KEMENPAREKRAF_040_210,11152690800.87,Belanja Barang,Belanja internet dan komunikasi,0
2023-02-18,ACC_KEMENPAREKRAF_040_368,ACC_KEU_015_239,8679839720.24,Belanja Modal,Pembangunan/rehabilitasi gedung,0
2023-12-16,ACC_KEMENDIKBUD_023_431,ACC_SOS_027_280,7348319553.44,Belanja Pegawai,Pembayaran THR,0
2023-10-24,ACC_ESDM_020_669,ACC_KEMENPERIN_019_710,39830650534.81,Belanja Subsidi,Subsidi bunga kredit program,0
2023-10-14,ACC_KES_024_493,ACC_KEMENDIKBUD_023_917,26771558721.97,Belanja Bantuan Sosial,Bantuan program keluarga harapan,0
2023-03-18,ACC_KEMENKOPUKM_044_738,ACC_KEMENPERIN_019_131,34594755454.12,Belanja Pegawai,Honorarium kegiatan resmi,0
2023-03-31,ACC_KES_024_498,ACC_KEMENKOPUKM_044_629,25602010478.3,Belanja Pembayaran Bunga Utang,Pembayaran kupon SUN,0
2023-08-15,ACC_KOMINFO_059_472,ACC_POLRI_060_756,7866288628.09,Belanja Pegawai,Tunjangan kinerja triwulan,0
2023-02-24,ACC_KEMENHAN_012_037,ACC_PUPR_033_900,2567101922.44,Belanja Barang,Belanja pemeliharaan rutin,0
2023-08-25,ACC_BPK_004_805,ACC_KEMENESDM_020_716,16030967073.61,Belanja Barang,Pengadaan barang operasional,0
2023-01-07,ACC_KEMENDAGRI_010_732,ACC_KEMENHAN_012_823,8071445081.45,Belanja Lain-lain,Belanja operasi non-rutin,0
2023-08-30,ACC_KEMENHUB_022_114,ACC_ESDM_020_679,29198339182.76,Belanja Subsidi,Subsidi bunga kredit program,0
2023-03-25,ACC_KEMENDAGRI_010_212,ACC_KEMENPAREKRAF_040_779,22237718327.72,Belanja Modal,Pembangunan/rehabilitasi gedung,0
2023-11-08,ACC_KEMENPERIN_019_694,ACC_KEMENHUB_022_159,12121980771.64,Belanja Pembayaran Bunga Utang,Pembayaran bunga pinjaman luar negeri,0
2023-11-05,ACC_KEMENESDM_020_982,ACC_KOMINFO_059_246,19347843901.21,Belanja Pembayaran Bunga Utang,Pembayaran bunga SBN,0
2023-10-27,ACC_KEMENDAG_090_989,ACC_PPATK_078_901,6152989786.91,Belanja Subsidi,Pembayaran subsidi,0
2023-12-28,ACC_PPATK_078_486,ACC_KOMINFO_059_949,8083615839.42,Belanja Modal,Pembangunan infrastruktur jalan,0
2023-12-31,ACC_KEMENDIKBUD_023_694,ACC_KEMENDAG_090_340,22744737332.39,Belanja Barang,Belanja ATK dan operasional kantor,0
2023-08-06,ACC_KEMENLU_011_163,ACC_BPS_054_558,33172544174.14,Belanja Pembayaran Bunga Utang,Pembayaran bunga SBN,0
2023-09-08,ACC_KEMENDAG_090_965,ACC_POLRI_060_191,6921780539.71,Belanja Pembayaran Bunga Utang,Pembayaran bunga pinjaman luar negeri,0
2023-09-08,ACC_ESDM_020_775,ACC_KEMENDAG_090_885,10418336292.99,Belanja Barang,Pengadaan barang operasional,0
2023-10-19,ACC_KEU_015_029,ACC_KEMENESDM_020_651,178272472649.61,Belanja Subsidi,Subsidi pangan,0
2023-03-26,ACC_KES_024_586,ACC_KEMENHAN_012_763,9640342043.83,Belanja Modal,Pengadaan aset TIK,0
2023-02-22,ACC_ESDM_020_233,ACC_KEMENKOPUKM_044_807,16879567421.35,Belanja Pembayaran Bunga Utang,Pembayaran kupon SUN,0
2023-06-11,ACC_KEMENHUB_022_549,ACC_PERT_018_937,11165967366.54,Belanja Subsidi,Subsidi pupuk,0
2023-06-02,ACC_KEMENKOPUKM_044_106,ACC_KEMENDAGRI_010_553,11677653663.11,Belanja Modal,Pembayaran termin proyek resmi,0
2023-07-30,ACC_POLRI_060_202,ACC_KEMENKOPUKM_044_433,4713565410.8,Belanja Pegawai,Honorarium kegiatan resmi,0
2023-08-31,ACC_KOMINFO_059_051,ACC_BPJS_NA_495,17231029364.26,Belanja Modal,Pembangunan infrastruktur jalan,0
2023-09-30,ACC_KEMENKOPUKM_044_458,ACC_KEMENDAG_090_120,11915799049.47,Belanja Pegawai,Tunjangan kinerja triwulan,0
2023-01-11,ACC_KEMENAG_025_908,ACC_ESDM_020_424,9874097244.34,Belanja Modal,Pembangunan/rehabilitasi gedung,0
2023-02-25,ACC_KEU_015_008,ACC_SOS_027_984,32041167513.91,Belanja Subsidi,Pembayaran subsidi,0
2023-09-30,ACC_KEMENDAGRI_010_941,ACC_KEMENHUB_022_901,12595400643.99,Belanja Barang,Belanja pemeliharaan rutin,0
2023-07-31,ACC_KEMENHAN_012_634,ACC_ESDM_020_114,117766790456.19,Belanja Modal,Pembangunan/rehabilitasi gedung,0
2023-05-13,ACC_PPATK_078_920,ACC_KEMENLU_011_703,17621656525.15,Belanja Barang,Belanja internet dan komunikasi,0
2023-12-30,ACC_KEU_015_601,ACC_KEMENESDM_020_092,4432556990.73,Belanja Pegawai,Pembayaran THR,0
2023-01-27,ACC_KEMENESDM_020_817,ACC_KEMENDAGRI_010_434,19350169986.63,Belanja Pegawai,Pembayaran THR,0
2023-08-14,ACC_PERT_018_324,ACC_KEMENDAGRI_010_867,102909252806.45,Belanja Subsidi,Subsidi pupuk,0
2023-12-28,ACC_PUPR_033_921,ACC_KEMENESDM_020_289,11307496072.29,Belanja Pembayaran Bunga Utang,Pembayaran imbal hasil obligasi,0
2023-12-14,ACC_KEMENDAGRI_010_892,ACC_KEMENAG_025_756,17880779835.45,Belanja Modal,Pembangunan infrastruktur jalan,0
2023-05-31,ACC_PUPR_033_477,ACC_KEMENDIKBUD_023_970,19290331744.12,Belanja Bantuan Sosial,Transfer bantuan sosial,0
2023-11-27,ACC_PPATK_078_925,ACC_BPJS_NA_830,4610067113.27,Belanja Bantuan Sosial,Bansos tunai,0
2023-02-10,ACC_KEMENPAREKRAF_040_106,ACC_KES_024_586,12761375501.98,Belanja Barang,Pengadaan barang operasional,0
2023-05-02,ACC_ESDM_020_947,ACC_SOS_027_715,16956208383.04,Belanja Modal,Pembangunan infrastruktur jalan,0
2023-10-30,ACC_PERT_018_526,ACC_BPJS_NA_579,20061067319.84,Belanja Bantuan Sosial,Bansos tunai,0
2023-08-30,ACC_KES_024_160,ACC_KEMENHAN_012_464,4752522960.18,Belanja Modal,Pembangunan/rehabilitasi gedung,0
2023-05-23,ACC_KEMENDAGRI_010_865,ACC_KES_024_167,44592332262.95,Belanja Barang,Belanja pemeliharaan rutin,0
2023-11-23,ACC_KEMENDAGRI_010_865,ACC_KES_024_529,85551168240.18,Belanja Pembayaran Bunga Utang,Pembayaran kupon SUN,0
2023-02-20,ACC_KEMENLU_011_882,ACC_KEMENHUB_022_350,11468925296.46,Belanja Pembayaran Bunga Utang,Pembayaran bunga SBN,0
2023-07-02,ACC_KEMENDIKBUD_023_361,ACC_BPS_054_355,13047348913.24,Belanja Modal,Pengadaan aset TIK,0
2023-08-17,ACC_BPJS_NA_072,ACC_ESDM_020_403,20584044347.84,Belanja Pembayaran Bunga Utang,Pembayaran bunga SBN,0
2023-08-31,ACC_KOMINFO_059_367,ACC_KEMENKOPUKM_044_826,8837409553.33,Belanja Lain-lain,Belanja tak terduga,0
2023-04-20,ACC_SOS_027_052,ACC_POLRI_060_939,5830330373.47,Belanja Pegawai,Tunjangan kinerja triwulan,0
2023-09-16,ACC_BPK_004_324,ACC_PUPR_033_651,7451663376.39,Belanja Barang,Belanja internet dan komunikasi,0
2023-08-15,ACC_KEU_015_065,ACC_PUPR_033_163,25905740570.62,Belanja Modal,Pengadaan peralatan dan mesin,0
2023-02-08,ACC_KEMENPAREKRAF_040_665,ACC_PUPR_033_320,45161659597.75,Belanja Subsidi,Pembayaran subsidi,0
2023-07-19,ACC_BPK_004_438,ACC_ESDM_020_610,11035257948.6,Belanja Pegawai,Tunjangan kinerja triwulan,0
2023-06-13,ACC_KEMENDIKBUD_023_113,ACC_KEMENDAGRI_010_615,13037372234.63,Belanja Pegawai,Honorarium kegiatan resmi,0
2023-05-28,ACC_KEMENLU_011_998,ACC_KEMENESDM_020_129,22551980364.97,Belanja Pembayaran Bunga Utang,Pembayaran kupon SUN,0
2023-10-11,ACC_KEU_015_199,ACC_KEMENDIKBUD_023_747,4455551357.06,Belanja Subsidi,Subsidi bunga kredit program,0
2023-07-28,ACC_KEMENPAREKRAF_040_245,ACC_KEU_015_288,21779458986.66,Belanja Pegawai,Pembayaran THR,0
2023-06-02,ACC_KEMENHUB_022_491,ACC_KES_024_435,27177563453.81,Belanja Subsidi,Pembayaran subsidi,0
2023-10-04,ACC_KOMINFO_059_594,ACC_KEMENAG_025_221,22599221912.55,Belanja Modal,Pembayaran termin proyek resmi,0
2023-04-21,ACC_KOMINFO_059_092,ACC_BPK_004_524,44351212952.78,Belanja Pembayaran Bunga Utang,Pembayaran kupon SUN,0
2023-08-08,ACC_KEU_015_348,ACC_KEMENHAN_012_237,7840075584.46,Belanja Subsidi,Pembayaran subsidi,0
2023-07-02,ACC_KEMENAG_025_508,ACC_KEMENHAN_012_198,21506500347.69,Belanja Barang,Belanja internet dan komunikasi,0
2023-01-03,ACC_PERT_018_006,ACC_KEMENLU_011_304,12704821429.01,Belanja Pembayaran Bunga Utang,Pembayaran bunga pinjaman luar negeri,0
2023-01-13,ACC_ESDM_020_036,ACC_KEMENHUB_022_975,7431732372.87,Belanja Bantuan Sosial,Transfer bantuan sosial,0
2023-01-19,ACC_KEMENESDM_020_035,ACC_PPATK_078_363,5547403685.48,Belanja Subsidi,Subsidi pupuk,0
2023-01-06,ACC_KEMENDAG_090_467,ACC_POLRI_060_897,26692633973.65,Belanja Modal,Pembangunan infrastruktur jalan,0
2023-10-09,ACC_KEMENHAN_012_501,ACC_KEMENDIKBUD_023_241,2339128421.46,Belanja Pegawai,Pembayaran THR,0
2023-10-21,ACC_PERT_018_922,ACC_KOMINFO_059_739,8511768577.64,Belanja Lain-lain,Cadangan risiko fiskal,0
2023-11-12,ACC_KEMENDAGRI_010_758,ACC_KOMINFO_059_090,10717350336.08,Belanja Pegawai,Honorarium kegiatan resmi,0
2023-09-23,ACC_POLRI_060_908,ACC_KEMENLU_011_609,40429186881.57,Belanja Pembayaran Bunga Utang,Pembayaran bunga SBN,0
2023-05-20,ACC_KEMENESDM_020_851,ACC_KEMENDAG_090_508,6920255425.35,Belanja Lain-lain,Belanja operasi non-rutin,0
2023-06-17,ACC_KEU_015_074,ACC_KEMENKOPUKM_044_074,46435436212.31,Belanja Barang,Belanja internet dan komunikasi,0
2023-10-26,ACC_KEMENESDM_020_339,ACC_BRIN_124_389,8409871182.97,Belanja Subsidi,Subsidi pupuk,0
2023-04-14,ACC_KEMENLU_011_802,ACC_KOMINFO_059_962,29431938885.39,Belanja Modal,Pengadaan peralatan dan mesin,0
2023-06-23,ACC_SOS_027_674,ACC_PUPR_033_959,1576216411.39,Belanja Pegawai,Pembayaran THR,0
2023-03-24,ACC_SOS_027_897,ACC_PPATK_078_932,4816284436.5,Belanja Subsidi,Subsidi energi,0
2023-12-28,ACC_KOMINFO_059_526,ACC_KEMENAG_025_592,7421327574.26,Belanja Barang,Penyewaan jasa kebersihan,1
2023-06-09,ACC_BPJS_NA_178,ACC_BRIN_124_667,12353321756.5,Belanja Pegawai,Tunjangan kinerja triwulan,0
2023-03-15,ACC_KEMENAG_025_239,ACC_KEMENDAG_090_129,130274123842.17,Belanja Pembayaran Bunga Utang,Pembayaran imbal hasil obligasi,0
2023-05-18,ACC_KEMENKOPUKM_044_455,ACC_PUPR_033_615,43387298214.26459,Belanja Pegawai,Tunjangan kinerja triwulan,1
2023-08-25,ACC_KEMENAG_025_734,ACC_POLRI_060_680,13576380731.82,Belanja Bantuan Sosial,Bansos tunai,0
2023-11-14,ACC_KEMENDIKBUD_023_999,ACC_KEU_015_507,11246480561.52,Belanja Pembayaran Bunga Utang,Pembayaran imbal hasil obligasi,0
2023-11-29,ACC_KEU_015_360,ACC_KOMINFO_059_241,28025392769.49,Belanja Pegawai,Tunjangan kinerja triwulan,0
2023-02-18,ACC_KEMENDAGRI_010_755,ACC_KOMINFO_059_016,10018028831.67,Belanja Modal,Pengadaan aset TIK,0
2023-04-24,ACC_PPATK_078_845,ACC_KEMENLU_011_759,11836724010.81,Belanja Lain-lain,Cadangan risiko fiskal,0
2023-07-27,ACC_KEMENKOPUKM_044_312,ACC_KEMENLU_011_944,24408204185.57,Belanja Subsidi,Subsidi pupuk,0
2023-02-28,ACC_PERT_018_156,ACC_KEMENPAREKRAF_040_634,4425380373.24,Belanja Barang,Belanja pemeliharaan rutin,0
2023-11-18,ACC_KEMENHUB_022_435,ACC_KEMENPERIN_019_574,16581218587.44,Belanja Subsidi,Subsidi bunga kredit program,0
2023-07-09,ACC_BRIN_124_746,ACC_BPK_004_015,45043633903.66,Belanja Bantuan Sosial,Transfer bantuan sosial,0
2023-10-07,ACC_KEMENPERIN_019_937,ACC_SOS_027_959,7625505362.85,Belanja Barang,Pengadaan barang operasional,0
2023-09-04,ACC_KEU_015_264,ACC_KEMENPERIN_019_206,15935354161.06,Belanja Barang,Pengadaan barang operasional,0
2023-12-30,ACC_KEU_015_763,ACC_POLRI_060_750,16037061387.03,Belanja Modal,Pembayaran termin proyek resmi,0
2023-03-07,ACC_KEMENDAG_090_848,ACC_KEMENKOPUKM_044_965,17276893079.46,Belanja Lain-lain,Belanja operasi non-rutin,0
2023-05-27,ACC_PPATK_078_406,ACC_KEMENAG_025_183,8111469208.37,Belanja Pegawai,Tunjangan kinerja triwulan,0
2023-07-07,ACC_SOS_027_399,ACC_PUPR_033_337,21347988089.16,Belanja Barang,Penyewaan jasa kebersihan,0
2023-02-15,ACC_KOMINFO_059_413,ACC_KEMENESDM_020_580,21647953182.89,Belanja Pembayaran Bunga Utang,Pembayaran bunga pinjaman luar negeri,0
2023-11-29,ACC_BPS_054_020,ACC_PPATK_078_623,7119288820.43,Belanja Pegawai,Honorarium kegiatan resmi,0
2023-08-17,ACC_KES_024_524,ACC_POLRI_060_217,24665355508.44,Belanja Subsidi,Subsidi pangan,0
2023-03-27,ACC_KEMENESDM_020_188,ACC_KEU_015_305,24655196061.83,Belanja Subsidi,Subsidi bunga kredit program,0
2023-03-21,ACC_PUPR_033_186,ACC_SOS_027_005,17487020604.41,Belanja Barang,Penyewaan jasa kebersihan,0
2023-01-02,ACC_ESDM_020_217,ACC_POLRI_060_537,10966791351.28,Belanja Subsidi,Subsidi pangan,0
2023-11-20,ACC_KOMINFO_059_499,ACC_SOS_027_581,19386550361.67,Belanja Modal,Pembayaran termin proyek resmi,0
2023-03-23,ACC_KEMENPAREKRAF_040_004,ACC_PERT_018_627,10044922747.74,Belanja Modal,Pembayaran termin proyek resmi,0
2023-05-17,ACC_SOS_027_799,ACC_KES_024_901,30108082360.97,Belanja Lain-lain,Belanja tak terduga,0
2023-09-03,ACC_KEMENKOPUKM_044_798,ACC_KEMENAG_025_794,28824135279.25,Belanja Pembayaran Bunga Utang,Pembayaran imbal hasil obligasi,0
2023-02-19,ACC_POLRI_060_655,ACC_KEU_015_564,21343223193.28,Belanja Pembayaran Bunga Utang,Pembayaran kupon SUN,0
2023-04-21,ACC_KES_024_487,ACC_PPATK_078_089,8472332580.52,Belanja Barang,Belanja ATK dan operasional kantor,0
2023-08-27,ACC_KOMINFO_059_072,ACC_KES_024_822,10923917534.01,Belanja Subsidi,Subsidi pangan,0
2023-04-08,ACC_BRIN_124_930,ACC_KEMENLU_011_868,54699767821.32,Belanja Barang,Pengadaan barang operasional,0
2023-08-10,ACC_PUPR_033_631,ACC_KEMENPAREKRAF_040_182,5016473239.45,Belanja Modal,Pengadaan aset TIK,0
2023-10-02,ACC_KEMENKOPUKM_044_492,ACC_BPS_054_336,6845785242.01,Belanja Barang,Belanja ATK dan operasional kantor,0
2023-05-01,ACC_KEU_015_289,ACC_KEMENAG_025_362,10899474817.76,Belanja Barang,Pengadaan barang operasional,0
2023-06-20,ACC_BRIN_124_998,ACC_KES_024_962,15068271428.47,Belanja Modal,Pembangunan/rehabilitasi gedung,0
2023-04-28,ACC_BPJS_NA_227,ACC_KEMENDAG_090_891,30148617230.08,Belanja Barang,Belanja pemeliharaan rutin,0
2023-01-12,ACC_KOMINFO_059_122,ACC_POLRI_060_547,20784538756.15,Belanja Barang,Pengadaan barang operasional,0
2023-03-08,ACC_BRIN_124_482,ACC_POLRI_060_550,3491157008.64,Belanja Lain-lain,Belanja tak terduga,0
2023-10-28,ACC_BPK_004_729,ACC_BPJS_NA_200,29831121176.43,Belanja Barang,Belanja pemeliharaan rutin,0
2023-12-18,ACC_KEU_015_754,ACC_KEMENESDM_020_013,24954584922.9,Belanja Modal,Pembayaran termin proyek resmi,0
2023-10-27,ACC_KEMENAG_025_544,ACC_BPS_054_250,135938862896.67,Belanja Pembayaran Bunga Utang,Pembayaran kupon SUN,0
2023-07-01,ACC_BPK_004_852,ACC_BPJS_NA_974,24082369384.2,Belanja Barang,Pengadaan barang operasional,0
2023-12-10,ACC_KEMENDAG_090_998,ACC_KEMENHAN_012_874,4204119294.59,Belanja Subsidi,Pembayaran subsidi,0
2023-11-10,ACC_KEMENPERIN_019_169,ACC_KEMENHAN_012_520,19367584661.58,Belanja Barang,Belanja pemeliharaan rutin,0
2023-11-11,ACC_KEMENPAREKRAF_040_542,ACC_KEMENHUB_022_613,11461365920.03,Belanja Lain-lain,Belanja tak terduga,0
2023-12-15,ACC_KEMENHAN_012_953,ACC_BRIN_124_063,16087412403.19,Belanja Pembayaran Bunga Utang,Pembayaran imbal hasil obligasi,0
2023-08-20,ACC_PPATK_078_878,ACC_KEMENHUB_022_613,11908168883.71,Belanja Barang,Belanja internet dan komunikasi,0
2023-12-23,ACC_ESDM_020_419,ACC_KEMENDAGRI_010_959,3588399971.82,Belanja Barang,Penyewaan jasa kebersihan,0
2023-04-28,ACC_BPS_054_854,ACC_PERT_018_494,16905143893.26,Belanja Bantuan Sosial,Bantuan sosial kebencanaan,0
2023-12-29,ACC_KEMENLU_011_225,ACC_KEMENHAN_012_987,8416795574.4,Belanja Pegawai,Pembayaran THR,0
2023-11-19,ACC_KEMENHAN_012_108,ACC_KEMENDAG_090_812,61957254226.84,Belanja Pembayaran Bunga Utang,Pembayaran bunga pinjaman luar negeri,0
2023-01-07,ACC_BRIN_124_128,ACC_KEMENPAREKRAF_040_353,39873508808.99,Belanja Pembayaran Bunga Utang,Pembayaran kupon SUN,0
2023-04-16,ACC_KEMENHAN_012_595,ACC_BPS_054_804,8843006297.6,Belanja Lain-lain,Belanja lainnya sesuai ketentuan,0
2023-07-22,ACC_KEMENPERIN_019_041,ACC_POLRI_060_717,18476687851.37,Belanja Pembayaran Bunga Utang,Pembayaran bunga pinjaman luar negeri,0
2023-02-02,ACC_KEMENDAGRI_010_200,ACC_KEMENHAN_012_119,20563435946.12,Belanja Pembayaran Bunga Utang,Pembayaran kupon SUN,0
2023-04-28,ACC_KEMENKOPUKM_044_688,ACC_KEMENHUB_022_964,12693656878.28,Belanja Lain-lain,Belanja tak terduga,0
2023-05-10,ACC_PUPR_033_845,ACC_KEMENDAGRI_010_272,15272227831.9,Belanja Lain-lain,Belanja tak terduga,0
2023-01-08,ACC_KEMENPERIN_019_403,ACC_KEMENDAGRI_010_928,6436659842.75,Belanja Pegawai,Pembayaran gaji ke-13,0
2023-01-25,ACC_KEMENESDM_020_053,ACC_PPATK_078_247,19021278475.69,Belanja Subsidi,Subsidi energi,0
2023-02-02,ACC_KEMENAG_025_799,ACC_ESDM_020_548,21172008712.51,Belanja Subsidi,Subsidi energi,0
2023-02-13,ACC_BPJS_NA_304,ACC_KEMENLU_011_670,24932442327.17,Belanja Bantuan Sosial,Transfer bantuan sosial,0
2023-08-09,ACC_BPS_054_400,ACC_SOS_027_742,11925791400.5,Belanja Bantuan Sosial,Bantuan sosial kebencanaan,0
2023-08-14,ACC_KEMENHUB_022_225,ACC_PUPR_033_143,9190958486.81,Belanja Pegawai,Pembayaran gaji ke-13,0
2023-05-05,ACC_SOS_027_212,ACC_KEMENAG_025_934,49222618647.07,Belanja Lain-lain,Belanja lainnya sesuai ketentuan,0
2023-10-27,ACC_POLRI_060_119,ACC_KEMENHUB_022_046,8843456290.17,Belanja Subsidi,Subsidi energi,0
2023-12-18,ACC_PPATK_078_013,ACC_BPK_004_637,14413997624.59,Belanja Lain-lain,Cadangan risiko fiskal,0
2023-06-18,ACC_KEMENPAREKRAF_040_395,ACC_SOS_027_933,15906667044.36,Belanja Pegawai,Honorarium kegiatan resmi,0
2023-10-01,ACC_PPATK_078_861,ACC_KEMENHAN_012_207,36841917182.66,Belanja Modal,Pembangunan infrastruktur jalan,0
2023-06-10,ACC_KEMENLU_011_978,ACC_KEMENDIKBUD_023_383,49624701631.57,Belanja Modal,Pengadaan aset TIK,0
2023-10-15,ACC_BPK_004_618,ACC_KEMENAG_025_534,5942157472.71,Belanja Modal,Pembangunan/rehabilitasi gedung,0
2023-02-27,ACC_PPATK_078_931,ACC_BPS_054_237,8150986279.37,Belanja Modal,Pembayaran termin proyek resmi,0
2023-07-08,ACC_BPK_004_754,ACC_KEMENESDM_020_575,12239570834.87,Belanja Lain-lain,Belanja operasi non-rutin,0
2023-08-17,ACC_ESDM_020_223,ACC_BPJS_NA_099,16954797679.7,Belanja Pembayaran Bunga Utang,Pembayaran bunga pinjaman luar negeri,0
2023-09-30,ACC_BPJS_NA_399,ACC_KEU_015_517,20952318424.74,Belanja Barang,Belanja internet dan komunikasi,0
2023-02-08,ACC_SOS_027_451,ACC_KEMENPAREKRAF_040_951,86127900575.68,Belanja Modal,Pengadaan peralatan dan mesin,0
2023-07-22,ACC_KES_024_094,ACC_BPJS_NA_486,12992259629.75,Belanja Pegawai,Honorarium kegiatan resmi,0
2023-07-06,ACC_BPK_004_485,ACC_KEMENLU_011_665,5077848209.46,Belanja Pegawai,Honorarium kegiatan resmi,0
2023-05-29,ACC_KOMINFO_059_732,ACC_KEMENHUB_022_192,20508197958.81,Belanja Barang,Pengadaan barang operasional,0
2023-08-03,ACC_KOMINFO_059_007,ACC_KEU_015_696,4822848192.8,Belanja Pegawai,Gaji pegawai bulan berjalan,0
2023-02-15,ACC_KEU_015_393,ACC_KEMENDAG_090_954,5220718503.97,Belanja Pembayaran Bunga Utang,Pembayaran bunga SBN,0
2023-11-05,ACC_KOMINFO_059_708,ACC_PERT_018_433,18522847396.61,Belanja Barang,Pengadaan barang operasional,0
2023-02-17,ACC_KES_024_891,ACC_POLRI_060_082,14019700870.16,Belanja Subsidi,Subsidi pangan,0
2023-12-21,ACC_SOS_027_189,ACC_BPS_054_988,44899095348.73,Belanja Modal,Pembangunan/rehabilitasi gedung,0
2023-10-13,ACC_BRIN_124_790,ACC_KEMENLU_011_657,20668276358.84,Belanja Barang,Pengadaan barang operasional,0
2023-05-15,ACC_BPJS_NA_535,ACC_BPJS_NA_535,13726376238.58,Belanja Pembayaran Bunga Utang,Pembayaran imbal hasil obligasi,1
2023-01-08,ACC_KEMENDAGRI_010_613,ACC_KEMENLU_011_261,12356134581.82,Belanja Pegawai,Honorarium kegiatan resmi,0
2023-08-28,ACC_KOMINFO_059_524,ACC_KEMENDAG_090_815,13748296528.83,Belanja Barang,Belanja pemeliharaan rutin,0
2023-10-09,ACC_KEMENPERIN_019_358,ACC_KEMENAG_025_376,12719482660.1,Belanja Barang,Belanja pemeliharaan rutin,0
2023-10-15,ACC_KEMENESDM_020_062,ACC_KEMENPERIN_019_883,12509800924.37,Belanja Modal,Pembangunan infrastruktur jalan,0
2023-01-30,ACC_PUPR_033_909,ACC_BRIN_124_936,12071038760.44,Belanja Barang,Belanja pemeliharaan rutin,0
2023-11-11,ACC_PUPR_033_028,ACC_KEMENPAREKRAF_040_122,6559565302.58,Belanja Barang,Penyewaan jasa kebersihan,0
2023-06-20,ACC_KEMENHAN_012_443,ACC_KEU_015_272,42487167712.68,Belanja Subsidi,Subsidi bunga kredit program,0
2023-01-19,ACC_BPJS_NA_852,ACC_KEMENPAREKRAF_040_605,68616106887.33,Belanja Subsidi,Subsidi pangan,0
2023-06-28,ACC_KEMENHUB_022_909,ACC_SOS_027_191,6740728470.7,Belanja Lain-lain,Belanja operasi non-rutin,0
2023-07-06,ACC_BPJS_NA_295,ACC_KEMENAG_025_579,4601103164.8,Belanja Pegawai,Pembayaran gaji ke-13,0
2023-07-08,ACC_KEMENHAN_012_562,ACC_BRIN_124_309,15855208774.83,Belanja Barang,Belanja pemeliharaan rutin,0
2023-11-26,ACC_KEU_015_351,ACC_KEMENLU_011_843,12464512220.34,Belanja Subsidi,Pembayaran subsidi,0
2023-07-19,ACC_KEMENPAREKRAF_040_884,ACC_KES_024_508,2827961788.67,Belanja Lain-lain,Belanja operasi non-rutin,0
2023-04-15,ACC_POLRI_060_469,ACC_KEMENHUB_022_837,41696084112.38,Belanja Pembayaran Bunga Utang,Pembayaran bunga SBN,0
2023-05-22,ACC_KES_024_911,ACC_BPK_004_902,9518317163.99,Belanja Modal,Pembayaran termin proyek resmi,0
2023-07-10,ACC_KEMENKOPUKM_044_652,ACC_KEMENLU_011_297,61538044146.05,Belanja Modal,Pembangunan/rehabilitasi gedung,0
2023-03-17,ACC_BPK_004_621,ACC_KEMENPERIN_019_631,452915095524.5,Belanja Subsidi,Subsidi pangan,0
2023-05-17,ACC_PUPR_033_277,ACC_KEMENDAGRI_010_255,29104320322.14,Belanja Barang,Penyewaan jasa kebersihan,0
2023-06-14,ACC_KEMENHUB_022_029,ACC_BPJS_NA_467,21275932645.24,Belanja Bantuan Sosial,Bantuan program keluarga harapan,0
2023-03-09,ACC_KOMINFO_059_131,ACC_KEMENPERIN_019_877,93175706312.28,Belanja Pembayaran Bunga Utang,Pembayaran kupon SUN,0
2023-10-15,ACC_SOS_027_687,ACC_SOS_027_687,14815062520.41,Belanja Barang,Belanja ATK dan operasional kantor,1
2023-10-12,ACC_KEMENAG_025_823,ACC_BRIN_124_564,18829639574.04,Belanja Modal,Pembayaran termin proyek resmi,0
2023-02-04,ACC_KEMENDIKBUD_023_048,ACC_KEMENKOPUKM_044_745,13424303744.33,Belanja Barang,Pengadaan barang operasional,0
2023-01-21,ACC_KEMENDIKBUD_023_897,ACC_PERT_018_620,32312208626.75,Belanja Modal,Pengadaan aset TIK,0
2023-08-19,ACC_POLRI_060_994,ACC_BPJS_NA_082,6882869675.33,Belanja Bantuan Sosial,Bantuan sosial kebencanaan,0
2023-08-29,ACC_KEMENLU_011_690,ACC_KEMENHUB_022_594,4654382433.71,Belanja Pegawai,Gaji pegawai bulan berjalan,0
2023-05-23,ACC_POLRI_060_826,ACC_KEMENAG_025_791,8160437323.18,Belanja Lain-lain,Belanja lainnya sesuai ketentuan,0
2023-03-16,ACC_BPJS_NA_478,ACC_KEMENDIKBUD_023_498,16279565824.71,Belanja Pegawai,Pembayaran THR,0
2023-08-19,ACC_PERT_018_449,ACC_KEMENKOPUKM_044_588,72031844561.89,Belanja Subsidi,Subsidi bunga kredit program,0
2023-12-18,ACC_PERT_018_108,ACC_PUPR_033_355,16223860959.72,Belanja Modal,Pembangunan/rehabilitasi gedung,0
2023-12-22,ACC_KEMENPERIN_019_091,ACC_KEMENDAGRI_010_044,14126442613.47,Belanja Modal,Pengadaan aset TIK,0
2023-08-22,ACC_SOS_027_698,ACC_BRIN_124_311,42865429670.95,Belanja Pembayaran Bunga Utang,Pembayaran bunga pinjaman luar negeri,0
2023-03-04,ACC_KES_024_103,ACC_KOMINFO_059_500,9650445618.46,Belanja Modal,Pengadaan aset TIK,0
2023-04-18,ACC_KEMENPAREKRAF_040_508,ACC_BPK_004_345,15094129889.5,Belanja Modal,Pembayaran termin proyek resmi,0
2023-09-23,ACC_KEMENLU_011_855,ACC_PPATK_078_209,44492796877.5,Belanja Subsidi,Subsidi energi,0
2023-07-07,ACC_KEMENLU_011_346,ACC_PUPR_033_352,10395662476.3,Belanja Bantuan Sosial,Bantuan pangan nontunai,0
2023-02-16,ACC_PERT_018_077,ACC_BPK_004_343,26121098488.33,Belanja Pembayaran Bunga Utang,Pembayaran imbal hasil obligasi,0
2023-12-17,ACC_BRIN_124_188,ACC_KEMENAG_025_527,17661050981.62,Belanja Pembayaran Bunga Utang,Pembayaran kupon SUN,0
2023-08-04,ACC_BPK_004_158,ACC_BPJS_NA_926,9695503323.58,Belanja Lain-lain,Belanja operasi non-rutin,0
2023-09-22,ACC_BPJS_NA_886,ACC_SOS_027_751,7556234594.41,Belanja Pembayaran Bunga Utang,Pembayaran bunga SBN,0
2023-07-17,ACC_PERT_018_897,ACC_ESDM_020_214,8262298887.75,Belanja Barang,Belanja ATK dan operasional kantor,0
2023-05-10,ACC_PPATK_078_693,ACC_KEMENPERIN_019_991,48447682147.21,Belanja Subsidi,Subsidi pupuk,0
2023-11-27,ACC_KEU_015_801,ACC_KEMENKOPUKM_044_466,12301266728.05,Belanja Barang,Belanja pemeliharaan rutin,0
2023-07-18,ACC_KEMENHAN_012_322,ACC_BPJS_NA_549,29692686657.55,Belanja Bantuan Sosial,Bantuan program keluarga harapan,0
2023-08-09,ACC_KEU_015_876,ACC_BPJS_NA_391,13964551969.18,Belanja Pembayaran Bunga Utang,Pembayaran imbal hasil obligasi,0
2023-08-13,ACC_KEMENESDM_020_871,ACC_KEMENHUB_022_035,26608925701.69,Belanja Barang,Pengadaan barang operasional,0
2023-08-12,ACC_BPS_054_643,ACC_KEMENPAREKRAF_040_886,12061027203.41,Belanja Subsidi,Pembayaran subsidi,0
